0,-0.0014733,0.00048682,-0.0011528
0.01,-0.21901,0.21072,-0.30945
0.02,-0.42048,0.38787,-0.57679
0.03,-0.58818,0.52188,-0.77086
0.04,-0.70974,0.60786,-0.86813
0.05,-0.77937,0.64586,-0.85675
0.06,-0.7983,0.64017,-0.73814
0.07,-0.77421,0.59817,-0.5268
0.08,-0.71991,0.52905,-0.24868
0.09,-0.65129,0.4424,0.062033
0.1,-0.58496,0.34718,0.36702
0.11,-0.5358,0.25082,0.62853
0.12,-0.51481,0.15885,0.81405
0.13,-0.52749,0.074875,0.90025
0.14,-0.57303,0.00092931,0.87588
0.15,-0.64444,-0.061953,0.74315
0.16,-0.72945,-0.11306,0.51745
0.17,-0.81229,-0.15138,0.2254
0.18,-0.87596,-0.17522,-0.098414
0.19,-0.90473,-0.18203,-0.41575
0.2,-0.88653,-0.16864,-0.68941
0.21,-0.81489,-0.13182,-0.88788
0.22,-0.69021,-0.068958,-0.98909
0.23,-0.5201,0.021012,-0.98319
0.24,-0.31875,0.13684,-0.8736
0.25,-0.10535,0.27439,-0.67651
0.26,0.098093,0.42638,-0.4188
0.27,0.26957,0.58262,-0.13453
0.28,0.38985,0.7307,0.13931
0.29,0.44507,0.85711,0.3675
0.3,0.42873,0.94871,0.52093
0.31,0.34279,0.99428,0.58027
0.32,0.19774,0.98606,0.53828
0.33,0.011603,0.92104,0.40064
0.34,-0.19205,0.80173,0.18518
0.35,-0.38683,0.63632,-0.080476
0.36,-0.54668,0.43822,-0.36236
0.37,-0.6491,0.22487,-0.62448
0.38,-0.67796,0.016044,-0.83328
0.39,-0.62569,-0.1683,-0.96175
0.4,-0.49439,-0.31022,-0.99273
0.41,-0.29583,-0.39594,-0.92087
0.42,-0.050319,-0.41754,-0.75316
0.43,0.2156,-0.3741,-0.50786
0.44,0.47209,-0.27195,-0.21211
0.45,0.68954,-0.1242,0.10162
0.46,0.84202,0.0506,0.39956
0.47,0.91042,0.23051,0.65091
0.48,0.88476,0.3926,0.83148
0.49,0.7655,0.5156,0.9266
0.5,0.56361,0.58237,0.93264
0.51,0.29943,0.58191,0.85717
0.52,0.00036703,0.51073,0.71765
0.53,-0.30214,0.37329,0.53894
0.54,-0.57624,0.18158,0.34987
0.55,-0.79326,-0.046199,0.17935
0.56,-0.93099,-0.28772,0.052635
0.57,-0.97613,-0.51904,-0.011977
0.58,-0.92582,-0.7173,-0.0054391
0.59,-0.78779,-0.86332,0.070977
0.6,-0.57946,-0.94371,0.20596
0.61,-0.32577,-0.9523,0.37975
0.62,-0.056269,-0.89067,0.56677
0.63,0.19835,-0.76779,0.73903
0.64,0.40976,-0.59879,0.86977
0.65,0.55525,-0.40298,0.93698
0.66,0.62021,-0.20146,0.9262
0.67,0.59964,-0.014515,0.83244
0.68,0.49857,0.14074,0.66084
0.69,0.33125,0.25238,0.42608
0.7,0.11929,0.31486,0.15059
0.71,-0.11098,0.32947,-0.13814
0.72,-0.3317,0.30389,-0.41091
0.73,-0.5167,0.25085,-0.64025
0.74,-0.64454,0.18623,-0.80371
0.75,-0.70084,0.12681,-0.88637
0.76,-0.67974,0.087795,-0.88258
0.77,-0.58437,0.080707,-0.79635
0.78,-0.42617,0.1117,-0.64083
0.79,-0.22334,0.18061,-0.43651
0.8,0.0015248,0.28087,-0.20875
0.81,0.2242,0.40025,0.015259
0.82,0.42174,0.52238,0.20962
0.83,0.57511,0.62883,0.35263
0.84,0.67125,0.70156,0.42906
0.85,0.70444,0.72533,0.43163
0.86,0.67664,0.68982,0.36152
0.87,0.59697,0.59122,0.22784
0.88,0.48033,0.433,0.046315
0.89,0.3454,0.22589,-0.16279
0.9,0.21225,-0.013106,-0.37706
0.91,0.099862,-0.26242,-0.57452
0.92,0.02391,-0.49822,-0.73586
0.93,-0.0049846,-0.69701,-0.84633
0.94,0.017679,-0.83829,-0.89691
0.95,0.090003,-0.90683,-0.88478
0.96,0.2042,-0.89446,-0.81304
0.97,0.34779,-0.80107,-0.68978
0.98,0.50531,-0.63471,-0.52673
0.99,0.66034,-0.41084,-0.33766
1,0.79749,-0.15071,-0.13666
1.01,0.90422,0.12079,0.063284
1.02,0.97217,0.37772,0.25142
1.03,0.99797,0.59572,0.41994
1.04,0.98327,0.75448,0.56418
1.05,0.93425,0.83973,0.68237
1.06,0.86049,0.84454,0.7751
1.07,0.77349,0.76982,0.8445
1.08,0.68504,0.62408,0.8934
1.09,0.60558,0.42231,0.92458
1.1,0.54283,0.1843,0.94018
1.11,0.50086,-0.067497,0.9414
1.12,0.47967,-0.31026,0.92848
1.13,0.47537,-0.52304,0.90092
1.14,0.48085,-0.68874,0.85793
1.15,0.4869,-0.79555,0.79888
1.16,0.4836,-0.83778,0.72382
1.17,0.46183,-0.81611,0.63379
1.18,0.41455,-0.73707,0.531
1.19,0.33795,-0.61209,0.41874
1.2,0.23205,-0.45601,0.30107
1.21,0.10084,-0.28552,0.18239
1.22,-0.048085,-0.11737,0.066829
1.23,-0.20437,0.033149,-0.042264
1.24,-0.35614,0.15348,-0.14279
1.25,-0.49139,0.23473,-0.23412
1.26,-0.59942,0.27208,-0.31711
1.27,-0.67215,0.2648,-0.3938
1.28,-0.70512,0.21587,-0.46694
1.29,-0.69802,0.13128,-0.53929
1.3,-0.65479,0.019091,-0.61296
1.31,-0.58319,-0.11152,-0.68866
1.32,-0.49397,-0.25122,-0.76531
1.33,-0.39959,-0.39129,-0.83979
1.34,-0.31287,-0.52431,-0.90704
1.35,-0.24553,-0.64447,-0.96058
1.36,-0.20685,-0.74772,-0.99322
1.37,-0.20263,-0.83174,-0.99806
1.38,-0.23452,-0.89564,-0.96955
1.39,-0.29978,-0.93967,-0.90444
1.4,-0.39158,-0.96486,-0.80262
1.41,-0.49967,-0.97264,-0.6675
1.42,-0.61141,-0.96461,-0.50605
1.43,-0.7131,-0.94234,-0.32835
1.44,-0.79134,-0.9073,-0.14671
1.45,-0.83443,-0.86085,0.025554
1.46,-0.83357,-0.80435,0.17555
1.47,-0.78371,-0.73919,0.29226
1.48,-0.68415,-0.6669,0.36786
1.49,-0.53866,-0.58921,0.3987
1.5,-0.35518,-0.508,0.38584
1.51,-0.14519,-0.4252,0.33502
1.52,0.077268,-0.34268,0.25609
1.53,0.29675,-0.26204,0.16195
1.54,0.4977,-0.18445,0.067026
1.55,0.66571,-0.11048,-0.014375
1.56,0.7887,-0.040036,-0.0698
1.57,0.85786,0.027667,-0.090163
1.58,0.86837,0.093977,-0.070888
1.59,0.81974,0.1606,-0.012521
1.6,0.71583,0.22931,0.079257
1.61,0.5646,0.30162,0.19424
1.62,0.37748,0.3784,0.31886
1.63,0.16849,0.45962,0.43778
1.64,-0.046739,0.54405,0.53572
1.65,-0.25215,0.62926,0.59927
1.66,-0.43242,0.71159,0.6186
1.67,-0.57406,0.78642,0.58867
1.68,-0.6664,0.84853,0.50998
1.69,-0.70238,0.89261,0.38863
1.7,-0.67902,0.91382,0.23578
1.71,-0.59769,0.90836,0.066494
1.72,-0.46398,0.87409,-0.10184
1.73,-0.28729,0.81085,-0.25141
1.74,-0.080189,0.72084,-0.36586
1.75,0.14257,0.60858,-0.43212
1.76,0.36511,0.48078,-0.4418
1.77,0.57162,0.3459,-0.39213
1.78,0.74752,0.21356,-0.28625
1.79,0.88059,0.093786,-0.13293
1.8,0.96181,-0.0039001,0.054375
1.81,0.98609,-0.071285,0.25888
1.82,0.9525,-0.10227,0.46221
1.83,0.86439,-0.093488,0.64621
1.84,0.72896,-0.044709,0.79474
1.85,0.55665,0.041042,0.89527
1.86,0.36023,0.15766,0.93991
1.87,0.15374,0.29641,0.92612
1.88,-0.048666,0.44665,0.85675
1.89,-0.23383,0.59675,0.73954
1.9,-0.39059,0.73508,0.58621
1.91,-0.51057,0.85108,0.41111
1.92,-0.58869,0.93615,0.2297
1.93,-0.62337,0.98445,0.057005
1.94,-0.61637,0.99335,-0.093899
1.95,-0.57246,0.96364,-0.21305
1.96,-0.49871,0.89938,-0.29444
1.97,-0.40375,0.80734,-0.33646
1.98,-0.29683,0.69634,-0.34177
1.99,-0.187,0.57618,-0.3169
2,-0.08234,0.45665,-0.27131
2.01,0.010632,0.34641,-0.21636
2.02,0.087333,0.25212,-0.16395
2.03,0.14526,0.17771,-0.1253
2.04,0.1839,0.12401,-0.10973
2.05,0.20445,0.088741,-0.12373
2.06,0.20941,0.06685,-0.17025
2.07,0.20204,0.051221,-0.24842
2.08,0.18589,0.033622,-0.35363
2.09,0.16429,0.0058362,-0.47794
2.1,0.14002,-0.039188,-0.61085
2.11,0.11504,-0.10628,-0.74026
2.12,0.090406,-0.1972,-0.85367
2.13,0.066331,-0.31019,-0.93933
2.14,0.042339,-0.43982,-0.98739
2.15,0.017495,-0.5774,-0.99087
2.16,-0.0093259,-0.71169,-0.94638
2.17,-0.03918,-0.83002,-0.85452
2.18,-0.072852,-0.91964,-0.71996
2.19,-0.11073,-0.96909,-0.5511
2.2,-0.15273,-0.96962,-0.35949
2.21,-0.1984,-0.91627,-0.15884
2.22,-0.24693,-0.80865,0.036069
2.23,-0.29736,-0.65128,0.21064
2.24,-0.34868,-0.45339,0.35166
2.25,-0.39997,-0.22822,0.44845
2.26,-0.45044,0.0080788,0.49376
2.27,-0.49943,0.23792,0.48435
2.28,-0.54634,0.44386,0.42128
2.29,-0.59055,0.61026,0.30973
2.3,-0.63117,0.72473,0.15853
2.31,-0.667,0.7792,-0.020646
2.32,-0.69634,0.77068,-0.21436
2.33,-0.717,0.70135,-0.40858
2.34,-0.72631,0.57819,-0.58989
2.35,-0.72133,0.41218,-0.7466
2.36,-0.69903,0.21707,-0.86962
2.37,-0.65673,0.0079001,-0.95311
2.38,-0.59237,-0.20048,-0.99468
2.39,-0.50497,-0.3948,-0.99532
2.4,-0.39491,-0.5645,-0.95898
2.41,-0.26416,-0.70247,-0.89182
2.42,-0.11639,-0.8053,-0.80137
2.43,0.043082,-0.87316,-0.69557
2.44,0.20758,-0.90915,-0.58183
2.45,0.36939,-0.9184,-0.4663
2.46,0.52033,-0.90702,-0.35335
2.47,0.65231,-0.88092,-0.24534
2.48,0.7579,-0.84494,-0.1427
2.49,0.83098,-0.80208,-0.044287
2.5,0.86715,-0.75323,0.052052
2.51,0.86411,-0.69722,0.14877
2.52,0.8218,-0.63126,0.24789
2.53,0.74245,-0.55178,0.35038
2.54,0.63034,-0.45532,0.45571
2.55,0.49155,-0.33961,0.56162
2.56,0.33351,-0.20435,0.66423
2.57,0.16448,-0.05192,0.75838
2.58,-0.0068701,0.11246,0.83828
2.59,-0.17201,0.28087,0.89823
2.6,-0.32294,0.4434,0.93344
2.61,-0.45251,0.58909,0.94081
2.62,-0.55472,0.70723,0.91948
2.63,-0.62483,0.7887,0.8712
2.64,-0.65954,0.8272,0.80032
2.65,-0.65699,0.82027,0.71352
2.66,-0.61683,0.76982,0.61916
2.67,-0.54024,0.68215,0.52648
2.68,-0.42992,0.56744,0.44463
2.69,-0.29012,0.43871,0.38168
2.7,-0.1266,0.31033,0.34376
2.71,0.053463,0.19634,0.3344
2.72,0.2416,0.10871,0.3542
2.73,0.42835,0.055812,0.4008
2.74,0.60361,0.041261,0.46923
2.75,0.75713,0.06332,0.5525
2.76,0.87918,0.11499,0.64248
2.77,0.96118,0.18475,0.73084
2.78,0.99643,0.25793,0.8099
2.79,0.98078,0.31852,0.87347
2.8,0.91319,0.35124,0.91735
2.81,0.79606,0.34363,0.93958
2.82,0.63539,0.2878,0.94031
2.83,0.44059,0.18179,0.9215
2.84,0.22396,0.030125,0.88621
2.85,-5.1276e-05,-0.15633,0.83798
2.86,-0.21586,-0.36135,0.77999
2.87,-0.40799,-0.56504,0.71454
2.88,-0.56226,-0.746,0.64256
2.89,-0.66704,-0.88385,0.56354
2.9,-0.71429,-0.96163,0.47571
2.91,-0.70029,-0.96799,0.37655
2.92,-0.62608,-0.8987,0.26345
2.93,-0.49746,-0.75743,0.13464
2.94,-0.32456,-0.5556,-0.010103
2.95,-0.12105,-0.31135,-0.16868
2.96,0.096981,-0.047659,-0.33631
2.97,0.3124,0.21009,-0.50549
2.98,0.50842,0.43692,-0.66637
2.99,0.67001,0.61106,-0.80747
3,0.7851,0.71637,-0.91686
3.01,0.84552,0.74426,-0.98343
3.02,0.84753,0.69465,-0.99827
3.03,0.79201,0.57604,-0.95599
3.04,0.68416,0.40457,-0.8557
3.05,0.53286,0.20216,-0.70158
3.06,0.34975,-0.0059818,-0.50292
3.07,0.14807,-0.19424,-0.27365
3.08,-0.058551,-0.33957,-0.03127
3.09,-0.25725,-0.42417,0.20468
3.1,-0.43695,-0.43755,0.41439
3.11,-0.58917,-0.37773,0.57968
3.12,-0.70845,-0.25153,0.68586
3.13,-0.79252,-0.073772,0.72319
3.14,-0.84213,0.1344,0.68797
3.15,-0.86062,0.34796,0.58293
3.16,-0.85322,0.54085,0.41708
3.17,-0.82633,0.689,0.20483
3.18,-0.78668,0.77306,-0.035406
3.19,-0.74058,0.78065,-0.283
3.2,-0.69328,0.70781,-0.51712
3.21,-0.64849,0.55944,-0.71873
3.22,-0.60818,0.34885,-0.8724
3.23,-0.5725,0.096296,-0.96769
3.24,-0.53998,-0.17322,-0.99999
3.25,-0.50781,-0.43263,-0.97076
3.26,-0.47234,-0.6557,-0.8872
3.27,-0.4296,-0.8198,-0.76125
3.28,-0.37578,-0.90823,-0.60827
3.29,-0.30781,-0.91192,-0.44538
3.3,-0.22369,-0.83019,-0.28968
3.31,-0.1229,-0.67074,-0.15665
3.32,-0.0065121,-0.44863,-0.058737
3.33,0.12271,-0.18457,-0.0043417
3.34,0.26044,0.097271,0.0027142
3.35,0.40093,0.37182,-0.036746
3.36,0.53745,0.61561,-0.11764
3.37,0.66263,0.80899,-0.23142
3.38,0.76903,0.9379,-0.36703
3.39,0.84965,0.99495,-0.51215
3.4,0.89856,0.97973,-0.65428
3.41,0.91141,0.89847,-0.7818
3.42,0.88593,0.76297,-0.88483
3.43,0.82231,0.58907,-0.95577
3.44,0.72345,0.39482,-0.9896
3.45,0.59496,0.19854,-0.98394
3.46,0.44501,0.016985,-0.93887
3.47,0.28391,-0.13611,-0.85656
3.48,0.12346,-0.25117,-0.74094
3.49,-0.023907,-0.3233,-0.59719
3.5,-0.14608,-0.35233,-0.43142
3.51,-0.23236,-0.34241,-0.25029
3.52,-0.27448,-0.30114,-0.060779
3.53,-0.26756,-0.23849,0.12999
3.54,-0.21072,-0.16561,0.31489
3.55,-0.10752,-0.093571,0.48697
3.56,0.034127,-0.032393,0.63952
3.57,0.20238,0.0098509,0.76634
3.58,0.38233,0.027548,0.8619
3.59,0.55727,0.017788,0.92171
3.6,0.71014,-0.019683,0.94256
3.61,0.82522,-0.082741,0.92283
3.62,0.88967,-0.16735,0.86273
3.63,0.89499,-0.26809,0.7644
3.64,0.83802,-0.37878,0.63193
3.65,0.72151,-0.49302,0.47119
3.66,0.55409,-0.60462,0.28953
3.67,0.34963,-0.70804,0.095304
3.68,0.12605,-0.79861,-0.10263
3.69,-0.096438,-0.8727,-0.29553
3.7,-0.29724,-0.92778,-0.47528
3.71,-0.45754,-0.96243,-0.63494
3.72,-0.56233,-0.97624,-0.76901
3.73,-0.60201,-0.96975,-0.87368
3.74,-0.5736,-0.94434,-0.94684
3.75,-0.48117,-0.90204,-0.98792
3.76,-0.33559,-0.84542,-0.99764
3.77,-0.15347,-0.77739,-0.97765
3.78,0.04446,-0.70098,-0.93022
3.79,0.23553,-0.61918,-0.85788
3.8,0.39756,-0.53469,-0.76323
3.81,0.51127,-0.44973,-0.64881
3.82,0.56245,-0.36594,-0.51715
3.83,0.54361,-0.28421,-0.37087
3.84,0.45491,-0.20474,-0.21293
3.85,0.30432,-0.12707,-0.046844
3.86,0.10682,-0.050247,0.12315
3.87,-0.11705,0.026914,0.29197
3.88,-0.34342,0.10558,0.45375
3.89,-0.54759,0.18658,0.60206
3.9,-0.70675,0.27017,0.73033
3.91,-0.80249,0.35581,0.83233
3.92,-0.82287,0.44213,0.90282
3.93,-0.76382,0.52694,0.93819
3.94,-0.62962,0.60742,0.93696
3.95,-0.4326,0.68045,0.90024
3.96,-0.19182,0.74297,0.83184
3.97,0.068852,0.79242,0.73822
3.98,0.3233,0.82712,0.62803
3.99,0.54589,0.84654,0.51151
4,0.71421,0.8515,0.39959
4.01,0.81138,0.8441,0.3029
4.02,0.82785,0.82752,0.23077
4.03,0.76229,0.8056,0.19026
4.04,0.62166,0.7823,0.18549
4.05,0.42038,0.76113,0.21712
4.06,0.17871,0.74454,0.2823
4.07,-0.079538,0.73342,0.37481
4.08,-0.32951,0.72687,0.4857
4.09,-0.54801,0.72211,0.60406
4.1,-0.71583,0.71473,0.71803
4.11,-0.81975,0.69918,0.81588
4.12,-0.8537,0.66953,0.88707
4.13,-0.8192,0.62029,0.9231
4.14,-0.72494,0.54733,0.91823
4.15,-0.58559,0.4487,0.86985
4.16,-0.42001,0.32521,0.77858
4.17,-0.24909,0.18075,0.64807
4.18,-0.093348,0.02219,0.48461
4.19,0.029213,-0.14108,0.29645
4.2,0.10501,-0.29799,0.093168
4.21,0.12618,-0.43688,-0.11511
4.22,0.091217,-0.54679,-0.31834
4.23,0.0049189,-0.61874,-0.50718
4.24,-0.12236,-0.64683,-0.67339
4.25,-0.276,-0.62904,-0.81015
4.26,-0.43882,-0.56767,-0.91221
4.27,-0.59294,-0.46918,-0.97602
4.28,-0.72163,-0.34362,-0.99966
4.29,-0.81095,-0.20357,-0.98287
4.3,-0.85101,-0.062724,-0.92701
4.31,-0.83669,0.065646,-0.83502
4.32,-0.76789,0.17025,-0.71138
4.33,-0.64922,0.24311,-0.56206
4.34,-0.48928,0.28052,-0.39436
4.35,-0.29956,0.28345,-0.21672
4.36,-0.093223,0.25741,-0.038363
4.37,0.11615,0.21171,0.13117
4.38,0.31575,0.1582,0.28261
4.39,0.49447,0.10965,0.40765
4.4,0.64353,0.078041,0.49966
4.41,0.75685,0.0728,0.55432
4.42,0.83101,0.099419,0.57016
4.43,0.86507,0.1585,0.54889
4.44,0.86016,0.24545,0.49535
4.45,0.81893,0.35082,0.41728
4.46,0.74512,0.4613,0.32462
4.47,0.6431,0.56133,0.2286
4.48,0.51755,0.63495,0.1406
4.49,0.37332,0.66793,0.070929
4.5,0.21533,0.64968,0.02762
4.51,0.048655,0.57482,0.015454
4.52,-0.1214,0.4442,0.035294
4.53,-0.28925,0.26514,0.083854
4.54,-0.44899,0.050985,0.15395
4.55,-0.59453,-0.18018,0.23524
4.56,-0.71978,-0.40734,0.31538
4.57,-0.819,-0.60878,0.38148
4.58,-0.88718,-0.76453,0.42172
4.59,-0.92049,-0.85853,0.42688
4.6,-0.91668,-0.88053,0.39165
4.61,-0.87536,-0.82729,0.31551
4.62,-0.79819,-0.703,0.20309
4.63,-0.68883,-0.51894,0.063869
4.64,-0.55271,-0.29225,-0.088667
4.65,-0.39665,-0.044179,-0.23846
4.66,-0.22831,0.20221,-0.36864
4.67,-0.055551,0.42443,-0.46347
4.68,0.11417,0.60288,-0.51023
4.69,0.27436,0.72279,-0.50084
4.7,0.41992,0.7755,-0.43296
4.71,0.54736,0.7591,-0.31049
4.72,0.65485,0.67825,-0.14335
4.73,0.74208,0.54323,0.053414
4.74,0.80985,0.36849,0.26118
4.75,0.85972,0.17075,0.45965
4.76,0.89346,-0.033059,0.62899
4.77,0.91262,-0.22763,0.75198
4.78,0.91822,-0.40088,0.81575
4.79,0.91051,-0.54492,0.81317
4.8,0.889,-0.6565,0.74345
4.81,0.85262,-0.73665,0.61212
4.82,0.80006,-0.78991,0.43026
4.83,0.73016,-0.82303,0.21312
4.84,0.64239,-0.84345,-0.021637
4.85,0.53723,-0.85784,-0.25595
4.86,0.41643,-0.87081,-0.47328
4.87,0.28314,-0.88405,-0.66028
4.88,0.14181,-0.89604,-0.80799
4.89,-0.0021397,-0.90229,-0.91238
4.9,-0.14279,-0.89613,-0.97431
4.91,-0.27429,-0.86995,-0.99882
4.92,-0.39149,-0.81663,-0.99393
4.93,-0.4905,-0.73105,-0.96918
4.94,-0.56915,-0.61134,-0.93396
4.95,-0.62717,-0.45975,-0.89607
4.96,-0.66622,-0.28297,-0.86058
4.97,-0.68961,-0.091808,-0.8292
4.98,-0.70182,0.099726,-0.80015
4.99,-0.70789,0.27587,-0.76874
5,-0.71262,0.42087,-0.72832
5.01,-0.71995,0.52094,-0.67164
5.02,-0.73232,0.566,-0.5924
5.03,-0.75029,0.55109,-0.48662
5.04,-0.77242,0.47729,-0.35379
5.05,-0.79541,0.35186,-0.19759
5.06,-0.81453,0.18774,-0.025893
5.07,-0.82422,0.0022554,0.14969
5.08,-0.81889,-0.1846,0.31494
5.09,-0.79373,-0.3523,0.45461
5.1,-0.74537,-0.48202,0.55414
5.11,-0.67249,-0.55868,0.6016
5.12,-0.57608,-0.57258,0.58918
5.13,-0.45945,-0.52047,0.51449
5.14,-0.32792,-0.40584,0.38111
5.15,-0.18825,-0.2385,0.1985
5.16,-0.047901,-0.033445,-0.018709
5.17,0.085807,0.19081,-0.25215
5.18,0.20652,0.41429,-0.48148
5.19,0.30949,0.61769,-0.68652
5.2,0.39208,0.78435,-0.84924
5.21,0.45384,0.90189,-0.95564
5.22,0.4964,0.96327,-0.99711
5.23,0.523,0.96716,-0.97119
5.24,0.53786,0.91774,-0.88165
5.25,0.54534,0.82378,-0.73793
5.26,0.54921,0.69727,-0.55389
5.27,0.55192,0.55186,-0.34626
5.28,0.55421,0.40104,-0.13269
5.29,0.55496,0.25671,0.070082
5.3,0.55131,0.12781,0.24793
5.31,0.53927,0.019685,0.39062
5.32,0.51438,-0.066232,0.49264
5.33,0.47269,-0.13207,0.55332
5.34,0.41163,-0.18275,0.57656
5.35,0.33086,-0.22494,0.56989
5.36,0.23278,-0.26575,0.54335
5.37,0.12273,-0.31151,0.50803
5.38,0.0087807,-0.36672,0.47469
5.39,-0.098962,-0.43333,0.45254
5.4,-0.18932,-0.5104,0.44823
5.41,-0.25135,-0.59422,0.46536
5.42,-0.27569,-0.67877,0.5042
5.43,-0.25589,-0.75657,0.56204
5.44,-0.18947,-0.81965,0.63361
5.45,-0.078607,-0.86057,0.71193
5.46,0.06971,-0.87334,0.7891
5.47,0.24405,-0.85416,0.85716
5.48,0.42946,-0.80183,0.90882
5.49,0.60888,-0.71777,0.938
5.5,0.76481,-0.60583,0.94015
5.51,0.88114,-0.47178,0.91243
5.52,0.94493,-0.32261,0.85363
5.53,0.94784,-0.16582,0.76409
5.54,0.88713,-0.008734,0.64552
5.55,0.7661,0.14207,0.50082
5.56,0.59385,0.28108,0.33402
5.57,0.38438,0.40401,0.15025
5.58,0.15525,0.50772,-0.044307
5.59,-0.07425,0.59,-0.24235
5.6,-0.28503,0.64929,-0.43553
5.61,-0.46016,0.68445,-0.61463
5.62,-0.58647,0.69454,-0.7699
5.63,-0.65586,0.67884,-0.89159
5.64,-0.66587,0.63701,-0.97069
5.65,-0.61973,0.56941,-0.99979
5.66,-0.52576,0.47751,-0.97404
5.67,-0.39618,0.36434,-0.89195
5.68,-0.24567,0.23487,-0.75615
5.69,-0.08955,0.096107,-0.57366
5.7,0.057831,-0.042944,-0.35593
5.71,0.18463,-0.17176,-0.11823
5.72,0.28257,-0.27907,0.12132
5.73,0.34759,-0.35386,0.34319
5.74,0.37983,-0.38664,0.52818
5.75,0.38322,-0.37066,0.65932
5.76,0.36455,-0.30304,0.72362
5.77,0.3323,-0.1856,0.71365
5.78,0.29532,-0.025204,0.62855
5.79,0.26158,0.1664,0.47445
5.8,0.23716,0.37336,0.26421
5.81,0.22558,0.57698,0.01639
5.82,0.22756,0.75755,-0.24642
5.83,0.24124,0.89626,-0.49967
5.84,0.26272,0.97736,-0.71932
5.85,0.28694,0.98992,-0.88418
5.86,0.30868,0.92931,-0.97806
5.87,0.32354,0.79799,-0.99144
5.88,0.32873,0.60556,-0.92239
5.89,0.32359,0.36804,-0.77675
5.9,0.30975,0.10636,-0.56747
5.91,0.29082,-0.15566,-0.31323
5.92,0.27187,-0.39376,-0.036436
5.93,0.25848,-0.58577,0.23903
5.94,0.25583,-0.71397,0.49027
5.95,0.26766,-0.76693,0.69753
5.96,0.29553,-0.74072,0.84606
5.97,0.33832,-0.63927,0.92725
5.98,0.39212,-0.47379,0.9391
5.99,0.45053,-0.2615,0.886
6,0.50544,-0.023543,0.7778
6.01,0.54794,0.21738,0.62839
6.02,0.56956,0.43959,0.45395
6.03,0.56341,0.62479,0.27115
6.04,0.52519,0.75995,0.095504
6.05,0.45392,0.83855,-0.060015
6.06,0.35218,0.86091,-0.18583
6.07,0.22594,0.83378,-0.27613
6.08,0.083928,0.76899,-0.32874
6.09,-0.063404,0.68167,-0.34455
6.1,-0.20515,0.58796,-0.32671
6.11,-0.33132,0.50275,-0.27971
6.12,-0.43405,0.43765,-0.20846
6.13,-0.50863,0.39948,-0.11769
6.14,-0.55403,0.3894,-0.011556
6.15,-0.57298,0.40299,0.10639
6.16,-0.57153,0.43097,0.23291
6.17,-0.55812,0.46075,0.3646
6.18,-0.54235,0.47839,0.4973
6.19,-0.53356,0.4708,0.62568
6.2,-0.53943,0.42784,0.74291
6.21,-0.56479,0.34403,0.84076
6.22,-0.61085,0.21962,0.91009
6.23,-0.67492,0.060954,0.9417
6.24,-0.7507,-0.12016,0.92745
6.25,-0.82908,-0.30771,0.86159
6.26,-0.89939,-0.48349,0.74196
6.27,-0.95094,-0.6294,0.57103
6.28,-0.97461,-0.72985,0.35636
6.29,-0.96427,-0.77393,0.11059
6.3,-0.91782,-0.75701,-0.1493
6.31,-0.83779,-0.68162,-0.40342
6.32,-0.73121,-0.55733,-0.63085
6.33,-0.60892,-0.39987,-0.81194
6.34,-0.48429,-0.22931,-0.93057
6.35,-0.37157,-0.06769,-0.97631
6.36,-0.28395,0.063647,-0.94595
6.37,-0.23178,0.14675,-0.84428
6.38,-0.22104,0.16934,-0.68402
6.39,-0.25231,0.1265,-0.48463
6.4,-0.32043,0.021466,-0.27039
6.41,-0.41493,-0.13461,-0.067666
6.42,-0.5211,-0.32379,0.098161
6.43,-0.62177,-0.52336,0.2058
6.44,-0.69939,-0.70843,0.24077
6.45,-0.73831,-0.85491,0.19745
6.46,-0.72688,-0.94229,0.080006
6.47,-0.65914,-0.95614,-0.097739
6.48,-0.53588,-0.88991,-0.31375
6.49,-0.36484,-0.74575,-0.54025
6.5,-0.1601,-0.53441,-0.74699
6.51,0.059363,-0.27412,-0.90493
6.52,0.27173,0.01141,-0.98998
6.53,0.45488,0.29551,-0.9861
6.54,0.58891,0.55147,-0.8876
6.55,0.65861,0.75539,-0.70018
6.56,0.65527,0.88868,-0.44061
6.57,0.57787,0.93988,-0.13498
6.58,0.43327,0.9057,0.18422
6.59,0.23559,0.79115,0.48186
6.6,0.0046108,0.60867,0.72445
6.61,-0.23643,0.3766,0.8842
6.62,-0.46347,0.11701,0.94252
6.63,-0.65434,-0.14672,0.89248
6.64,-0.79122,-0.39239,0.73984
6.65,-0.86259,-0.60104,0.50258
6.66,-0.86438,-0.75871,0.20886
6.67,-0.80018,-0.85734,-0.10623
6.68,-0.68056,-0.89503,-0.40485
6.69,-0.52155,-0.87562,-0.651
6.7,-0.34241,-0.80763,-0.81489
6.71,-0.16318,-0.70281,-0.87661
6.72,-0.0020802,-0.57448,-0.82867
6.73,0.12672,-0.43599,-0.67693
6.74,0.21476,-0.29925,-0.43996
6.75,0.26014,-0.17385,-0.14688
6.76,0.26747,-0.066453,0.16625
6.77,0.24697,0.019214,0.46077
6.78,0.21276,0.081978,0.70019
6.79,0.18066,0.12256,0.85464
6.8,0.16574,0.14276,0.90458
6.81,0.18004,0.14464,0.84318
6.82,0.23063,0.12993,0.67714
6.83,0.31842,0.099648,0.42589
6.84,0.43785,0.054094,0.11913
6.85,0.5774,-0.0068524,-0.20682
6.86,0.72108,-0.08318,-0.51354
6.87,0.85055,-0.17406,-0.76524
6.88,0.94756,-0.27719,-0.93317
6.89,0.9966,-0.38826,-0.99913
6.9,0.98719,-0.50081,-0.95763
6.91,0.91558,-0.60632,-0.81649
6.92,0.78561,-0.69491,-0.59577
6.93,0.60864,-0.7562,-0.32518
6.94,0.40242,-0.78063,-0.04027
6.95,0.18913,-0.76073,0.22205
6.96,-0.0072658,-0.6924,0.42813
6.97,-0.16394,-0.57591,0.55179
6.98,-0.26213,-0.41642,0.57752
6.99,-0.28961,-0.22392,0.50238
7,-0.24245,-0.012641,0.33628
7.01,-0.12576,0.20022,0.10062
7.02,0.046652,0.39618,-0.17441
7.03,0.2537,0.55748,-0.45368
7.04,0.46942,0.66914,-0.70151
7.05,0.66596,0.72076,-0.8861
7.06,0.81697,0.70799,-0.98343
7.07,0.90077,0.63324,-0.98011
7.08,0.90315,0.50572,-0.87493
7.09,0.81923,0.34063,-0.67882
7.1,0.65423,0.15759,-0.41335
7.11,0.42316,-0.021397,-0.10785
7.12,0.14916,-0.17448,0.20431
7.13,-0.13899,-0.28242,0.48989
7.14,-0.4102,-0.33089,0.7199
7.15,-0.63459,-0.31217,0.8731
7.16,-0.78703,-0.22621,0.93836
7.17,-0.85003,-0.080732,0.91586
7.18,-0.81588,0.10956,0.81668
7.19,-0.68756,0.32455,0.66106
7.2,-0.47845,0.541,0.47561
7.21,-0.21088,0.73514,0.28961
7.22,0.086506,0.88538,0.13117
7.23,0.38192,0.97477,0.023545
7.24,0.64413,0.99289,-0.017856
7.25,0.84596,0.93701,0.01263
7.26,0.96738,0.81231,0.11029
7.27,0.99766,0.6312,0.26075
7.28,0.93655,0.41178,0.44199
7.29,0.79407,0.17566,0.62721
7.3,0.58929,-0.054612,0.78844
7.31,0.34794,-0.25813,0.90013
7.32,0.099345,-0.41804,0.94251
7.33,-0.12699,-0.52336,0.90412
7.34,-0.30481,-0.57003,0.78335
7.35,-0.41408,-0.56111,0.58864
7.36,-0.44314,-0.50609,0.33749
7.37,-0.38989,-0.41938,0.054376
7.38,-0.26182,-0.31826,-0.23227
7.39,-0.074878,-0.22046,-0.49342
7.4,0.14854,-0.14177,-0.70297
7.41,0.38238,-0.093927,-0.84072
7.42,0.60002,-0.083085,-0.89471
7.43,0.77743,-0.10903,-0.86252
7.44,0.89579,-0.16525,-0.75133
7.45,0.9436,-0.23988,-0.57697
7.46,0.91774,-0.31734,-0.36186
7.47,0.82357,-0.38049,-0.13233
7.48,0.67399,-0.41304,0.084524
7.49,0.48769,-0.40187,0.2639
7.5,0.28671,-0.33899,0.38604
7.51,0.093769,-0.22287,0.43824
7.52,-0.070491,-0.058965,0.41604
7.53,-0.18984,0.1406,0.32336
7.54,-0.25422,0.35823,0.17172
7.55,-0.2607,0.57279,-0.021408
7.56,-0.21351,0.76194,-0.23475
7.57,-0.12329,0.90476,-0.44578
7.58,-0.0055167,0.98422,-0.63315
7.59,0.12154,0.9893,-0.77891
7.6,0.23914,0.91637,-0.87011
7.61,0.3303,0.76985,-0.8998
7.62,0.38182,0.56193,-0.86718
7.63,0.38564,0.31135,-0.77716
7.64,0.3396,0.041591,-0.6392
7.65,0.24741,-0.22162,-0.4659
7.66,0.1179,-0.45296,-0.27131
7.67,-0.036289,-0.63013,-0.069306
7.68,-0.20047,-0.73616,0.12776
7.69,-0.35979,-0.76112,0.31007
7.7,-0.50109,-0.70305,0.47086
7.71,-0.61438,-0.56809,0.60648
7.72,-0.69393,-0.36968,0.71603
7.73,-0.73866,-0.12709,0.80069
7.74,-0.75196,0.13661,0.86293
7.75,-0.74098,0.39704,0.90564
7.76,-0.71531,0.63085,0.93143
7.77,-0.68556,0.81807,0.94215
7.78,-0.66175,0.94392,0.93868
7.79,-0.65185,1,0.92095
7.8,-0.6607,0.98488,0.88834
7.81,-0.68934,0.90385,0.84005
7.82,-0.73488,0.76809,0.77561
7.83,-0.79093,0.59324,0.69539
7.84,-0.8485,0.39766,0.60081
7.85,-0.89726,0.20047,0.49444
7.86,-0.92694,0.019698,0.3799
7.87,-0.92881,-0.12934,0.26141
7.88,-0.89684,-0.23528,0.14333
7.89,-0.82869,-0.29147,0.029614
7.9,-0.72606,-0.2962,-0.076787
7.91,-0.59463,-0.25236,-0.17424
7.92,-0.44351,-0.16684,-0.26263
7.93,-0.28419,-0.049402,-0.34325
7.94,-0.1293,0.088415,-0.41843
7.95,0.0089442,0.23457,-0.49102
7.96,0.12005,0.37763,-0.56363
7.97,0.19654,0.50766,-0.63798
7.98,0.23477,0.61688,-0.71422
7.99,0.2354,0.7,-0.79059
8,0.20332,0.75424,-0.8633
8.01,0.14707,0.77912,-0.92676
8.02,0.077938,0.77607,-0.97414
8.03,0.0086605,0.74788,-0.99823
8.04,-0.047989,0.69818,-0.99248
8.05,-0.080625,0.63094,-0.95199
8.06,-0.08052,0.55005,-0.87449
8.07,-0.042596,0.45906,-0.76101
8.08,0.033985,0.36103,-0.61617
8.09,0.14566,0.25851,-0.44805
8.1,0.28478,0.15363,-0.26759
8.11,0.44032,0.048192,-0.087589
8.12,0.5989,-0.05619,0.078623
8.13,0.74611,-0.15797,0.21862
8.14,0.86788,-0.25564,0.3223
8.15,0.95175,-0.34773,0.38316
8.16,0.98813,-0.4329,0.39908
8.17,0.97113,-0.51006,0.3727
8.18,0.89917,-0.57849,0.31124
8.19,0.77513,-0.63795,0.2257
8.2,0.60618,-0.68881,0.12967
8.21,0.40317,-0.73193,0.037721
8.22,0.17977,-0.76869,-0.036267
8.23,-0.048578,-0.80072,-0.08081
8.24,-0.26593,-0.82969,-0.088224
8.25,-0.45703,-0.85702,-0.055597
8.26,-0.6085,-0.88358,0.014779
8.27,-0.70988,-0.90946,0.11562
8.28,-0.75433,-0.9338,0.23545
8.29,-0.73921,-0.95476,0.35991
8.3,-0.66621,-0.96958,0.47348
8.31,-0.54125,-0.97486,0.56129
8.32,-0.37402,-0.96691,0.61098
8.33,-0.17728,-0.94216,0.61419
8.34,0.03406,-0.89772,0.56767
8.35,0.24404,-0.83185,0.47381
8.36,0.43679,-0.74434,0.3405
8.37,0.5977,-0.63686,0.18035
8.38,0.71446,-0.51304,0.0093863
8.39,0.77798,-0.37841,-0.15464
8.4,0.78304,-0.24007,-0.29419
8.41,0.7287,-0.10625,-0.39382
8.42,0.61834,0.014385,-0.44189
8.43,0.45942,0.11343,-0.4318
8.44,0.2629,0.18359,-0.36276
8.45,0.042418,0.21934,-0.23984
8.46,-0.18674,0.2176,-0.073496
8.47,-0.40885,0.17813,0.12153
8.48,-0.60891,0.10373,0.32771
8.49,-0.77376,0.00011271,0.52654
8.5,-0.89313,-0.12443,0.70036
8.51,-0.96028,-0.25967,0.83408
8.52,-0.97249,-0.39424,0.91659
8.53,-0.93114,-0.51664,0.94177
8.54,-0.84145,-0.61617,0.90888
8.55,-0.71194,-0.68392,0.82248
8.56,-0.55363,-0.71355,0.69177
8.57,-0.379,-0.70185,0.5295
8.58,-0.20096,-0.64903,0.35057
8.59,-0.031735,-0.55869,0.17047
8.6,0.11801,-0.43744,0.0037162
8.61,0.23998,-0.29423,-0.13753
8.62,0.32873,-0.13948,-0.24455
8.63,0.38186,0.015933,-0.31278
8.64,0.39995,0.16179,-0.34206
8.65,0.38619,0.2895,-0.33642
8.66,0.34585,0.3929,-0.30347
8.67,0.28552,0.46885,-0.25345
8.68,0.21243,0.51741,-0.19803
8.69,0.13366,0.54172,-0.14903
8.7,0.055532,0.54749,-0.11716
8.71,-0.016883,0.54226,-0.11089
8.72,-0.08004,0.53433,-0.13559
8.73,-0.132,0.53169,-0.19294
8.74,-0.17235,0.54096,-0.28082
8.75,-0.20188,0.56639,-0.39342
8.76,-0.22227,0.60923,-0.52186
8.77,-0.23567,0.66741,-0.65499
8.78,-0.24427,0.73558,-0.78045
8.79,-0.24995,0.80564,-0.88584
8.8,-0.25407,0.86753,-0.95994
8.81,-0.25732,0.91045,-0.99375
8.82,-0.25971,0.92404,-0.98143
8.83,-0.26068,0.89979,-0.92087
8.84,-0.25927,0.83216,-0.81407
8.85,-0.2543,0.7195,-0.66697
8.86,-0.24465,0.56458,-0.48912
8.87,-0.22936,0.37461,-0.2929
8.88,-0.20778,0.16084,-0.092498
8.89,-0.17964,-0.062321,0.097211
8.9,-0.14495,-0.27861,0.26196
8.91,-0.10396,-0.47139,0.38927
8.92,-0.057061,-0.62524,0.46952
8.93,-0.0045932,-0.72749,0.49674
8.94,0.053181,-0.76948,0.46912
8.95,0.11614,-0.74742,0.38911
8.96,0.18426,-0.66285,0.26321
8.97,0.25751,-0.5224,0.10128
8.98,0.33569,-0.33726,-0.084294
8.99,0.41821,-0.12197,-0.27973
9,0.50389,0.10692,-0.47107
9.01,0.59079,0.33248,-0.64537
9.02,0.6761,0.53892,-0.79171
9.03,0.75618,0.71304,-0.90204
9.04,0.82664,0.84522,-0.97164
9.05,0.88264,0.93008,-0.9993
9.06,0.91923,0.9666,-0.98705
9.07,0.93179,0.95776,-0.93966
9.08,0.91652,0.90974,-0.86387
9.09,0.87087,0.8309,-0.76743
9.1,0.79397,0.73051,-0.6582
9.11,0.68685,0.61755,-0.54326
9.12,0.55259,0.49965,-0.4282
9.13,0.39621,0.38233,-0.31674
9.14,0.22446,0.26865,-0.21056
9.15,0.045413,0.15928,-0.10952
9.16,-0.13209,0.052891,-0.012066
9.17,-0.29901,-0.053039,0.084133
9.18,-0.44675,-0.16132,0.18147
9.19,-0.56773,-0.27403,0.28167
9.2,-0.65586,-0.39174,0.38526
9.21,-0.70694,-0.5128,0.49111
9.22,-0.71884,-0.63323,0.59643
9.23,-0.69157,-0.74681,0.69683
9.24,-0.62716,-0.84571,0.78689
9.25,-0.52952,-0.92143,0.86074
9.26,-0.40402,-0.96589,0.91291
9.27,-0.25727,-0.97272,0.93908
9.28,-0.096626,-0.93826,0.93686
9.29,0.070072,-0.86244,0.90622
9.3,0.23487,-0.74916,0.8498
9.31,0.38998,-0.60617,0.77277
9.32,0.52799,-0.44451,0.68246
9.33,0.64213,-0.27738,0.58761
9.34,0.72647,-0.11873,0.49756
9.35,0.77611,0.018319,0.4212
9.36,0.78744,0.1231,0.36602
9.37,0.75837,0.18874,0.33737
9.38,0.68857,0.21309,0.33782
9.39,0.5797,0.19913,0.36695
9.4,0.43555,0.15467,0.4215
9.41,0.26213,0.091552,0.49572
9.42,0.067534,0.024137,0.58216
9.43,-0.13825,-0.032442,0.67252
9.44,-0.34381,-0.064273,0.75856
9.45,-0.53694,-0.060563,0.83306
9.46,-0.70538,-0.015209,0.89043
9.47,-0.83774,0.072155,0.9272
9.48,-0.9244,0.19581,0.94215
9.49,-0.95841,0.34434,0.93608
9.5,-0.93619,0.50182,0.91139
9.51,-0.85807,0.64952,0.8714
9.52,-0.72851,0.76814,0.8196
9.53,-0.556,0.84019,0.75893
9.54,-0.35251,0.85218,0.69127
9.55,-0.13275,0.79654,0.61707
9.56,0.086939,0.67279,0.53536
9.57,0.28991,0.48799,0.44405
9.58,0.46053,0.25622,0.34051
9.59,0.58548,-0.0026851,0.22231
9.6,0.65497,-0.26521,0.088108
9.61,0.66349,-0.50669,-0.061602
9.62,0.61038,-0.70402,-0.22386
9.63,0.49983,-0.83834,-0.39297
9.64,0.34055,-0.89717,-0.56058
9.65,0.14499,-0.87593,-0.71619
9.66,-0.071737,-0.77857,-0.84804
9.67,-0.2932,-0.61724,-0.94431
9.68,-0.503,-0.41091,-0.99447
9.69,-0.68615,-0.18338,-0.99067
9.7,-0.83026,0.039489,-0.92891
9.71,-0.92643,0.23265,-0.80995
9.72,-0.96983,0.37474,-0.6397
9.73,-0.95986,0.45055,-0.4291
9.74,-0.89989,0.45273,-0.19338
9.75,-0.79675,0.38267,0.049087
9.76,-0.65984,0.25034,0.27845
9.77,-0.50013,0.073102,0.47524
9.78,-0.32907,-0.12628,0.62224
9.79,-0.15754,-0.32228,0.70627
9.8,0.0050155,-0.48959,0.71951
9.81,0.15129,-0.60603,0.66039
9.82,0.27651,-0.65519,0.53379
9.83,0.37853,-0.62829,0.35064
9.84,0.45768,-0.5253,0.12687
9.85,0.5164,-0.35494,-0.11816
9.86,0.5586,-0.1338,-0.36353
9.87,0.58908,0.11552,-0.58878
9.88,0.61274,0.36688,-0.77591
9.89,0.63404,0.59347,-0.91101
9.9,0.65637,0.77077,-0.98551
9.91,0.68177,0.87918,-0.99684
9.92,0.71065,0.90612,-0.94844
9.93,0.74185,0.84735,-0.84922
9.94,0.77273,0.70739,-0.71243
9.95,0.79954,0.4989,-0.55422
9.96,0.81778,0.24133,-0.39187
9.97,0.82269,-0.041201,-0.24213
9.98,0.80976,-0.32248,-0.11961
9.99,0.77522,-0.57685,-0.035484
10,0.71642,-0.78182,0.0033231
10.01,0.63228,-0.92014,-0.0054399
10.02,0.52345,-0.98139,-0.059468
10.03,0.39246,-0.9627,-0.15242
10.04,0.24374,-0.86867,-0.27479
10.05,0.083433,-0.71063,-0.41497
10.06,-0.080862,-0.50508,-0.56046
10.07,-0.24054,-0.27186,-0.69894
10.08,-0.38652,-0.031978,-0.81929
10.09,-0.50989,0.19453,-0.91235
10.1,-0.6026,0.39044,-0.97134
10.11,-0.65814,0.54283,-0.99215
10.12,-0.67223,0.64401,-0.97323
10.13,-0.64337,0.69183,-0.91541
10.14,-0.57318,0.68939,-0.82149
10.15,-0.46659,0.64432,-0.69586
10.16,-0.33167,0.56757,-0.54406
10.17,-0.17928,0.472,-0.37241
10.18,-0.022303,0.37101,-0.1877
10.19,0.1253,0.27707,0.0030223
10.2,0.24965,0.20067,0.19262
10.21,0.33816,0.14945,0.37402
10.22,0.38087,0.12781,0.54031
10.23,0.37141,0.13678,0.68494
10.24,0.30795,0.17431,0.80191
10.25,0.19357,0.2358,0.886
10.26,0.036265,0.31477,0.9331
10.27,-0.1515,0.40367,0.94052
10.28,-0.35383,0.49463,0.90722
10.29,-0.55271,0.58012,0.83404
10.3,-0.72972,0.65355,0.72378
10.31,-0.86784,0.70961,0.58115
10.32,-0.9532,0.74453,0.41256
10.33,-0.97657,0.75606,0.22575
10.34,-0.93455,0.74352,0.029299
10.35,-0.83004,0.70752,-0.16791
10.36,-0.67222,0.64985,-0.35728
10.37,-0.47576,0.57315,-0.53104
10.38,-0.25952,0.48075,-0.68269
10.39,-0.044636,0.37635,-0.8073
10.4,0.14757,0.26387,-0.90163
10.41,0.29788,0.14718,-0.96409
10.42,0.39121,0.02997,-0.99458
10.43,0.41839,-0.084458,-0.99417
10.44,0.37716,-0.19333,-0.96477
10.45,0.27265,-0.29455,-0.90874
10.46,0.11692,-0.38671,-0.82868
10.47,-0.072224,-0.46924,-0.72716
10.48,-0.27303,-0.54226,-0.60671
10.49,-0.46214,-0.60655,-0.46987
10.5,-0.61712,-0.66333,-0.31936
10.51,-0.71891,-0.71408,-0.15828
10.52,-0.75401,-0.76024,0.0096207
10.53,-0.71607,-0.80295,0.17983
10.54,-0.60668,-0.84285,0.34698
10.55,-0.43537,-0.87989,0.50501
10.56,-0.21866,-0.91323,0.64737
10.57,0.021572,-0.9414,0.76753
10.58,0.26046,-0.96234,0.85955
10.59,0.47277,-0.97378,0.91864
10.6,0.63561,-0.97352,0.94185
10.61,0.73098,-0.95983,0.92853
10.62,0.74771,-0.93178,0.88069
10.63,0.68271,-0.88948,0.80305
10.64,0.54138,-0.83423,0.70285
10.65,0.33704,-0.76846,0.58936
10.66,0.089558,-0.69549,0.47315
10.67,-0.17678,-0.61922,0.36517
10.68,-0.4358,-0.54359,0.27573
10.69,-0.66224,-0.47211,0.21348
10.7,-0.83437,-0.40725,0.18459
10.71,-0.93624,-0.35015,0.19206
10.72,-0.95923,-0.3003,0.23536
10.73,-0.90287,-0.25557,0.31049
10.74,-0.77473,-0.21245,0.41024
10.75,-0.58939,-0.1665,0.5249
10.76,-0.36679,-0.11303,0.64313
10.77,-0.12995,-0.04785,0.75299
10.78,0.097554,0.031927,0.84304
10.79,0.2941,0.12724,0.90333
10.8,0.4423,0.23658,0.92622
10.81,0.53065,0.35584,0.90697
10.82,0.55465,0.47846,0.84407
10.83,0.51697,0.59594,0.73917
10.84,0.42692,0.69867,0.59687
10.85,0.29922,0.77698,0.42418
10.86,0.15219,0.8223,0.22987
10.87,0.0056234,0.82828,0.023794
10.88,-0.12139,0.79172,-0.18389
10.89,-0.2125,0.71321,-0.38332
10.9,-0.25576,0.5973,-0.56547
10.91,-0.24475,0.45231,-0.72254
10.92,-0.17901,0.28951,-0.84823
10.93,-0.063912,0.1221,-0.93786
10.94,0.090141,-0.036244,-0.98841
10.95,0.26899,-0.17284,-0.99852
10.96,0.45628,-0.27745,-0.96848
10.97,0.63518,-0.34344,-0.90017
10.98,0.79005,-0.36856,-0.79706
10.99,0.90779,-0.35521,-0.66413
11,0.97896,-0.31011,-0.50781
11.01,0.99833,-0.24345,-0.33581
11.02,0.96503,-0.16757,-0.15688
11.03,0.88226,-0.095377,0.019597
11.04,0.75661,-0.038605,0.18409
11.05,0.59718,-0.0062624,0.32759
11.06,0.41453,-0.00335,0.44226
11.07,0.21974,-0.030099,0.52216
11.08,0.023458,-0.081818,0.5639
11.09,-0.16475,-0.14939,0.56702
11.1,-0.33687,-0.22037,0.5343
11.11,-0.48659,-0.28057,0.4716
11.12,-0.60936,-0.31596,0.38748
11.13,-0.70215,-0.31458,0.29241
11.14,-0.76321,-0.2683,0.19783
11.15,-0.7918,-0.1742,0.11489
11.16,-0.78793,-0.035246,0.053253
11.17,-0.75225,0.13962,0.019977
11.18,-0.68597,0.33626,0.018588
11.19,-0.59096,0.53667,0.048569
11.2,-0.46986,0.72097,0.10528
11.21,-0.32623,0.86958,0.18039
11.22,-0.1647,0.96554,0.26272
11.23,0.009061,0.99654,0.3396
11.24,0.18838,0.95648,0.39829
11.25,0.36585,0.84637,0.42769
11.26,0.53369,0.67444,0.41975
11.27,0.68425,0.45542,0.37069
11.28,0.81053,0.20905,0.28169
11.29,0.90673,-0.041914,0.15906
11.3,0.96873,-0.2741,0.013748
11.31,0.99439,-0.46596,-0.13974
11.32,0.9837,-0.6,-0.28486
11.33,0.93874,-0.66453,-0.40489
11.34,0.8634,-0.65477,-0.48491
11.35,0.76292,-0.57312,-0.51358
11.36,0.6434,-0.42869,-0.48465
11.37,0.51113,-0.23607,-0.39783
11.38,0.37206,-0.013567,-0.25909
11.39,0.23133,0.21897,-0.080194
11.4,0.092896,0.44225,0.12244
11.41,-0.040528,0.6396,0.32938
11.42,-0.16744,0.79848,0.52026
11.43,-0.2873,0.91145,0.67588
11.44,-0.40015,0.97646,0.7803
11.45,-0.5062,0.99644,0.82244
11.46,-0.60538,0.97827,0.79724
11.47,-0.69704,0.93136,0.70607
11.48,-0.7797,0.86604,0.55643
11.49,-0.8511,0.79188,0.36096
11.5,-0.90831,0.71637,0.13592
11.51,-0.94811,0.64396,-0.10066
11.52,-0.9674,0.5757,-0.33102
11.53,-0.96372,0.50946,-0.53952
11.54,-0.9357,0.44065,-0.71419
11.55,-0.88344,0.36346,-0.84765
11.56,-0.80871,0.27218,-0.93757
11.57,-0.71489,0.16269,-0.98629
11.58,-0.6068,0.033611,-1
11.59,-0.49019,-0.11287,-0.98741
11.6,-0.37121,-0.27075,-0.95817
11.61,-0.25569,-0.43054,-0.92131
11.62,-0.14855,-0.58017,-0.88382
11.63,-0.053229,-0.7064,-0.84968
11.64,0.028694,-0.79647,-0.81944
11.65,0.097595,-0.83989,-0.79025
11.66,0.15568,-0.82998,-0.75663
11.67,0.20661,-0.76508,-0.71157
11.68,0.25488,-0.64919,-0.64799
11.69,0.30514,-0.49193,-0.56019
11.7,0.36141,-0.30774,-0.44526
11.71,0.42644,-0.11457,-0.30402
11.72,0.50116,0.06799,-0.14157
11.73,0.58444,0.22084,0.032863
11.74,0.67309,0.32749,0.20667
11.75,0.76216,0.37592,0.36509
11.76,0.84547,0.36003,0.4929
11.77,0.91639,0.28034,0.57623
11.78,0.96862,0.14406,0.60435
11.79,0.997,-0.035712,0.57115
11.8,0.9982,-0.24133,0.4762
11.81,0.97109,-0.45254,0.32508
11.82,0.917,-0.64863,0.1291
11.83,0.83948,-0.81065,-0.095701
11.84,0.74394,-0.92333,-0.33007
11.85,0.63691,-0.97655,-0.55348
11.86,0.5253,-0.96629,-0.74625
11.87,0.41556,-0.89471,-0.89151
11.88,0.31291,-0.76966,-0.97693
11.89,0.22082,-0.60351,-0.9959
11.9,0.14078,-0.41157,-0.94805
11.91,0.072243,-0.21024,-0.83916
11.92,0.013078,-0.015164,-0.68028
11.93,-0.039908,0.16042,-0.48643
11.94,-0.090177,0.30691,-0.27487
11.95,-0.14066,0.41904,-0.063133
11.96,-0.19302,0.49603,0.13273
11.97,-0.24713,0.54109,0.29977
11.98,-0.3008,0.56054,0.42928
11.99,-0.34995,0.56257,0.51735
12,-0.38897,0.55583,0.56492
12.01,-0.41158,0.54807,0.5772
12.02,-0.41172,0.54508,0.56272
12.03,-0.38466,0.54988,0.532
12.04,-0.32799,0.56246,0.4962
12.05,-0.24235,0.5799,0.46568
12.06,-0.13191,0.59692,0.44888
12.07,-0.0043275,0.60683,0.45148
12.08,0.12969,0.60253,0.47597
12.09,0.25733,0.57761,0.52159
12.1,0.36493,0.52736,0.58469
12.11,0.43949,0.44941,0.65935
12.12,0.47021,0.34416,0.73818
12.13,0.44985,0.21476,0.81317
12.14,0.37587,0.066795,0.87653
12.15,0.25097,-0.092355,0.9213
12.16,0.083191,-0.25431,0.94189
12.17,-0.11471,-0.41056,0.93432
12.18,-0.32634,-0.55323,0.89629
12.19,-0.53323,-0.67578,0.82714
12.2,-0.71671,-0.77339,0.72767
12.21,-0.85978,-0.84309,0.60001
12.22,-0.94896,-0.88374,0.44744
12.23,-0.97563,-0.89569,0.27437
12.24,-0.93702,-0.88043,0.086257
12.25,-0.83646,-0.84014,-0.11032
12.26,-0.68305,-0.77739,-0.30772
12.27,-0.49064,-0.69487,-0.49727
12.28,-0.27638,-0.59538,-0.66952
12.29,-0.058918,-0.48193,-0.81466
12.3,0.14359,-0.35793,-0.92309
12.31,0.31524,-0.22753,-0.98624
12.32,0.44396,-0.095864,-0.99745
12.33,0.52252,0.030881,-0.95289
12.34,0.54904,0.14551,-0.8524
12.35,0.52679,0.24017,-0.70003
12.36,0.46354,0.30699,-0.50432
12.37,0.37033,0.33883,-0.27807
12.38,0.25999,0.33029,-0.037634
12.39,0.14554,0.27863,0.19821
12.4,0.03871,0.18456,0.40985
12.41,-0.051348,0.052799,0.57862
12.42,-0.11884,-0.10782,0.68867
12.43,-0.16171,-0.28473,0.72874
12.44,-0.18143,-0.46245,0.69347
12.45,-0.18241,-0.62393,0.58435
12.46,-0.17104,-0.75217,0.4098
12.47,-0.15451,-0.83206,0.18473
12.48,-0.13969,-0.85212,-0.070741
12.49,-0.13205,-0.80603,-0.33312
12.5,-0.13497,-0.6937,-0.57775
12.51,-0.14935,-0.52164,-0.78128
12.52,-0.17369,-0.30272,-0.92398
12.53,-0.20454,-0.055154,-0.99172
12.54,-0.23721,0.1992,-0.97745
12.55,-0.26677,0.43693,-0.88185
12.56,-0.28895,0.63553,-0.71324
12.57,-0.30104,0.77573,-0.48667
12.58,-0.30242,0.84364,-0.2223
12.59,-0.29484,0.83227,0.056707
12.6,-0.28226,0.74238,0.32653
12.61,-0.27027,0.58245,0.56509
12.62,-0.26532,0.36778,0.75413
12.63,-0.27366,0.11888,0.88084
12.64,-0.3003,-0.14076,0.93881
12.65,-0.34811,-0.38723,0.92823
12.66,-0.41715,-0.59875,0.85544
12.67,-0.50439,-0.75795,0.73181
12.68,-0.60388,-0.85363,0.57219
12.69,-0.70733,-0.8817,0.39314
12.7,-0.80502,-0.84537,0.2111
12.71,-0.88702,-0.75436,0.040879
12.72,-0.9444,-0.62339,-0.10562
12.73,-0.97044,-0.47017,-0.22005
12.74,-0.9615,-0.31303,-0.29787
12.75,-0.91759,-0.16855,-0.33798
12.76,-0.84241,-0.049571,-0.34214
12.77,-0.74291,0.036295,-0.31404
12.78,-0.62846,0.087367,-0.25841
12.79,-0.50959,0.10779,-0.18016
12.8,-0.39669,0.10661,-0.083835
12.81,-0.29862,0.096206,0.026611
12.82,-0.22158,0.090249,0.14777
12.83,-0.16827,0.10152,0.27642
12.84,-0.13763,0.13984,0.40895
12.85,-0.12504,0.21048,0.54089
12.86,-0.123,0.31311,0.66638
12.87,-0.12231,0.44168,0.77812
12.88,-0.11344,0.58502,0.8675
12.89,-0.088004,0.72824,0.92526
12.9,-0.040111,0.85469,0.94239
12.91,0.032654,0.94824,0.91142
12.92,0.12868,0.99556,0.82767
12.93,0.24236,0.98809,0.69042
12.94,0.36473,0.92346,0.50381
12.95,0.48454,0.80614,0.27713
12.96,0.58982,0.64714,0.024592
12.97,0.66948,0.46291,-0.23568
12.98,0.71498,0.27344,-0.48322
12.99,0.72161,0.099917,-0.69725
13,0.68943,-0.037958,-0.85907
13.01,0.62346,-0.12443,-0.95423
13.02,0.53328,-0.1498,-0.97457
13.03,0.432,-0.11179,-0.91951
13.04,0.33462,-0.015994,-0.79654
13.05,0.25616,0.12456,-0.62078
13.06,0.20966,0.29086,-0.41358
13.07,0.20431,0.46011,-0.20023
13.08,0.24406,0.60838,-0.0071264
13.09,0.32684,0.71355,0.14138
13.1,0.44455,0.75795,0.226
13.11,0.58374,0.73065,0.23503
13.12,0.72716,0.62885,0.16604
13.13,0.85573,0.45843,0.02652
13.14,0.95089,0.2334,-0.16677
13.15,0.99693,-0.025573,-0.38957
13.16,0.98313,-0.29338,-0.61286
13.17,0.90527,-0.54327,-0.80638
13.18,0.76643,-0.74982,-0.94237
13.19,0.57692,-0.89169,-0.99908
13.2,0.35336,-0.95397,-0.96374
13.21,0.11689,-0.92977,-0.83439
13.22,-0.10915,-0.82082,-0.62055
13.23,-0.3018,-0.63723,-0.34234
13.24,-0.4412,-0.39623,-0.028366
13.25,-0.5128,-0.12019,0.28755
13.26,-0.50913,0.16579,0.57037
13.27,-0.43064,0.43663,0.78804
13.28,-0.28564,0.66976,0.9155
13.29,-0.089327,0.84731,0.93785
13.3,0.13802,0.95764,0.85235
13.31,0.37341,0.99611,0.66895
13.32,0.59383,0.96503,0.40932
13.33,0.77889,0.87288,0.10435
13.34,0.91306,0.73291,-0.20946
13.35,0.98733,0.56135,-0.49437
13.36,1,0.37542,-0.71599
13.37,0.95657,0.19151,-0.84746
13.38,0.86866,0.023639,-0.87281
13.39,0.75228,-0.11769,-0.78895
13.4,0.62549,-0.22598,-0.60616
13.41,0.5059,-0.2987,-0.34683
13.42,0.40831,-0.33684,-0.042828
13.43,0.34275,-0.344,0.26839
13.44,0.31318,-0.32536,0.54835
13.45,0.31717,-0.28666,0.76232
13.46,0.34634,-0.23328,0.88351
13.47,0.38772,-0.16971,0.89643
13.48,0.42574,-0.099249,0.79874
13.49,0.44462,-0.024156,0.60157
13.5,0.4308,0.053956,0.32811
13.51,0.37505,0.13353,0.010716
13.52,0.27415,0.21244,-0.31306
13.53,0.1316,0.28749,-0.60515
13.54,-0.042507,0.35413,-0.83167
13.55,-0.23254,0.40652,-0.96704
13.56,-0.41919,0.43797,-0.99712
13.57,-0.58197,0.44168,-0.92089
13.58,-0.70184,0.41173,-0.75046
13.59,-0.76386,0.34418,-0.50944
13.6,-0.75936,0.23807,-0.22996
13.61,-0.68737,0.096135,0.051453
13.62,-0.55506,-0.074801,0.29848
13.63,-0.37724,-0.26402,0.47952
13.64,-0.17476,-0.45764,0.57166
13.65,0.027842,-0.63978,0.56345
13.66,0.20528,-0.79421,0.45628
13.67,0.33459,-0.90618,0.26411
13.68,0.39811,-0.96417,0.01164
13.69,0.38575,-0.96148,-0.26882
13.7,0.29648,-0.89733,-0.54147
13.71,0.13874,-0.77726,-0.77145
13.72,-0.070353,-0.61294,-0.92914
13.73,-0.30685,-0.42106,-0.99382
13.74,-0.54266,-0.22173,-0.95607
13.75,-0.74888,-0.036295,-0.81879
13.76,-0.89919,0.11502,-0.59672
13.77,-0.97307,0.21547,-0.31436
13.78,-0.95837,0.2538,-0.0028489
13.79,-0.85292,0.22567,0.30401
13.8,-0.66497,0.13432,0.57397
13.81,-0.41238,-0.0096458,0.78028
13.82,-0.12074,-0.18935,0.90485
13.83,0.17956,-0.38344,0.94028
13.84,0.45669,-0.56853,0.89049
13.85,0.68108,-0.72178,0.76986
13.86,0.82881,-0.8236,0.60113
13.87,0.88435,-0.85983,0.41222
13.88,0.84232,-0.82347,0.23245
13.89,0.70813,-0.71544,0.088704
13.9,0.4973,-0.5445,0.0018944
13.91,0.23365,-0.32622,-0.01566
13.92,-0.053452,-0.081202,0.038244
13.93,-0.33253,0.16733,0.15553
13.94,-0.57355,0.39618,0.319
13.95,-0.75137,0.58479,0.50468
13.96,-0.84853,0.71757,0.68496
13.97,-0.85713,0.78548,0.8323
13.98,-0.77956,0.78689,0.92271
13.99,-0.62806,0.72753,0.93898
14,-0.4231,0.61949,0.87281
14.01,-0.19089,0.47951,0.72597
14.02,0.039806,0.32677,0.5101
14.03,0.24102,0.18034,0.24532
14.04,0.3888,0.056816,-0.042234
14.05,0.46592,-0.031739,-0.32353
14.06,0.46367,-0.079216,-0.57015
14.07,0.38267,-0.08605,-0.75764
14.08,0.23258,-0.058967,-0.86835
14.09,0.030676,-0.0098822,-0.8934
14.1,-0.20031,0.045873,-0.83361
14.11,-0.43502,0.091778,-0.69923
14.12,-0.6485,0.11251,-0.50854
14.13,-0.81906,0.096198,-0.2856
14.14,-0.93073,0.036188,-0.057335
14.15,-0.97489,-0.067795,0.14958
14.16,-0.95103,-0.20936,0.31176
14.17,-0.86649,-0.37601,0.4116
14.18,-0.73532,-0.55053,0.43908
14.19,-0.57636,-0.71299,0.39256
14.2,-0.41076,-0.84316,0.27861
14.21,-0.25947,-0.92304,0.11096
14.22,-0.14065,-0.93917,-0.091388
14.23,-0.067683,-0.88448,-0.30646
14.24,-0.047733,-0.75935,-0.51184
14.25,-0.081148,-0.57192,-0.68711
14.26,-0.1617,-0.33739,-0.81584
14.27,-0.27759,-0.076597,-0.88701
14.28,-0.41314,0.18617,-0.89572
14.29,-0.5508,0.42569,-0.84317
14.3,-0.67334,0.61855,-0.73592
14.31,-0.76593,0.74562,-0.58468
14.32,-0.81776,0.79411,-0.4027
14.33,-0.82315,0.75897,-0.20414
14.34,-0.78198,0.64339,-0.0025259
14.35,-0.69933,0.4585,0.19057
14.36,-0.58459,0.22211,0.3663
14.37,-0.45003,-0.043081,0.51896
14.38,-0.30907,-0.31192,0.64587
14.39,-0.17451,-0.55934,0.74691
14.4,-0.056922,-0.76285,0.82379
14.41,0.036565,-0.90473,0.8792
14.42,0.10301,-0.97366,0.91601
14.43,0.14377,-0.96559,0.93662
14.44,0.16406,-0.88394,0.94256
14.45,0.172,-0.73888,0.93437
14.46,0.17727,-0.54614,0.91178
14.47,0.18964,-0.32516,0.87402
14.48,0.21746,-0.097009,0.82037
14.49,0.26646,0.11768,0.75058
14.5,0.33882,0.30073,0.66536
14.51,0.4328,0.43799,0.5665
14.52,0.54293,0.52043,0.45697
14.53,0.66058,0.54464,0.34062
14.54,0.77513,0.51277,0.22179
14.55,0.87522,0.43189,0.10477
14.56,0.95028,0.31293,-0.0067768
14.57,0.99187,0.16936,-0.1103
14.58,0.99476,0.015677,-0.20468
14.59,0.9577,-0.13394,-0.29027
14.6,0.88363,-0.26694,-0.36878
14.61,0.77946,-0.37329,-0.44278
14.62,0.65524,-0.44611,-0.51511
14.63,0.52314,-0.48185,-0.58818
14.64,0.39601,-0.48017,-0.66322
14.65,0.28592,-0.44347,-0.73981
14.66,0.20283,-0.3763,-0.81548
14.67,0.15342,-0.28461,-0.8858
14.68,0.14034,-0.17496,-0.94469
14.69,0.1619,-0.053941,-0.9851
14.7,0.21225,0.072442,-0.99992
14.71,0.28199,0.19906,-0.98301
14.72,0.35922,0.32184,-0.93029
14.73,0.43082,0.43779,-0.84051
14.74,0.48386,0.54485,-0.71588
14.75,0.50699,0.6417,-0.56223
14.76,0.4917,0.72753,-0.38867
14.77,0.4332,0.80184,-0.20688
14.78,0.33105,0.86431,-0.030006
14.79,0.18919,0.9147,0.12876
14.8,0.015714,0.95283,0.25762
14.81,-0.17787,0.97871,0.34755
14.82,-0.37768,0.99255,0.39343
14.83,-0.56864,0.9949,0.39472
14.84,-0.73589,0.98672,0.35564
14.85,-0.86601,0.96935,0.28477
14.86,-0.94824,0.94445,0.19414
14.87,-0.97537,0.9139,0.097848
14.88,-0.9444,0.87954,0.010432
14.89,-0.85674,0.84297,-0.054856
14.9,-0.71815,0.80531,-0.087656
14.91,-0.53826,0.767,-0.081792
14.92,-0.32986,0.72769,-0.036071
14.93,-0.10791,0.68623,0.045499
14.94,0.11162,0.64077,0.15412
14.95,0.3129,0.58899,0.27718
14.96,0.48146,0.52843,0.39974
14.97,0.60522,0.45691,0.50629
14.98,0.67537,0.37289,0.5826
14.99,0.68702,0.27595,0.61749
15,0.63954,0.16703,0.60421
15.01,0.53661,0.048618,0.54136
15.02,0.38596,-0.075201,0.43323
15.03,0.19877,-0.19896,0.28937
15.04,-0.011065,-0.31615,0.1237
15.05,-0.22803,-0.41972,-0.046949
15.06,-0.43605,-0.50274,-0.2047
15.07,-0.61972,-0.55905,-0.3325
15.08,-0.7654,-0.58396,-0.41601
15.09,-0.86223,-0.5748,-0.44515
15.1,-0.90296,-0.53141,-0.41521
15.11,-0.88443,-0.45631,-0.32736
15.12,-0.80784,-0.3547,-0.18856
15.13,-0.67857,-0.23422,-0.010851
15.14,-0.50578,-0.10437,0.18993
15.15,-0.30166,0.024179,0.39571
15.16,-0.080433,0.14046,0.58808
15.17,0.14276,0.23416,0.75003
15.18,0.35304,0.2965,0.86769
15.19,0.53695,0.3211,0.93151
15.2,0.68345,0.30452,0.93714
15.21,0.7847,0.24666,0.88566
15.22,0.83654,0.1508,0.78327
15.23,0.83867,0.023342,0.64048
15.24,0.79445,-0.12677,0.47094
15.25,0.71048,-0.28883,0.28992
15.26,0.59579,-0.45136,0.11274
15.27,0.46101,-0.60313,-0.046709
15.28,0.31736,-0.73426,-0.17732
15.29,0.17567,-0.83705,-0.2717
15.3,0.045518,-0.90668,-0.32675
15.31,-0.065454,-0.94159,-0.34375
15.32,-0.15199,-0.94352,-0.32801
15.33,-0.21139,-0.91718,-0.28813
15.34,-0.24348,-0.86964,-0.23498
15.35,-0.25024,-0.80944,-0.18041
15.36,-0.23537,-0.74554,-0.13603
15.37,-0.20367,-0.68625,-0.11189
15.38,-0.16038,-0.63821,-0.11552
15.39,-0.11064,-0.60556,-0.1511
15.4,-0.058919,-0.58942,-0.21906
15.41,-0.0087104,-0.58774,-0.31599
15.42,0.037677,-0.59547,-0.43499
15.43,0.079133,-0.60521,-0.56632
15.44,0.11561,-0.60809,-0.69829
15.45,0.14785,-0.59491,-0.8184
15.46,0.17713,-0.55737,-0.91452
15.47,0.20485,-0.48925,-0.97605
15.48,0.23229,-0.3874,-0.99496
15.49,0.26033,-0.25245,-0.96659
15.5,0.28937,-0.089085,-0.8902
15.51,0.31924,0.094136,-0.76911
15.52,0.34929,0.28539,-0.61054
15.53,0.37851,0.47061,-0.42508
15.54,0.4057,0.63482,-0.22583
15.55,0.42963,0.76365,-0.027345
15.56,0.44919,0.8448,0.15557
15.57,0.4635,0.8694,0.3091
15.58,0.4719,0.83306,0.42163
15.59,0.47392,0.73643,0.48466
15.6,0.46921,0.58536,0.49359
15.61,0.45738,0.39039,0.44803
15.62,0.43789,0.16592,0.35182
15.63,0.40998,-0.071167,0.21266
15.64,0.37264,-0.30301,0.041382
15.65,0.32465,-0.51244,-0.14904
15.66,0.26474,-0.68454,-0.34464
15.67,0.19181,-0.80791,-0.53165
15.68,0.1052,-0.87561,-0.69772
15.69,0.0049889,-0.88554,-0.83279
15.7,-0.10776,-0.84037,-0.9299
15.71,-0.2308,-0.74693,-0.98549
15.72,-0.36056,-0.61525,-0.99947
15.73,-0.49227,-0.45726,-0.97486
15.74,-0.6201,-0.28543,-0.91718
15.75,-0.73752,-0.11145,-0.83362
15.76,-0.83771,0.054915,-0.73207
15.77,-0.91416,0.20656,-0.62021
15.78,-0.96115,0.33944,-0.5047
15.79,-0.97435,0.45245,-0.39052
15.8,-0.95119,0.54697,-0.28073
15.81,-0.89121,0.62605,-0.17636
15.82,-0.79617,0.69344,-0.076742
15.83,-0.67004,0.75254,0.020016
15.84,-0.51874,0.80557,0.11635
15.85,-0.34979,0.85289,0.21449
15.86,-0.17179,0.89275,0.31584
15.87,0.0061492,0.9214,0.42039
15.88,0.17496,0.93367,0.52647
15.89,0.32621,0.92373,0.63069
15.9,0.45256,0.8862,0.72829
15.91,0.5481,0.81717,0.8136
15.92,0.60864,0.71522,0.88079
15.93,0.63179,0.58205,0.92469
15.94,0.61697,0.42282,0.94155
15.95,0.56535,0.24595,0.92972
15.96,0.47965,0.062461,0.89007
15.97,0.36402,-0.11507,0.82609
15.98,0.2238,-0.27386,0.74373
15.99,0.065356,-0.40245,0.65089
16,-0.10414,-0.49208,0.55661
16.01,-0.27687,-0.53787,0.47018
16.02,-0.44461,-0.53957,0.40014
16.03,-0.59897,-0.50173,0.35334
16.04,-0.73169,-0.43334,0.33425
16.05,-0.83504,-0.34678,0.34445
16.06,-0.90219,-0.25644,0.38255
16.07,-0.92774,-0.17688,0.44439
16.08,-0.90815,-0.12104,0.52358
16.09,-0.8422,-0.09845,0.61226
16.1,-0.73137,-0.11393,0.70206
16.11,-0.58001,-0.16675,0.78499
16.12,-0.39537,-0.25049,0.8543
16.13,-0.18739,-0.35368,0.90508
16.14,0.031803,-0.46104,0.9346
16.15,0.24857,-0.55528,0.94237
16.16,0.44871,-0.61929,0.92977
16.17,0.61849,-0.63831,0.89959
16.18,0.74577,-0.60199,0.85528
16.19,0.82107,-0.50597,0.80024
16.2,0.83842,-0.35276,0.7371
16.21,0.7961,-0.15181,0.66728
16.22,0.69688,0.081169,0.59075
16.23,0.548,0.3258,0.50611
16.24,0.3607,0.55916,0.41103
16.25,0.14942,0.75832,0.30284
16.26,-0.069345,0.90297,0.17938
16.27,-0.27839,0.97784,0.039836
16.28,-0.46119,0.97454,-0.11452
16.29,-0.6033,0.89273,-0.27983
16.3,-0.69354,0.74032,-0.44949
16.31,-0.72491,0.53278,-0.61435
16.32,-0.6951,0.29149,-0.76337
16.33,-0.60664,0.041478,-0.88464
16.34,-0.46657,-0.19139,-0.96661
16.35,-0.2857,-0.38327,-0.99949
16.36,-0.077631,-0.5151,-0.97659
16.37,0.14252,-0.57467,-0.89543
16.38,0.35943,-0.55813,-0.75846
16.39,0.55882,-0.47034,-0.57331
16.4,0.72864,-0.32437,-0.35246
16.41,0.85983,-0.13995,-0.11234
16.42,0.94697,0.058772,0.12798
16.43,0.98831,0.24609,0.34858
16.44,0.9857,0.39769,0.53052
16.45,0.94399,0.49348,0.65775
16.46,0.87037,0.51998,0.71876
16.47,0.77339,0.47188,0.70774
16.48,0.66209,0.3527,0.62527
16.49,0.54506,0.17445,0.47833
16.5,0.42967,-0.043752,0.27966
16.51,0.32156,-0.27776,0.046532
16.52,0.22424,-0.50119,-0.20096
16.53,0.1391,-0.68833,-0.44181
16.54,0.06549,-0.81705,-0.65618
16.55,0.0011606,-0.87128,-0.82726
16.56,-0.057294,-0.84281,-0.94283
16.57,-0.11382,-0.73219,-0.99625
16.58,-0.17233,-0.54864,-0.987
16.59,-0.23612,-0.30912,-0.92043
16.6,-0.30745,-0.036422,-0.80704
16.61,-0.38717,0.24323,-0.66123
16.62,-0.47462,0.50294,-0.4997
16.63,-0.56754,0.71796,-0.33977
16.64,-0.66225,0.86814,-0.19763
16.65,-0.7539,0.9399,-0.086863
16.66,-0.83685,0.92744,-0.017305
16.67,-0.90511,0.83309,0.0056644
16.68,-0.95285,0.6668,-0.018657
16.69,-0.9749,0.44489,-0.086541
16.7,-0.96721,0.18817,-0.19048
16.71,-0.92734,-0.080314,-0.32015
16.72,-0.85474,-0.33763,-0.4635
16.73,-0.75105,-0.56319,-0.60798
16.74,-0.62015,-0.74065,-0.74157
16.75,-0.46814,-0.85918,-0.85373
16.76,-0.30307,-0.91418,-0.93605
16.77,-0.13453,-0.90725,-0.98265
16.78,0.026951,-0.84557,-0.99026
16.79,0.17059,-0.74077,-0.95818
16.8,0.28625,-0.60738,-0.88792
16.81,0.36525,-0.46118,-0.78288
16.82,0.40128,-0.31752,-0.64787
16.83,0.39107,-0.18987,-0.48872
16.84,0.33495,-0.088661,-0.31194
16.85,0.23709,-0.020545,-0.12444
16.86,0.10546,0.01186,0.066698
16.87,-0.048601,0.0098289,0.25434
16.88,-0.21121,-0.021997,0.43146
16.89,-0.367,-0.076405,0.59124
16.9,-0.50042,-0.14457,0.72728
16.91,-0.59724,-0.21704,0.83382
16.92,-0.64595,-0.2847,0.90597
16.93,-0.63898,-0.33949,0.94007
16.94,-0.57374,-0.37505,0.93394
16.95,-0.45302,-0.38702,0.88716
16.96,-0.28507,-0.37314,0.80121
16.97,-0.083036,-0.33321,0.67955
16.98,0.13618,-0.26881,0.52748
16.99,0.35338,-0.18297,0.3519
17,0.54896,-0.079773,0.1609
17.01,0.70485,0.036032,-0.036788
17.02,0.80642,0.15942,-0.23231
17.03,0.8441,0.2854,-0.41728
17.04,0.81449,0.40928,-0.58433
17.05,0.72095,0.52684,-0.72743
17.06,0.57338,0.63454,-0.84222
17.07,0.38735,0.72955,-0.92602
17.08,0.18265,0.80987,-0.97777
17.09,-0.018784,0.87434,-0.9978
17.1,-0.19512,0.92264,-0.98748
17.11,-0.327,0.9552,-0.94892
17.12,-0.39966,0.97319,-0.8846
17.13,-0.40462,0.9783,-0.7971
17.14,-0.34073,0.9726,-0.68899
17.15,-0.21443,0.95827,-0.56279
17.16,-0.039189,0.93743,-0.42108
17.17,0.16586,0.91183,-0.26667
17.18,0.37789,0.88272,-0.10287
17.19,0.57288,0.85064,0.066348
17.2,0.72816,0.81547,0.23617
17.21,0.825,0.77641,0.40099
17.22,0.85066,0.73218,0.55453
17.23,0.79995,0.68126,0.6902
17.24,0.67589,0.62219,0.8016
17.25,0.48949,0.55392,0.88309
17.26,0.25868,0.47609,0.93044
17.27,0.0064918,0.38926,0.94142
17.28,-0.24143,0.29497,0.91624
17.29,-0.45949,0.19576,0.85781
17.3,-0.62493,0.094892,0.77173
17.31,-0.7202,-0.0039225,0.66599
17.32,-0.73492,-0.096995,0.55038
17.33,-0.6669,-0.18112,0.43571
17.34,-0.52243,-0.25401,0.33283
17.35,-0.31552,-0.31468,0.25159
17.36,-0.066415,-0.36359,0.19993
17.37,0.2006,-0.40264,0.18299
17.38,0.4598,-0.43498,0.20264
17.39,0.68671,-0.4645,0.25716
17.4,0.8607,-0.49531,0.34144
17.41,0.96701,-0.531,0.44734
17.42,0.9982,-0.574,0.5645
17.43,0.95472,-0.62502,0.68127
17.44,0.84469,-0.68267,0.78574
17.45,0.68275,-0.74333,0.86688
17.46,0.48833,-0.80145,0.91541
17.47,0.28343,-0.84997,0.92463
17.48,0.090129,-0.88117,0.89084
17.49,-0.071767,-0.88761,0.8136
17.5,-0.18678,-0.86317,0.69559
17.51,-0.2453,-0.80402,0.54228
17.52,-0.24438,-0.70933,0.36134
17.53,-0.18786,-0.58178,0.16199
17.54,-0.085651,-0.42759,-0.045755
17.55,0.047506,-0.25609,-0.25175
17.56,0.19382,-0.078973,-0.44637
17.57,0.33448,0.09085,-0.62095
17.58,0.45165,0.24062,-0.76819
17.59,0.53035,0.35911,-0.8823
17.6,0.55986,0.43792,-0.95915
17.61,0.53471,0.4725,-0.99629
17.62,0.45494,0.4627,-0.9929
17.63,0.32589,0.41286,-0.94982
17.64,0.15742,0.33133,-0.86945
17.65,-0.03729,0.22954,-0.75577
17.66,-0.24318,0.12059,-0.61426
17.67,-0.44479,0.01768,-0.4518
17.68,-0.62769,-0.06751,-0.27648
17.69,-0.77967,-0.12632,-0.097306
17.7,-0.89158,-0.15421,0.076222
17.71,-0.95775,-0.15134,0.23468
17.72,-0.97614,-0.1226,0.36935
17.73,-0.94798,-0.076941,0.47298
17.74,-0.87729,-0.026253,0.5404
17.75,-0.77014,0.016278,0.56916
17.76,-0.63388,0.037971,0.55987
17.77,-0.47646,0.02848,0.51636
17.78,-0.3058,-0.018633,0.44545
17.79,-0.12935,-0.10476,0.35645
17.8,0.04613,-0.22574,0.26026
17.81,0.21464,-0.37205,0.16837
17.82,0.37093,-0.52966,0.091562
17.83,0.51031,-0.68156,0.038756
17.84,0.62862,-0.80972,0.01591
17.85,0.72205,-0.89722,0.025242
17.86,0.78724,-0.93039,0.064845
17.87,0.8213,-0.90061,0.12878
17.88,0.82209,-0.80564,0.20764
17.89,0.78848,-0.65012,0.2896
17.9,0.72058,-0.4454,0.36178
17.91,0.62005,-0.20851,0.41182
17.92,0.49019,0.039501,0.42948
17.93,0.33598,0.27577,0.40802
17.94,0.16389,0.47804,0.34525
17.95,-0.018468,0.62703,0.2441
17.96,-0.20279,0.7085,0.11249
17.97,-0.38071,0.7148,-0.037298
17.98,-0.54438,0.64561,-0.18988
17.99,-0.68707,0.50793,-0.32845
18,-0.80361,0.31523,-0.43666
18.01,-0.89077,0.085928,-0.5006
18.02,-0.94725,-0.15867,-0.51048
18.03,-0.97369,-0.39666,-0.46197
18.04,-0.97229,-0.60783,-0.35688
18.05,-0.9464,-0.77564,-0.20319
18.06,-0.89999,-0.88874,-0.014372
18.07,-0.83711,-0.94178,0.19195
18.08,-0.76138,-0.93547,0.39578
18.09,-0.67572,-0.876,0.57692
18.1,-0.58209,-0.77377,0.71704
18.11,-0.48158,-0.64178,0.80164
18.12,-0.37453,-0.49375,0.82159
18.13,-0.26093,-0.34239,0.77393
18.14,-0.1408,-0.19793,0.66216
18.15,-0.014579,-0.067122,0.49562
18.16,0.11646,0.047195,0.28836
18.17,0.25004,0.14585,0.057444
18.18,0.38283,0.23259,-0.17897
18.19,0.51056,0.31289,-0.40363
18.2,0.6284,0.39255,-0.60197
18.21,0.73142,0.47626,-0.76347
18.22,0.81512,0.56638,-0.88244
18.23,0.87599,0.66219,-0.95815
18.24,0.91199,0.75955,-0.99436
18.25,0.92286,0.85129,-0.99825
18.26,0.91019,0.92799,-0.97904
18.27,0.8773,0.97934,-0.94633
18.28,0.8289,0.99569,-0.90861
18.29,0.77048,0.96961,-0.87197
18.3,0.7077,0.89733,-0.83924
18.31,0.64565,0.77975,-0.80981
18.32,0.58824,0.62285,-0.77986
18.33,0.53768,0.43746,-0.74324
18.34,0.49427,0.23845,-0.69276
18.35,0.45637,0.043229,-0.62163
18.36,0.42066,-0.13009,-0.52494
18.37,0.38272,-0.26471,-0.40094
18.38,0.33764,-0.34715,-0.25185
18.39,0.28083,-0.36888,-0.084196
18.4,0.20877,-0.32748,0.091567
18.41,0.11964,-0.22709,0.26195
18.42,0.013673,-0.078139,0.41183
18.43,-0.10662,0.1037,0.52623
18.44,-0.23667,0.29908,0.59215
18.45,-0.37027,0.48709,0.60024
18.46,-0.50025,0.64745,0.54621
18.47,-0.61927,0.76265,0.43162
18.48,-0.72067,0.81987,0.26403
18.49,-0.79923,0.81217,0.056465
18.5,-0.85173,0.73916,-0.17377
18.51,-0.87725,0.60689,-0.40677
18.52,-0.87723,0.42699,-0.62205
18.53,-0.85511,0.21523,-0.80067
18.54,-0.81585,-0.010284,-0.92709
18.55,-0.76509,-0.23112,-0.99079
18.56,-0.70845,-0.43051,-0.98721
18.57,-0.65067,-0.59499,-0.91809
18.58,-0.59504,-0.71555,-0.79107
18.59,-0.54304,-0.78832,-0.61872
18.6,-0.49425,-0.81441,-0.417
18.61,-0.44666,-0.79937,-0.20347
18.62,-0.39716,-0.752,0.0046338
18.63,-0.34232,-0.68299,0.19214
18.64,-0.27926,-0.60329,0.34741
18.65,-0.20643,-0.52273,0.46329
18.66,-0.12427,-0.44879,0.53753
18.67,-0.035562,-0.38587,0.57257
18.68,0.054507,-0.33495,0.57485
18.69,0.13877,-0.29387,0.55373
18.7,0.2088,-0.25792,0.52009
18.71,0.25592,-0.22087,0.48497
18.72,0.2724,-0.17607,0.45821
18.73,0.25264,-0.11765,0.4474
18.74,0.19422,-0.041456,0.45718
18.75,0.098624,0.054157,0.48895
18.76,-0.02845,0.16803,0.54093
18.77,-0.17729,0.29625,0.60863
18.78,-0.33488,0.43254,0.68555
18.79,-0.48606,0.56902,0.764
18.8,-0.61503,0.69707,0.83595
18.81,-0.70706,0.80834,0.89382
18.82,-0.7501,0.89557,0.93108
18.83,-0.73631,0.95335,0.94265
18.84,-0.66303,0.97848,0.9251
18.85,-0.53336,0.97014,0.87669
18.86,-0.35604,0.92974,0.79727
18.87,-0.14471,0.86052,0.68811
18.88,0.083337,0.76702,0.55173
18.89,0.30887,0.65452,0.39178
18.9,0.51266,0.5285,0.21303
18.91,0.67741,0.39422,0.021315
18.92,0.78951,0.25653,-0.17644
18.93,0.84041,0.11978,-0.37223
18.94,0.82739,-0.012021,-0.55709
18.95,0.75373,-0.13505,-0.7214
18.96,0.62824,-0.24539,-0.85534
18.97,0.46413,-0.33891,-0.94955
18.98,0.27755,-0.41124,-0.99601
18.99,0.085781,-0.45796,-0.98889
19,-0.094628,-0.47498,-0.9255
19.01,-0.24952,-0.45912,-0.80704
19.02,-0.36849,-0.40879,-0.63906
19.03,-0.44566,-0.32461,-0.43155
19.04,-0.48004,-0.21002,-0.19861
19.05,-0.47515,-0.071513,0.042458
19.06,-0.43822,0.081342,0.27241
19.07,-0.37902,0.2364,0.47173
19.08,-0.30839,0.37976,0.62249
19.09,-0.23686,0.49701,0.7102
19.1,-0.17332,0.57467,0.72543
19.11,-0.1241,0.60175,0.66503
19.12,-0.092406,0.5712,0.53282
19.13,-0.078246,0.48105,0.33949
19.14,-0.078835,0.33513,0.10184
19.15,-0.089332,0.14312,-0.15865
19.16,-0.10384,-0.079968,-0.41784
19.17,-0.11648,-0.31505,-0.65123
19.18,-0.1224,-0.54071,-0.83644
19.19,-0.11854,-0.73528,-0.95539
19.2,-0.10409,-0.87919,-0.9962
19.21,-0.080514,-0.95707,-0.95436
19.22,-0.051241,-0.95953,-0.83314
19.23,-0.020962,-0.8844,-0.64325
19.24,0.0052449,-0.7371,-0.40164
19.25,0.022891,-0.53029,-0.12973
19.26,0.02897,-0.28267,0.14882
19.27,0.022638,-0.017046,0.41052
19.28,0.0055613,0.24199,0.63436
19.29,-0.018128,0.47068,0.80375
19.3,-0.042276,0.64856,0.90793
19.31,-0.059491,0.76063,0.9427
19.32,-0.062172,0.7988,0.91041
19.33,-0.043629,0.76264,0.8192
19.34,0.0008666,0.65912,0.6818
19.35,0.073245,0.50166,0.51384
19.36,0.17216,0.30829,0.33201
19.37,0.29295,0.099466,0.15239
19.38,0.428,-0.10445,-0.011079
19.39,0.56764,-0.28554,-0.14763
19.4,0.70117,-0.43033,-0.25018
19.41,0.81824,-0.53115,-0.31539
19.42,0.9101,-0.58672,-0.34321
19.43,0.9707,-0.60187,-0.33614
19.44,0.99745,-0.5865,-0.29831
19.45,0.99157,-0.5538,-0.2346
19.46,0.95785,-0.51825,-0.14985
19.47,0.90402,-0.4933,-0.048412
19.48,0.83968,-0.48937,0.065966
19.49,0.77494,-0.5123,0.18999
19.5,0.71903,-0.5624,0.32036
19.51,0.67902,-0.6344,0.45326
19.52,0.65881,-0.71816,0.58376
19.53,0.65857,-0.80008,0.70556
19.54,0.67472,-0.86511,0.81085
19.55,0.70043,-0.89891,0.89073
19.56,0.72662,-0.89011,0.93589
19.57,0.74328,-0.83205,0.93772
19.58,0.74103,-0.72411,0.8895
19.59,0.71253,-0.57206,0.78776
19.6,0.65375,-0.3877,0.63335
19.61,0.56474,-0.18759,0.43209
19.62,0.44989,0.0088638,0.195
19.63,0.31755,0.18182,-0.062287
19.64,0.17909,0.3135,-0.32065
19.65,0.047474,0.39053,-0.55927
19.66,-0.064418,0.40575,-0.75782
19.67,-0.1456,0.35938,-0.89874
19.68,-0.18854,0.25916,-0.96952
19.69,-0.19039,0.11962,-0.96439
19.7,-0.15358,-0.039526,-0.88546
19.71,-0.085796,-0.19571,-0.74287
19.72,0.00085469,-0.32623,-0.55402
19.73,0.091183,-0.41099,-0.34184
19.74,0.16881,-0.43512,-0.13234
19.75,0.21829,-0.39083,0.048416
19.76,0.22716,-0.27859,0.17744
19.77,0.18776,-0.10724,0.23773
19.78,0.098457,0.10686,0.22053
19.79,-0.035839,0.34163,0.12672
19.8,-0.20395,0.57169,-0.033004
19.81,-0.38955,0.77127,-0.23913
19.82,-0.57293,0.91714,-0.46544
19.83,-0.7333,0.99131,-0.68213
19.84,-0.85129,0.98304,-0.85933
19.85,-0.9113,0.89013,-0.97092
19.86,-0.9036,0.71916,-0.99786
19.87,-0.82559,0.48477,-0.93083
19.88,-0.68243,0.20805,-0.77171
19.89,-0.48659,-0.085772,-0.5337
19.9,-0.2566,-0.37005,-0.24006
19.91,-0.015076,-0.61954,0.078471
19.92,0.21382,-0.81293,0.38719
19.93,0.40711,-0.93496,0.65158
19.94,0.54553,-0.97768,0.84152
19.95,0.61577,-0.94099,0.93503
19.96,0.61184,-0.83216,0.9211
19.97,0.5357,-0.66471,0.80125
19.98,0.39686,-0.45659,0.58951
19.99,0.21111,-0.22808,0.31097
20,-0.0014733,0.00048682,-0.0011528
