0,-0.0003984,0.00038269,-2.5539e-05
0.01,-0.092995,0.090265,-0.028692
0.02,-0.18505,0.18013,-0.059546
0.03,-0.27562,0.26903,-0.092522
0.04,-0.36381,0.35605,-0.12753
0.05,-0.44875,0.44031,-0.16447
0.06,-0.52963,0.52096,-0.2032
0.07,-0.60568,0.59721,-0.24357
0.08,-0.67623,0.66834,-0.28541
0.09,-0.74065,0.73371,-0.32851
0.1,-0.79841,0.79272,-0.37263
0.11,-0.84907,0.84491,-0.41754
0.12,-0.89226,0.88988,-0.46295
0.13,-0.92773,0.92733,-0.50855
0.14,-0.9553,0.95707,-0.55404
0.15,-0.97491,0.97899,-0.59906
0.16,-0.98658,0.9931,-0.64327
0.17,-0.99042,0.9995,-0.68628
0.18,-0.98665,0.99841,-0.72771
0.19,-0.97555,0.99011,-0.76719
0.2,-0.9575,0.97498,-0.8043
0.21,-0.93295,0.95351,-0.83867
0.22,-0.90241,0.92623,-0.86992
0.23,-0.86645,0.89376,-0.89766
0.24,-0.82571,0.85678,-0.92154
0.25,-0.78084,0.816,-0.94123
0.26,-0.73254,0.77219,-0.95643
0.27,-0.68153,0.72614,-0.96684
0.28,-0.62854,0.67866,-0.97225
0.29,-0.57429,0.63056,-0.97244
0.3,-0.51952,0.58265,-0.96727
0.31,-0.46491,0.53574,-0.95662
0.32,-0.41115,0.49058,-0.94045
0.33,-0.35886,0.4479,-0.91877
0.34,-0.30863,0.40839,-0.89162
0.35,-0.26101,0.37266,-0.85913
0.36,-0.21646,0.34128,-0.82147
0.37,-0.1754,0.31473,-0.7789
0.38,-0.13815,0.29342,-0.73169
0.39,-0.105,0.27766,-0.68022
0.4,-0.076108,0.2677,-0.62488
0.41,-0.051596,0.26367,-0.56614
0.42,-0.031488,0.26562,-0.50451
0.43,-0.015733,0.27351,-0.44054
0.44,-0.0042015,0.28719,-0.37482
0.45,0.0033062,0.30644,-0.30799
0.46,0.0070612,0.33094,-0.24069
0.47,0.0073982,0.36031,-0.17358
0.48,0.0047102,0.39407,-0.10735
0.49,-0.00055865,0.43168,-0.04269
0.5,-0.0079205,0.47253,0.019734
0.51,-0.016852,0.51599,0.07925
0.52,-0.026803,0.56136,0.13521
0.53,-0.037207,0.60791,0.18701
0.54,-0.047487,0.6549,0.23405
0.55,-0.05707,0.70157,0.27581
0.56,-0.065391,0.74717,0.31181
0.57,-0.071908,0.79095,0.34161
0.58,-0.076106,0.83219,0.36485
0.59,-0.077508,0.87021,0.38126
0.6,-0.075684,0.90436,0.3906
0.61,-0.070255,0.93404,0.39275
0.62,-0.060902,0.95874,0.38764
0.63,-0.047374,0.97798,0.3753
0.64,-0.029488,0.99139,0.35583
0.65,-0.0071344,0.99865,0.32943
0.66,0.019719,0.99955,0.29636
0.67,0.051025,0.99397,0.25698
0.68,0.086659,0.98187,0.21172
0.69,0.12642,0.96331,0.16106
0.7,0.17003,0.93843,0.10558
0.71,0.21713,0.90748,0.045888
0.72,0.2673,0.87079,-0.017332
0.73,0.32007,0.82877,-0.083366
0.74,0.37489,0.78191,-0.15146
0.75,0.43116,0.73076,-0.22083
0.76,0.48826,0.67597,-0.29068
0.77,0.5455,0.61819,-0.3602
0.78,0.6022,0.55817,-0.42859
0.79,0.65765,0.49666,-0.49505
0.8,0.71114,0.43446,-0.55882
0.81,0.76194,0.37236,-0.61914
0.82,0.80937,0.31117,-0.67532
0.83,0.85274,0.25169,-0.7267
0.84,0.89144,0.1947,-0.77269
0.85,0.92485,0.14096,-0.81274
0.86,0.95243,0.09118,-0.84641
0.87,0.97372,0.046018,-0.87329
0.88,0.98829,0.0060809,-0.89307
0.89,0.99581,-0.028093,-0.90554
0.9,0.99602,-0.056042,-0.91054
0.91,0.98876,-0.077383,-0.90802
0.92,0.97395,-0.091822,-0.89801
0.93,0.95159,-0.099154,-0.88064
0.94,0.92179,-0.099269,-0.85609
0.95,0.88476,-0.092151,-0.82465
0.96,0.84078,-0.077881,-0.78667
0.97,0.79024,-0.056635,-0.74258
0.98,0.73361,-0.028684,-0.69287
0.99,0.67142,0.0056161,-0.63808
1,0.60432,0.04582,-0.57881
1.01,0.53299,0.091405,-0.5157
1.02,0.45818,0.14177,-0.4494
1.03,0.38071,0.19627,-0.38062
1.04,0.30142,0.25417,-0.31006
1.05,0.2212,0.31472,-0.23843
1.06,0.14094,0.37711,-0.16642
1.07,0.06156,0.44052,-0.094727
1.08,-0.016025,0.50411,-0.024016
1.09,-0.090914,0.56702,0.045082
1.1,-0.16223,0.62842,0.11197
1.11,-0.22913,0.68747,0.17611
1.12,-0.29082,0.7434,0.237
1.13,-0.34655,0.79542,0.2942
1.14,-0.39565,0.84284,0.34735
1.15,-0.43751,0.88498,0.39614
1.16,-0.4716,0.92128,0.44034
1.17,-0.49751,0.95119,0.47976
1.18,-0.51488,0.97427,0.51432
1.19,-0.52347,0.99017,0.54399
1.2,-0.52317,0.99861,0.56881
1.21,-0.51392,0.99941,0.58888
1.22,-0.49582,0.99246,0.60437
1.23,-0.46904,0.97778,0.6155
1.24,-0.43387,0.95544,0.62254
1.25,-0.39071,0.92563,0.6258
1.26,-0.34004,0.8886,0.62564
1.27,-0.28244,0.8447,0.62243
1.28,-0.21859,0.79435,0.61657
1.29,-0.14921,0.73804,0.60848
1.3,-0.075143,0.67632,0.59858
1.31,0.0027532,0.6098,0.58729
1.32,0.083548,0.53913,0.57501
1.33,0.16628,0.465,0.56212
1.34,0.24995,0.38812,0.54899
1.35,0.33355,0.30923,0.53595
1.36,0.41607,0.22908,0.52328
1.37,0.49651,0.14841,0.51123
1.38,0.57388,0.067938,0.49999
1.39,0.64723,-0.011614,0.48971
1.4,0.71565,-0.089567,0.48049
1.41,0.77827,-0.16528,0.47235
1.42,0.83432,-0.23815,0.46527
1.43,0.88308,-0.30763,0.45917
1.44,0.9239,-0.37323,0.45394
1.45,0.95624,-0.43453,0.44937
1.46,0.97965,-0.49116,0.44526
1.47,0.99379,-0.54285,0.44132
1.48,0.99842,-0.58936,0.43725
1.49,0.9934,-0.63055,0.4327
1.5,0.97871,-0.66637,0.42734
1.51,0.95444,-0.69679,0.42076
1.52,0.92079,-0.7219,0.4126
1.53,0.87807,-0.74183,0.40247
1.54,0.82669,-0.75678,0.39
1.55,0.76716,-0.76701,0.37483
1.56,0.70008,-0.77281,0.35663
1.57,0.62615,-0.77455,0.33512
1.58,0.54613,-0.77262,0.31004
1.59,0.46085,-0.76743,0.28119
1.6,0.37123,-0.75943,0.24842
1.61,0.27819,-0.74909,0.21164
1.62,0.18273,-0.73686,0.17085
1.63,0.085865,-0.72323,0.12609
1.64,-0.011389,-0.70864,0.077481
1.65,-0.108,-0.69355,0.025224
1.66,-0.20294,-0.67838,-0.030409
1.67,-0.2952,-0.66352,-0.089075
1.68,-0.38382,-0.64933,-0.15036
1.69,-0.46787,-0.63614,-0.21377
1.7,-0.54646,-0.62422,-0.27878
1.71,-0.61878,-0.6138,-0.34477
1.72,-0.68407,-0.60506,-0.41109
1.73,-0.74167,-0.59812,-0.47706
1.74,-0.791,-0.59307,-0.54193
1.75,-0.83156,-0.58991,-0.60497
1.76,-0.86295,-0.58862,-0.6654
1.77,-0.88487,-0.58913,-0.72245
1.78,-0.89713,-0.5913,-0.77537
1.79,-0.89964,-0.59496,-0.82342
1.8,-0.89241,-0.5999,-0.86589
1.81,-0.87554,-0.60588,-0.90211
1.82,-0.84927,-0.61262,-0.93146
1.83,-0.81389,-0.61984,-0.95339
1.84,-0.76981,-0.6272,-0.96742
1.85,-0.71754,-0.6344,-0.97316
1.86,-0.65763,-0.64111,-0.97028
1.87,-0.59074,-0.64701,-0.95859
1.88,-0.51758,-0.65179,-0.93796
1.89,-0.43893,-0.65515,-0.90838
1.9,-0.35561,-0.65682,-0.86996
1.91,-0.26847,-0.65657,-0.82292
1.92,-0.17841,-0.65418,-0.76756
1.93,-0.086343,-0.6495,-0.70431
1.94,0.0068161,-0.6424,-0.63372
1.95,0.10015,-0.63279,-0.55642
1.96,0.19273,-0.62067,-0.47312
1.97,0.28369,-0.60603,-0.38466
1.98,0.37216,-0.58897,-0.29191
1.99,0.4573,-0.56961,-0.19584
2,0.53835,-0.54812,-0.097468
2.01,0.61456,-0.52472,0.0021464
2.02,0.68528,-0.49968,0.10191
2.03,0.7499,-0.47332,0.20071
2.04,0.80787,-0.44597,0.29744
2.05,0.85875,-0.41801,0.39098
2.06,0.90214,-0.38985,0.48026
2.07,0.93775,-0.3619,0.56423
2.08,0.96534,-0.3346,0.64189
2.09,0.98477,-0.30839,0.71233
2.1,0.99598,-0.2837,0.77469
2.11,0.99899,-0.26095,0.82821
2.12,0.99388,-0.24056,0.87223
2.13,0.98082,-0.2229,0.90619
2.14,0.96005,-0.20833,0.92967
2.15,0.93187,-0.19715,0.94233
2.16,0.89663,-0.18964,0.94401
2.17,0.85475,-0.186,0.93465
2.18,0.80669,-0.18639,0.91432
2.19,0.75297,-0.19091,0.88323
2.2,0.69411,-0.19959,0.84174
2.21,0.6307,-0.21241,0.7903
2.22,0.56332,-0.22926,0.72951
2.23,0.49258,-0.24998,0.66007
2.24,0.4191,-0.27432,0.58278
2.25,0.34348,-0.302,0.49857
2.26,0.26636,-0.33265,0.40841
2.27,0.18832,-0.36585,0.31336
2.28,0.10995,-0.40111,0.21456
2.29,0.03181,-0.43792,0.11316
2.3,-0.045555,-0.4757,0.01035
2.31,-0.12164,-0.51386,-0.092655
2.32,-0.19598,-0.55176,-0.19465
2.33,-0.26814,-0.58875,-0.29445
2.34,-0.33771,-0.62417,-0.3909
2.35,-0.40436,-0.65737,-0.48289
2.36,-0.46777,-0.68769,-0.56937
2.37,-0.52767,-0.71449,-0.64938
2.38,-0.58385,-0.73717,-0.72203
2.39,-0.63612,-0.75516,-0.78653
2.4,-0.68436,-0.76793,-0.84222
2.41,-0.72846,-0.77502,-0.88853
2.42,-0.76837,-0.77601,-0.92504
2.43,-0.80408,-0.77057,-0.95143
2.44,-0.8356,-0.75842,-0.96755
2.45,-0.86298,-0.73939,-0.97335
2.46,-0.8863,-0.71336,-0.96894
2.47,-0.90566,-0.68033,-0.95456
2.48,-0.92119,-0.64036,-0.93055
2.49,-0.93303,-0.59362,-0.89741
2.5,-0.94133,-0.54038,-0.85574
2.51,-0.94628,-0.48096,-0.80626
2.52,-0.94805,-0.41579,-0.74975
2.53,-0.94681,-0.34539,-0.68713
2.54,-0.94277,-0.27034,-0.61936
2.55,-0.93611,-0.19129,-0.54746
2.56,-0.927,-0.10896,-0.47251
2.57,-0.91563,-0.024121,-0.39561
2.58,-0.90218,0.062416,-0.31787
2.59,-0.88679,0.1498,-0.24043
2.6,-0.86963,0.23715,-0.16437
2.61,-0.85085,0.32357,-0.090769
2.62,-0.83056,0.40818,-0.020662
2.63,-0.8089,0.4901,0.044987
2.64,-0.78596,0.56844,0.10528
2.65,-0.76185,0.64238,0.15941
2.66,-0.73664,0.71112,0.20665
2.67,-0.71042,0.77393,0.24639
2.68,-0.68325,0.83011,0.27813
2.69,-0.65519,0.87906,0.30149
2.7,-0.62628,0.92024,0.3162
2.71,-0.59658,0.9532,0.32213
2.72,-0.56611,0.9776,0.31927
2.73,-0.53491,0.99317,0.30775
2.74,-0.50303,0.99976,0.28781
2.75,-0.47048,0.99731,0.25981
2.76,-0.43731,0.98588,0.22423
2.77,-0.40356,0.96561,0.18165
2.78,-0.36925,0.93677,0.13276
2.79,-0.33443,0.89972,0.07832
2.8,-0.29915,0.85491,0.019192
2.81,-0.26345,0.8029,-0.043719
2.82,-0.2274,0.7443,-0.10945
2.83,-0.19106,0.67984,-0.17699
2.84,-0.15448,0.61028,-0.24533
2.85,-0.11775,0.53647,-0.31343
2.86,-0.080936,0.45928,-0.38026
2.87,-0.044118,0.37965,-0.44482
2.88,-0.007378,0.29851,-0.50613
2.89,0.029199,0.21684,-0.56327
2.9,0.065528,0.13559,-0.61538
2.91,0.10152,0.055738,-0.66165
2.92,0.1371,-0.021792,-0.7014
2.93,0.17219,-0.096093,-0.73398
2.94,0.20669,-0.1663,-0.7589
2.95,0.24055,-0.23161,-0.77575
2.96,0.27369,-0.29128,-0.78422
2.97,0.30606,-0.34463,-0.78415
2.98,0.33761,-0.39108,-0.77546
2.99,0.36828,-0.43013,-0.75822
3,0.39805,-0.46136,-0.73261
3.01,0.4269,-0.48446,-0.6989
3.02,0.45481,-0.49922,-0.65751
3.03,0.48178,-0.50555,-0.60893
3.04,0.50782,-0.50343,-0.55376
3.05,0.53294,-0.49298,-0.49267
3.06,0.55717,-0.47439,-0.42645
3.07,0.58054,-0.44797,-0.35591
3.08,0.6031,-0.41411,-0.28192
3.09,0.6249,-0.37331,-0.20543
3.1,0.64598,-0.32612,-0.12737
3.11,0.66641,-0.2732,-0.048722
3.12,0.68624,-0.21525,0.029555
3.13,0.70554,-0.15303,0.1065
3.14,0.72434,-0.087361,0.18118
3.15,0.74272,-0.019082,0.2527
3.16,0.7607,0.050934,0.32021
3.17,0.77834,0.1218,0.38293
3.18,0.79566,0.19263,0.44014
3.19,0.81268,0.26255,0.4912
3.2,0.82939,0.33068,0.53557
3.21,0.8458,0.39621,0.5728
3.22,0.86188,0.45834,0.60254
3.23,0.87759,0.51633,0.62453
3.24,0.89287,0.56949,0.63865
3.25,0.90765,0.6172,0.64485
3.26,0.92183,0.65892,0.64321
3.27,0.9353,0.69417,0.63391
3.28,0.94795,0.72256,0.61724
3.29,0.95962,0.7438,0.59358
3.3,0.97018,0.75768,0.56339
3.31,0.97944,0.76406,0.52724
3.32,0.98723,0.76291,0.48574
3.33,0.99336,0.75429,0.4396
3.34,0.99764,0.73833,0.38957
3.35,0.99987,0.71526,0.33645
3.36,0.99986,0.68538,0.28106
3.37,0.99741,0.64906,0.22425
3.38,0.99234,0.60673,0.1669
3.39,0.98445,0.55891,0.10986
3.4,0.97359,0.50612,0.053975
3.41,0.9596,0.44897,7.1527e-05
3.42,0.94236,0.38809,-0.051064
3.43,0.92174,0.32412,-0.098691
3.44,0.89766,0.25774,-0.14212
3.45,0.87008,0.18962,-0.18074
3.46,0.83895,0.12043,-0.21399
3.47,0.80428,0.050831,-0.24139
3.48,0.76613,-0.018524,-0.26257
3.49,0.72455,-0.087022,-0.27722
3.5,0.67967,-0.15408,-0.28512
3.51,0.63164,-0.21917,-0.28616
3.52,0.58065,-0.28178,-0.28031
3.53,0.52692,-0.34148,-0.26763
3.54,0.47073,-0.39789,-0.24826
3.55,0.41237,-0.45068,-0.22246
3.56,0.35217,-0.49959,-0.19052
3.57,0.29051,-0.54444,-0.15286
3.58,0.22778,-0.58508,-0.10991
3.59,0.16439,-0.62145,-0.062214
3.6,0.1008,-0.65354,-0.010333
3.61,0.03746,-0.68141,0.045113
3.62,-0.025152,-0.70517,0.10347
3.63,-0.086554,-0.72499,0.16407
3.64,-0.14626,-0.74107,0.22621
3.65,-0.20378,-0.75367,0.28919
3.66,-0.25863,-0.76308,0.35232
3.67,-0.31035,-0.76961,0.41492
3.68,-0.35848,-0.7736,0.47633
3.69,-0.40259,-0.77542,0.53592
3.7,-0.44228,-0.77543,0.5931
3.71,-0.47717,-0.77399,0.64732
3.72,-0.50693,-0.77146,0.69809
3.73,-0.53127,-0.76819,0.74498
3.74,-0.54992,-0.76451,0.78761
3.75,-0.56269,-0.76071,0.82567
3.76,-0.56942,-0.75708,0.85893
3.77,-0.57001,-0.75384,0.88721
3.78,-0.5644,-0.7512,0.91042
3.79,-0.55262,-0.7493,0.92852
3.8,-0.53472,-0.74825,0.94156
3.81,-0.51083,-0.74812,0.94964
3.82,-0.48112,-0.7489,0.95292
3.83,-0.44581,-0.75055,0.95163
3.84,-0.40519,-0.753,0.94604
3.85,-0.35959,-0.7561,0.93649
3.86,-0.30939,-0.75967,0.92334
3.87,-0.25501,-0.7635,0.90698
3.88,-0.19689,-0.76732,0.88786
3.89,-0.13554,-0.77085,0.86641
3.9,-0.07147,-0.77376,0.84311
3.91,-0.0052178,-0.77571,0.81843
3.92,0.062656,-0.77636,0.79283
3.93,0.13158,-0.77534,0.76677
3.94,0.20099,-0.77228,0.7407
3.95,0.2703,-0.76681,0.71504
3.96,0.33896,-0.75859,0.6902
3.97,0.4064,-0.74729,0.66654
3.98,0.4721,-0.73259,0.64439
3.99,0.53556,-0.71423,0.62403
4,0.59628,-0.69195,0.60572
4.01,0.65384,-0.66556,0.58964
4.02,0.70783,-0.63492,0.57596
4.03,0.75789,-0.59991,0.56477
4.04,0.80371,-0.56049,0.55612
4.05,0.84502,-0.51668,0.55002
4.06,0.88163,-0.46854,0.54643
4.07,0.91337,-0.4162,0.54525
4.08,0.94015,-0.35986,0.54636
4.09,0.96193,-0.29975,0.54957
4.1,0.97871,-0.2362,0.5547
4.11,0.99056,-0.16955,0.56149
4.12,0.9976,-0.10022,0.56968
4.13,0.99999,-0.028678,0.57899
4.14,0.99797,0.044578,0.5891
4.15,0.99177,0.119,0.5997
4.16,0.98171,0.19403,0.61047
4.17,0.96811,0.26905,0.62108
4.18,0.95135,0.34345,0.6312
4.19,0.93181,0.41661,0.64051
4.2,0.90991,0.48788,0.64872
4.21,0.88607,0.55665,0.65553
4.22,0.86073,0.6223,0.66067
4.23,0.83433,0.68423,0.6639
4.24,0.80731,0.74187,0.66499
4.25,0.78008,0.79469,0.66376
4.26,0.75308,0.84218,0.66003
4.27,0.7267,0.8839,0.65368
4.28,0.7013,0.91944,0.6446
4.29,0.67725,0.94848,0.63274
4.3,0.65484,0.97071,0.61804
4.31,0.63437,0.98593,0.60051
4.32,0.61608,0.99398,0.58017
4.33,0.60016,0.99479,0.55707
4.34,0.58679,0.98835,0.53129
4.35,0.57606,0.9747,0.50293
4.36,0.56807,0.95398,0.47211
4.37,0.56282,0.92639,0.43898
4.38,0.56032,0.89218,0.40369
4.39,0.56049,0.85168,0.36642
4.4,0.56325,0.80527,0.32734
4.41,0.56845,0.75338,0.28665
4.42,0.57593,0.6965,0.24453
4.43,0.58547,0.63514,0.20118
4.44,0.59685,0.56987,0.15679
4.45,0.6098,0.50127,0.11155
4.46,0.62405,0.42997,0.065654
4.47,0.63931,0.35658,0.019277
4.48,0.65526,0.28173,-0.027409
4.49,0.67159,0.20607,-0.074239
4.5,0.688,0.13022,-0.12106
4.51,0.70416,0.054793,-0.16772
4.52,0.71978,-0.019619,-0.21408
4.53,0.73456,-0.092448,-0.26003
4.54,0.74823,-0.16316,-0.30543
4.55,0.76052,-0.23127,-0.35018
4.56,0.77121,-0.29631,-0.39416
4.57,0.78008,-0.35789,-0.43728
4.58,0.78696,-0.41566,-0.47943
4.59,0.7917,-0.46931,-0.52052
4.6,0.79418,-0.51861,-0.56045
4.61,0.79433,-0.56337,-0.59911
4.62,0.79209,-0.60347,-0.63642
4.63,0.78746,-0.63884,-0.67226
4.64,0.78046,-0.66947,-0.70651
4.65,0.77113,-0.69541,-0.73906
4.66,0.75957,-0.71675,-0.76978
4.67,0.74589,-0.73366,-0.79853
4.68,0.73024,-0.74632,-0.82518
4.69,0.71279,-0.75498,-0.84956
4.7,0.69372,-0.75991,-0.87153
4.71,0.67323,-0.76144,-0.8909
4.72,0.65157,-0.75989,-0.90752
4.73,0.62895,-0.75564,-0.92119
4.74,0.60561,-0.74907,-0.93176
4.75,0.58181,-0.74056,-0.93902
4.76,0.55777,-0.73051,-0.94282
4.77,0.53374,-0.71933,-0.94297
4.78,0.50994,-0.7074,-0.93932
4.79,0.4866,-0.69511,-0.9317
4.8,0.4639,-0.68281,-0.91999
4.81,0.44202,-0.67085,-0.90407
4.82,0.42114,-0.65954,-0.88382
4.83,0.40137,-0.64918,-0.85919
4.84,0.38284,-0.64001,-0.83012
4.85,0.36561,-0.63226,-0.7966
4.86,0.34976,-0.62609,-0.75865
4.87,0.33529,-0.62165,-0.7163
4.88,0.32221,-0.61905,-0.66967
4.89,0.31048,-0.61832,-0.61886
4.9,0.30005,-0.61949,-0.56406
4.91,0.29082,-0.62252,-0.50547
4.92,0.28268,-0.62736,-0.44334
4.93,0.2755,-0.63388,-0.37796
4.94,0.26913,-0.64195,-0.30966
4.95,0.2634,-0.65138,-0.2388
4.96,0.25811,-0.66197,-0.1658
4.97,0.25308,-0.67347,-0.091081
4.98,0.2481,-0.68563,-0.015111
4.99,0.24296,-0.69816,0.061619
5,0.23747,-0.71076,0.1386
5.01,0.23141,-0.72312,0.2153
5.02,0.22459,-0.73492,0.29119
5.03,0.21683,-0.74583,0.36572
5.04,0.20796,-0.75554,0.43834
5.05,0.19782,-0.76373,0.50852
5.06,0.18628,-0.77009,0.57573
5.07,0.17324,-0.77432,0.63945
5.08,0.15859,-0.77615,0.69922
5.09,0.14229,-0.77531,0.75456
5.1,0.12429,-0.77156,0.80505
5.11,0.1046,-0.76471,0.85032
5.12,0.083224,-0.75456,0.89002
5.13,0.060224,-0.74096,0.92387
5.14,0.035673,-0.7238,0.95163
5.15,0.0096748,-0.70298,0.97313
5.16,-0.017645,-0.67845,0.98823
5.17,-0.046135,-0.6502,0.99688
5.18,-0.075627,-0.61824,0.99907
5.19,-0.10593,-0.58261,0.99488
5.2,-0.13685,-0.54341,0.98441
5.21,-0.16817,-0.50075,0.96786
5.22,-0.19967,-0.45479,0.94546
5.23,-0.23113,-0.40569,0.91751
5.24,-0.26232,-0.35367,0.88436
5.25,-0.29302,-0.29897,0.8464
5.26,-0.32302,-0.24184,0.80406
5.27,-0.35212,-0.18257,0.75784
5.28,-0.38013,-0.12145,0.70823
5.29,-0.40687,-0.05882,0.65577
5.3,-0.43221,0.0049992,0.60101
5.31,-0.45601,0.069655,0.54452
5.32,-0.47818,0.13479,0.48686
5.33,-0.49863,0.20004,0.42862
5.34,-0.51733,0.26503,0.37035
5.35,-0.53425,0.32939,0.31259
5.36,-0.54942,0.39275,0.25588
5.37,-0.56287,0.45473,0.2007
5.38,-0.57468,0.51497,0.14753
5.39,-0.58494,0.57312,0.096782
5.4,-0.59379,0.62882,0.048836
5.41,-0.60138,0.68174,0.0040221
5.42,-0.60787,0.73154,-0.037381
5.43,-0.61346,0.77792,-0.07515
5.44,-0.61835,0.82058,-0.10912
5.45,-0.62275,0.85925,-0.13918
5.46,-0.62689,0.89367,-0.16529
5.47,-0.63099,0.9236,-0.18745
5.48,-0.63527,0.94885,-0.20574
5.49,-0.63996,0.9692,-0.22027
5.5,-0.64525,0.98452,-0.23122
5.51,-0.65134,0.99465,-0.23882
5.52,-0.65839,0.99949,-0.24333
5.53,-0.66656,0.99897,-0.24508
5.54,-0.67595,0.99302,-0.24439
5.55,-0.68667,0.98165,-0.24167
5.56,-0.69877,0.96485,-0.23729
5.57,-0.71226,0.94268,-0.23168
5.58,-0.72712,0.91521,-0.22528
5.59,-0.7433,0.88256,-0.21851
5.6,-0.7607,0.84488,-0.2118
5.61,-0.77916,0.80234,-0.20558
5.62,-0.79852,0.75516,-0.20025
5.63,-0.81855,0.70358,-0.1962
5.64,-0.83899,0.6479,-0.1938
5.65,-0.85956,0.58843,-0.19336
5.66,-0.87991,0.52551,-0.19517
5.67,-0.89972,0.45952,-0.1995
5.68,-0.91859,0.39088,-0.20653
5.69,-0.93613,0.32001,-0.21643
5.7,-0.95193,0.24738,-0.22931
5.71,-0.96558,0.17348,-0.24521
5.72,-0.97666,0.098796,-0.26415
5.73,-0.98476,0.023869,-0.28607
5.74,-0.98946,-0.050769,-0.31088
5.75,-0.99039,-0.12457,-0.33843
5.76,-0.98718,-0.19698,-0.36852
5.77,-0.9795,-0.26744,-0.40091
5.78,-0.96705,-0.33539,-0.43533
5.79,-0.94958,-0.40029,-0.47146
5.8,-0.92688,-0.46159,-0.50894
5.81,-0.89879,-0.51877,-0.54741
5.82,-0.86522,-0.57133,-0.58647
5.83,-0.82613,-0.6188,-0.62569
5.84,-0.78155,-0.66072,-0.66467
5.85,-0.73156,-0.69669,-0.70298
5.86,-0.67633,-0.72634,-0.74018
5.87,-0.61607,-0.74935,-0.77586
5.88,-0.55109,-0.76544,-0.80962
5.89,-0.48175,-0.7744,-0.84107
5.9,-0.40847,-0.77606,-0.86985
5.91,-0.33174,-0.77031,-0.89563
5.92,-0.2521,-0.75713,-0.91811
5.93,-0.17015,-0.73654,-0.93702
5.94,-0.086532,-0.70863,-0.95214
5.95,-0.0019337,-0.67356,-0.96329
5.96,0.082926,-0.63158,-0.97034
5.97,0.1673,-0.58296,-0.9732
5.98,0.25043,-0.52809,-0.97182
5.99,0.33153,-0.4674,-0.9662
6,0.40983,-0.40137,-0.95641
6.01,0.48457,-0.33055,-0.94252
6.02,0.55498,-0.25557,-0.92469
6.03,0.62036,-0.17706,-0.9031
6.04,0.68,-0.095747,-0.87796
6.05,0.73326,-0.012356,-0.84952
6.06,0.77956,0.072338,-0.81808
6.07,0.81836,0.15754,-0.78394
6.08,0.84919,0.24243,-0.74744
6.09,0.87167,0.32619,-0.70895
6.1,0.88549,0.408,-0.66881
6.11,0.89042,0.48704,-0.62743
6.12,0.88634,0.56252,-0.58517
6.13,0.87319,0.63366,-0.54242
6.14,0.85104,0.69973,-0.49957
6.15,0.82004,0.76003,-0.45697
6.16,0.78043,0.81391,-0.41499
6.17,0.73255,0.86079,-0.37397
6.18,0.67684,0.90015,-0.33423
6.19,0.61381,0.93155,-0.29607
6.2,0.54407,0.9546,-0.25977
6.21,0.4683,0.96902,-0.22555
6.22,0.38725,0.97462,-0.19365
6.23,0.30174,0.97128,-0.16425
6.24,0.21263,0.95898,-0.13751
6.25,0.12085,0.93781,-0.11354
6.26,0.027349,0.90794,-0.092436
6.27,-0.066902,0.86963,-0.074266
6.28,-0.16091,0.82325,-0.059057
6.29,-0.25368,0.76925,-0.046813
6.3,-0.34422,0.70815,-0.037511
6.31,-0.43156,0.64058,-0.031101
6.32,-0.51477,0.56721,-0.027512
6.33,-0.59295,0.48882,-0.026652
6.34,-0.66525,0.4062,-0.028411
6.35,-0.73089,0.32024,-0.032663
6.36,-0.78915,0.23183,-0.039269
6.37,-0.8394,0.14192,-0.048079
6.38,-0.88107,0.051459,-0.058935
6.39,-0.91373,-0.038572,-0.071673
6.4,-0.93699,-0.12721,-0.086126
6.41,-0.95062,-0.21348,-0.10212
6.42,-0.95444,-0.29646,-0.11949
6.43,-0.94843,-0.37524,-0.13807
6.44,-0.93264,-0.44896,-0.15768
6.45,-0.90724,-0.51681,-0.17817
6.46,-0.87251,-0.57805,-0.19937
6.47,-0.82882,-0.63199,-0.22113
6.48,-0.77666,-0.67806,-0.24331
6.49,-0.71659,-0.71573,-0.26575
6.5,-0.64927,-0.7446,-0.28832
6.51,-0.57542,-0.76435,-0.31088
6.52,-0.49586,-0.77476,-0.33329
6.53,-0.41144,-0.77572,-0.35543
6.54,-0.32308,-0.76722,-0.37716
6.55,-0.23173,-0.74936,-0.39835
6.56,-0.13836,-0.72234,-0.41888
6.57,-0.043983,-0.68647,-0.43862
6.58,0.050407,-0.64215,-0.45744
6.59,0.14381,-0.58987,-0.47519
6.6,0.23525,-0.53022,-0.49174
6.61,0.32378,-0.46386,-0.50696
6.62,0.40849,-0.39152,-0.5207
6.63,0.48851,-0.31401,-0.5328
6.64,0.56306,-0.23216,-0.54312
6.65,0.63139,-0.14688,-0.55151
6.66,0.69285,-0.059079,-0.55781
6.67,0.74688,0.030287,-0.56186
6.68,0.79299,0.12027,-0.56352
6.69,0.8308,0.20992,-0.56263
6.7,0.86001,0.29829,-0.55904
6.71,0.88045,0.38449,-0.55263
6.72,0.89201,0.46763,-0.54326
6.73,0.89471,0.5469,-0.53082
6.74,0.88868,0.62152,-0.5152
6.75,0.87411,0.6908,-0.49634
6.76,0.85132,0.75411,-0.47416
6.77,0.82069,0.8109,-0.44863
6.78,0.78269,0.86072,-0.41975
6.79,0.73788,0.90321,-0.38752
6.8,0.68687,0.93811,-0.352
6.81,0.63034,0.96524,-0.31328
6.82,0.569,0.98455,-0.27146
6.83,0.50362,0.99608,-0.2267
6.84,0.43499,0.99996,-0.1792
6.85,0.36393,0.99642,-0.12918
6.86,0.29123,0.9858,-0.076897
6.87,0.21773,0.96851,-0.02266
6.88,0.14422,0.94503,0.033198
6.89,0.071477,0.91596,0.090308
6.9,0.00024266,0.8819,0.14827
6.91,-0.068781,0.84357,0.20666
6.92,-0.13494,0.80169,0.26503
6.93,-0.19766,0.75705,0.3229
6.94,-0.25639,0.71043,0.37979
6.95,-0.3107,0.66265,0.4352
6.96,-0.36019,0.61453,0.48863
6.97,-0.40458,0.56687,0.53957
6.98,-0.44364,0.52045,0.58753
6.99,-0.47725,0.47604,0.63202
7,-0.50536,0.43435,0.67259
7.01,-0.528,0.39603,0.70878
7.02,-0.54529,0.36169,0.7402
7.03,-0.55741,0.33187,0.76646
7.04,-0.56465,0.30703,0.78724
7.05,-0.56732,0.28754,0.80225
7.06,-0.56583,0.27369,0.81127
7.07,-0.56063,0.2657,0.81413
7.08,-0.55221,0.26366,0.81071
7.09,-0.54111,0.26759,0.80097
7.1,-0.52789,0.27743,0.78494
7.11,-0.51313,0.293,0.76269
7.12,-0.49744,0.31404,0.73439
7.13,-0.4814,0.34022,0.70027
7.14,-0.46561,0.3711,0.66063
7.15,-0.45063,0.4062,0.61582
7.16,-0.437,0.44497,0.56627
7.17,-0.42523,0.48677,0.51247
7.18,-0.41578,0.53094,0.45497
7.19,-0.40907,0.57678,0.39434
7.2,-0.40545,0.62356,0.33123
7.21,-0.40521,0.67053,0.26632
7.22,-0.40856,0.71693,0.20031
7.23,-0.41567,0.762,0.13391
7.24,-0.4266,0.80501,0.067884
7.25,-0.44136,0.84525,0.0029649
7.26,-0.45987,0.88205,-0.060102
7.27,-0.48198,0.91478,-0.12059
7.28,-0.50746,0.94285,-0.17778
7.29,-0.53602,0.96578,-0.23101
7.3,-0.56729,0.98312,-0.27962
7.31,-0.60084,0.9945,-0.32303
7.32,-0.6362,0.99967,-0.3607
7.33,-0.67284,0.99842,-0.39215
7.34,-0.71018,0.99066,-0.41697
7.35,-0.74763,0.9764,-0.43482
7.36,-0.78455,0.95571,-0.44544
7.37,-0.82031,0.92878,-0.44867
7.38,-0.85427,0.89587,-0.44439
7.39,-0.88577,0.85736,-0.43262
7.4,-0.9142,0.81366,-0.41343
7.41,-0.93895,0.76531,-0.38698
7.42,-0.95946,0.71287,-0.35353
7.43,-0.97519,0.657,-0.3134
7.44,-0.98568,0.5984,-0.26702
7.45,-0.99051,0.53779,-0.21487
7.46,-0.98933,0.47597,-0.15749
7.47,-0.98187,0.4137,-0.095507
7.48,-0.96792,0.35182,-0.029579
7.49,-0.94737,0.29111,0.03958
7.5,-0.9202,0.23238,0.11122
7.51,-0.88644,0.17639,0.18457
7.52,-0.84626,0.1239,0.25882
7.53,-0.79987,0.075581,0.33319
7.54,-0.7476,0.032097,0.40687
7.55,-0.68985,-0.0059752,0.47907
7.56,-0.62709,-0.038122,0.54902
7.57,-0.55989,-0.063906,0.61599
7.58,-0.48886,-0.082975,0.67928
7.59,-0.41469,-0.095063,0.73824
7.6,-0.33811,-0.099997,0.79227
7.61,-0.25991,-0.097698,0.84085
7.62,-0.18089,-0.088182,0.88351
7.63,-0.10192,-0.071563,0.91986
7.64,-0.023825,-0.048047,0.9496
7.65,0.05252,-0.017935,0.97248
7.66,0.12627,0.018386,0.98835
7.67,0.19659,0.060445,0.99716
7.68,0.26267,0.10769,0.99891
7.69,0.32376,0.15952,0.99371
7.7,0.37914,0.21523,0.98173
7.71,0.42815,0.2741,0.96321
7.72,0.47021,0.33535,0.93849
7.73,0.5048,0.39818,0.90793
7.74,0.53151,0.46174,0.87198
7.75,0.54999,0.52519,0.83114
7.76,0.56001,0.58769,0.78594
7.77,0.56142,0.6484,0.73695
7.78,0.55417,0.7065,0.68476
7.79,0.53834,0.76121,0.62998
7.8,0.51409,0.81177,0.57324
7.81,0.48168,0.8575,0.51515
7.82,0.44148,0.89776,0.45633
7.83,0.39396,0.93198,0.39736
7.84,0.33967,0.95966,0.3388
7.85,0.27924,0.98039,0.28119
7.86,0.2134,0.99383,0.22502
7.87,0.14293,0.99973,0.17072
7.88,0.068682,0.99796,0.11869
7.89,-0.0084534,0.98843,0.069262
7.9,-0.087535,0.97118,0.02271
7.91,-0.1676,0.94632,-0.020755
7.92,-0.24765,0.91407,-0.060984
7.93,-0.32672,0.87471,-0.097893
7.94,-0.40381,0.82861,-0.13146
7.95,-0.47795,0.77622,-0.16172
7.96,-0.54822,0.71804,-0.18876
7.97,-0.61371,0.65465,-0.21275
7.98,-0.67359,0.58667,-0.23387
7.99,-0.72708,0.51477,-0.25237
8,-0.77347,0.43964,-0.26852
8.01,-0.81213,0.36201,-0.28263
8.02,-0.84253,0.28262,-0.29503
8.03,-0.86423,0.20221,-0.30606
8.04,-0.87687,0.12153,-0.31608
8.05,-0.88023,0.041284,-0.32543
8.06,-0.87418,-0.037809,-0.33445
8.07,-0.85869,-0.11508,-0.34347
8.08,-0.83387,-0.18991,-0.35279
8.09,-0.79992,-0.26171,-0.36268
8.1,-0.75714,-0.32995,-0.37335
8.11,-0.70596,-0.39416,-0.38501
8.12,-0.64687,-0.45394,-0.39778
8.13,-0.58051,-0.50895,-0.41176
8.14,-0.50754,-0.55893,-0.42698
8.15,-0.42876,-0.60369,-0.4434
8.16,-0.345,-0.64309,-0.46095
8.17,-0.25717,-0.6771,-0.47948
8.18,-0.16621,-0.70575,-0.49879
8.19,-0.073112,-0.72911,-0.51863
8.2,0.021099,-0.74736,-0.5387
8.21,0.1154,-0.7607,-0.55864
8.22,0.20874,-0.76942,-0.57807
8.23,0.30012,-0.77383,-0.59655
8.24,0.38851,-0.7743,-0.61365
8.25,0.47295,-0.77123,-0.62887
8.26,0.55251,-0.76505,-0.64175
8.27,0.62631,-0.75622,-0.65179
8.28,0.69354,-0.7452,-0.65852
8.29,0.75346,-0.73245,-0.66148
8.3,0.80542,-0.71845,-0.66022
8.31,0.84884,-0.70365,-0.65435
8.32,0.88324,-0.68848,-0.6435
8.33,0.90826,-0.67337,-0.62737
8.34,0.92363,-0.6587,-0.60571
8.35,0.92916,-0.64481,-0.57834
8.36,0.92482,-0.63202,-0.54514
8.37,0.91064,-0.62057,-0.50608
8.38,0.88679,-0.61069,-0.46121
8.39,0.85351,-0.60254,-0.41065
8.4,0.81119,-0.59623,-0.35464
8.41,0.76026,-0.5918,-0.29346
8.42,0.70128,-0.58928,-0.22752
8.43,0.63488,-0.5886,-0.15727
8.44,0.56177,-0.58968,-0.083262
8.45,0.48273,-0.59236,-0.0061273
8.46,0.39858,-0.59648,0.073448
8.47,0.31022,-0.60179,0.15471
8.48,0.21856,-0.60806,0.23686
8.49,0.12456,-0.61499,0.31906
8.5,0.029185,-0.62229,0.40042
8.51,-0.066585,-0.62964,0.48005
8.52,-0.16178,-0.63671,0.55704
8.53,-0.25543,-0.64319,0.6305
8.54,-0.34662,-0.64874,0.69952
8.55,-0.43442,-0.65308,0.76325
8.56,-0.51799,-0.6559,0.82086
8.57,-0.59652,-0.65696,0.87159
8.58,-0.66927,-0.65602,0.91473
8.59,-0.73554,-0.65288,0.94964
8.6,-0.79474,-0.64741,0.97578
8.61,-0.84633,-0.63948,0.99269
8.62,-0.88987,-0.62903,1
8.63,-0.925,-0.61606,0.99748
8.64,-0.95145,-0.60061,0.98498
8.65,-0.96904,-0.58277,0.96248
8.66,-0.97767,-0.56267,0.9301
8.67,-0.97736,-0.54052,0.88804
8.68,-0.96818,-0.51654,0.83664
8.69,-0.95031,-0.49102,0.77636
8.7,-0.924,-0.46429,0.70777
8.71,-0.88959,-0.43669,0.63154
8.72,-0.84747,-0.40862,0.54845
8.73,-0.79813,-0.38049,0.45936
8.74,-0.74209,-0.35271,0.36523
8.75,-0.67993,-0.32572,0.26707
8.76,-0.61229,-0.29997,0.16596
8.77,-0.53983,-0.27588,0.063027
8.78,-0.46325,-0.25387,-0.040578
8.79,-0.38328,-0.23435,-0.14368
8.8,-0.30064,-0.21769,-0.24511
8.81,-0.21608,-0.20421,-0.3437
8.82,-0.13033,-0.19423,-0.43831
8.83,-0.044136,-0.18798,-0.52785
8.84,0.041801,-0.18567,-0.61128
8.85,0.12679,-0.18743,-0.68764
8.86,0.21016,-0.19334,-0.75603
8.87,0.29129,-0.20341,-0.81566
8.88,0.36959,-0.21758,-0.86584
8.89,0.44453,-0.23575,-0.90599
8.9,0.5156,-0.2577,-0.93566
8.91,0.58237,-0.2832,-0.95452
8.92,0.64445,-0.31191,-0.96237
8.93,0.70151,-0.34346,-0.95916
8.94,0.75327,-0.3774,-0.94494
8.95,0.79951,-0.41324,-0.91994
8.96,0.84007,-0.45043,-0.88449
8.97,0.87485,-0.48841,-0.83907
8.98,0.9038,-0.52655,-0.78425
8.99,0.92691,-0.56422,-0.72075
9,0.94423,-0.60077,-0.64937
9.01,0.95586,-0.63552,-0.57102
9.02,0.96193,-0.66783,-0.48669
9.03,0.96263,-0.69704,-0.39743
9.04,0.95816,-0.72253,-0.30436
9.05,0.94876,-0.74371,-0.20862
9.06,0.9347,-0.76002,-0.11141
9.07,0.91627,-0.77095,-0.013896
9.08,0.89377,-0.77605,0.082722
9.09,0.86751,-0.77493,0.17729
9.1,0.83782,-0.76728,0.26867
9.11,0.80503,-0.75285,0.35579
9.12,0.76947,-0.73149,0.43764
9.13,0.73145,-0.70313,0.51328
9.14,0.69131,-0.66777,0.58188
9.15,0.64933,-0.62552,0.64269
9.16,0.60582,-0.57658,0.69507
9.17,0.56106,-0.52124,0.73852
9.18,0.5153,-0.45985,0.77265
9.19,0.46879,-0.39288,0.79718
9.2,0.42176,-0.32086,0.81201
9.21,0.3744,-0.2444,0.81712
9.22,0.3269,-0.16418,0.81267
9.23,0.27943,-0.080921,0.79891
9.24,0.23213,0.0045778,0.77623
9.25,0.18512,0.091492,0.74515
9.26,0.13851,0.17896,0.70628
9.27,0.092381,0.2661,0.66036
9.28,0.046815,0.35202,0.60819
9.29,0.001868,0.43583,0.55067
9.3,-0.042413,0.51665,0.48876
9.31,-0.085992,0.59362,0.42347
9.32,-0.12884,0.66591,0.35585
9.33,-0.17094,0.73275,0.28699
9.34,-0.21227,0.79342,0.21797
9.35,-0.25283,0.84726,0.14986
9.36,-0.29259,0.89367,0.083724
9.37,-0.33156,0.93216,0.020579
9.38,-0.36972,0.9623,-0.038602
9.39,-0.40706,0.98378,-0.092913
9.4,-0.44356,0.99637,-0.14152
9.41,-0.4792,0.99995,-0.18369
9.42,-0.51397,0.99449,-0.21876
9.43,-0.54783,0.98009,-0.2462
9.44,-0.58075,0.95693,-0.26558
9.45,-0.6127,0.92531,-0.27659
9.46,-0.64364,0.88562,-0.27904
9.47,-0.67351,0.83835,-0.27286
9.48,-0.70228,0.78406,-0.25812
9.49,-0.7299,0.72343,-0.23499
9.5,-0.75631,0.65718,-0.20379
9.51,-0.78147,0.58611,-0.16491
9.52,-0.80534,0.51107,-0.1189
9.53,-0.82785,0.43296,-0.066375
9.54,-0.84898,0.35272,-0.0080492
9.55,-0.86868,0.2713,0.055278
9.56,-0.88692,0.18966,0.12274
9.57,-0.90367,0.10877,0.19341
9.58,-0.91892,0.029591,0.26634
9.59,-0.93265,-0.046961,0.34051
9.6,-0.94486,-0.11999,0.41492
9.61,-0.95556,-0.18865,0.48856
9.62,-0.96476,-0.25216,0.56042
9.63,-0.97249,-0.3098,0.62954
9.64,-0.97878,-0.36091,0.69497
9.65,-0.98366,-0.40494,0.75585
9.66,-0.98719,-0.44142,0.81135
9.67,-0.98943,-0.46997,0.86073
9.68,-0.99043,-0.49031,0.90334
9.69,-0.99027,-0.50227,0.93863
9.7,-0.98901,-0.50578,0.96612
9.71,-0.98673,-0.50087,0.98548
9.72,-0.9835,-0.48767,0.99647
9.73,-0.97938,-0.46643,0.99895
9.74,-0.97446,-0.43748,0.99293
9.75,-0.9688,-0.40125,0.9785
9.76,-0.96246,-0.35826,0.9559
9.77,-0.95548,-0.30908,0.92543
9.78,-0.94793,-0.2544,0.88755
9.79,-0.93982,-0.19494,0.84277
9.8,-0.93118,-0.13148,0.79171
9.81,-0.92203,-0.064849,0.73507
9.82,-0.91237,0.0041072,0.67363
9.83,-0.90217,0.074506,0.6082
9.84,-0.89141,0.14546,0.53966
9.85,-0.88005,0.21608,0.46891
9.86,-0.86804,0.2855,0.3969
9.87,-0.85531,0.35286,0.32456
9.88,-0.84178,0.41734,0.25282
9.89,-0.82736,0.47817,0.1826
9.9,-0.81194,0.53462,0.11479
9.91,-0.79544,0.58603,0.050252
9.92,-0.77773,0.6318,-0.010233
9.93,-0.7587,0.6714,-0.065927
9.94,-0.73823,0.70441,-0.11617
9.95,-0.71621,0.73045,-0.16037
9.96,-0.69254,0.74926,-0.19806
9.97,-0.66709,0.76064,-0.22881
9.98,-0.63979,0.76451,-0.25234
9.99,-0.61056,0.76086,-0.26844
10,-0.57931,0.74977,-0.27702
10.01,-0.54601,0.73142,-0.27808
10.02,-0.51063,0.70604,-0.27173
10.03,-0.47316,0.67397,-0.25818
10.04,-0.43362,0.63559,-0.23774
10.05,-0.39206,0.59138,-0.21079
10.06,-0.34854,0.54183,-0.17781
10.07,-0.30316,0.48753,-0.13936
10.08,-0.25607,0.42906,-0.096064
10.09,-0.20741,0.36708,-0.048598
10.1,-0.15739,0.30223,0.002307
10.11,-0.10622,0.23519,0.055883
10.12,-0.054155,0.16664,0.11133
10.13,-0.0014682,0.09724,0.16785
10.14,0.051535,0.027655,0.22461
10.15,0.10453,-0.041481,0.28081
10.16,0.15716,-0.10956,0.33565
10.17,0.20908,-0.17602,0.38837
10.18,0.25989,-0.24033,0.43824
10.19,0.3092,-0.30202,0.48458
10.2,0.35662,-0.36066,0.52675
10.21,0.40176,-0.4159,0.5642
10.22,0.4442,-0.46742,0.59642
10.23,0.48356,-0.515,0.62301
10.24,0.51945,-0.55846,0.64361
10.25,0.55152,-0.59768,0.65797
10.26,0.57941,-0.63262,0.66592
10.27,0.60281,-0.66329,0.66737
10.28,0.62142,-0.68978,0.6623
10.29,0.63498,-0.71221,0.65081
10.3,0.64328,-0.73075,0.63304
10.31,0.64614,-0.74564,0.60924
10.32,0.64341,-0.75714,0.57972
10.33,0.63501,-0.76556,0.54484
10.34,0.62089,-0.7712,0.50505
10.35,0.60107,-0.77443,0.46082
10.36,0.5756,-0.77561,0.41269
10.37,0.54459,-0.77509,0.36122
10.38,0.50822,-0.77325,0.30702
10.39,0.46668,-0.77043,0.25069
10.4,0.42025,-0.76699,0.19286
10.41,0.36924,-0.76324,0.13415
10.42,0.314,-0.75947,0.075178
10.43,0.25494,-0.75595,0.016547
10.44,0.1925,-0.75289,-0.041168
10.45,0.12716,-0.75048,-0.097421
10.46,0.059403,-0.74885,-0.1517
10.47,-0.010222,-0.74811,-0.20356
10.48,-0.081169,-0.74828,-0.25256
10.49,-0.15287,-0.74935,-0.29836
10.5,-0.22476,-0.75129,-0.34065
10.51,-0.29624,-0.75397,-0.37919
10.52,-0.36676,-0.75725,-0.4138
10.53,-0.43574,-0.76093,-0.44437
10.54,-0.50263,-0.76479,-0.47083
10.55,-0.5669,-0.76854,-0.4932
10.56,-0.62805,-0.7719,-0.51154
10.57,-0.6856,-0.77453,-0.52598
10.58,-0.73912,-0.77609,-0.53668
10.59,-0.78821,-0.77623,-0.54387
10.6,-0.83252,-0.77456,-0.54782
10.61,-0.87176,-0.77074,-0.54884
10.62,-0.90567,-0.76439,-0.54727
10.63,-0.93405,-0.75518,-0.54346
10.64,-0.95678,-0.74278,-0.53781
10.65,-0.97377,-0.72689,-0.53071
10.66,-0.98499,-0.70725,-0.52257
10.67,-0.99047,-0.68362,-0.51379
10.68,-0.99032,-0.65583,-0.50478
10.69,-0.98466,-0.62374,-0.49592
10.7,-0.97371,-0.58726,-0.48758
10.71,-0.95771,-0.54638,-0.48012
10.72,-0.93695,-0.50111,-0.47384
10.73,-0.91177,-0.45155,-0.46904
10.74,-0.88255,-0.39786,-0.46597
10.75,-0.84969,-0.34023,-0.46484
10.76,-0.81364,-0.27894,-0.46584
10.77,-0.77485,-0.21431,-0.46908
10.78,-0.73379,-0.14672,-0.47466
10.79,-0.69097,-0.076596,-0.48263
10.8,-0.64687,-0.0044236,-0.49298
10.81,-0.60198,0.069284,-0.50567
10.82,-0.55679,0.14397,-0.52062
10.83,-0.51178,0.21906,-0.53772
10.84,-0.46739,0.29395,-0.55681
10.85,-0.42407,0.36801,-0.57771
10.86,-0.38222,0.4406,-0.60019
10.87,-0.34222,0.51111,-0.62402
10.88,-0.30439,0.57891,-0.64895
10.89,-0.26903,0.64339,-0.67469
10.9,-0.23641,0.70395,-0.70095
10.91,-0.20673,0.76004,-0.72745
10.92,-0.18015,0.81113,-0.75388
10.93,-0.15678,0.85675,-0.77994
10.94,-0.1367,0.89645,-0.80535
10.95,-0.11992,0.92986,-0.82982
10.96,-0.10641,0.95665,-0.85307
10.97,-0.096103,0.97657,-0.87485
10.98,-0.088878,0.98941,-0.89492
10.99,-0.084575,0.99506,-0.91307
11,-0.082999,0.99345,-0.92909
11.01,-0.083918,0.98459,-0.94282
11.02,-0.087071,0.96857,-0.9541
11.03,-0.092169,0.94554,-0.96281
11.04,-0.098905,0.91571,-0.96886
11.05,-0.10695,0.87936,-0.97217
11.06,-0.11597,0.83685,-0.97268
11.07,-0.12562,0.78856,-0.97039
11.08,-0.13555,0.73495,-0.96527
11.09,-0.14541,0.67651,-0.95734
11.1,-0.15489,0.61379,-0.94663
11.11,-0.16364,0.54734,-0.9332
11.12,-0.17138,0.47778,-0.9171
11.13,-0.1778,0.40571,-0.89841
11.14,-0.18267,0.33176,-0.8772
11.15,-0.18574,0.25657,-0.85357
11.16,-0.18682,0.18078,-0.82762
11.17,-0.18574,0.105,-0.79943
11.18,-0.18237,0.029848,-0.7691
11.19,-0.17661,-0.044098,-0.73674
11.2,-0.16842,-0.11628,-0.70244
11.21,-0.15777,-0.18618,-0.6663
11.22,-0.14468,-0.25331,-0.62839
11.23,-0.12919,-0.31724,-0.58882
11.24,-0.11141,-0.37759,-0.54767
11.25,-0.091447,-0.43401,-0.505
11.26,-0.069453,-0.48624,-0.46091
11.27,-0.045605,-0.53404,-0.41547
11.28,-0.020107,-0.57726,-0.36875
11.29,0.0068213,-0.61579,-0.32082
11.3,0.03494,-0.64957,-0.27177
11.31,0.063997,-0.67863,-0.22167
11.32,0.093733,-0.70303,-0.17061
11.33,0.12388,-0.72287,-0.11869
11.34,0.15418,-0.73834,-0.066002
11.35,0.18437,-0.74964,-0.012668
11.36,0.21419,-0.75702,0.041188
11.37,0.2434,-0.76079,0.095426
11.38,0.27177,-0.76125,0.14989
11.39,0.29911,-0.75876,0.2044
11.4,0.32521,-0.75369,0.25878
11.41,0.34993,-0.74642,0.31281
11.42,0.37311,-0.73736,0.36627
11.43,0.39466,-0.72689,0.41891
11.44,0.4145,-0.71542,0.47048
11.45,0.43257,-0.70333,0.52069
11.46,0.44886,-0.69099,0.56926
11.47,0.46338,-0.67877,0.61589
11.48,0.47617,-0.66699,0.66025
11.49,0.4873,-0.65597,0.70204
11.5,0.49686,-0.64598,0.74092
11.51,0.50498,-0.63726,0.77658
11.52,0.5118,-0.63002,0.80869
11.53,0.51748,-0.62441,0.83693
11.54,0.5222,-0.62058,0.86101
11.55,0.52616,-0.61859,0.88064
11.56,0.52954,-0.6185,0.89554
11.57,0.53256,-0.6203,0.90549
11.58,0.53544,-0.62394,0.91024
11.59,0.53837,-0.62935,0.90964
11.6,0.54156,-0.63641,0.90352
11.61,0.5452,-0.64495,0.89178
11.62,0.54948,-0.65479,0.87435
11.63,0.55456,-0.66571,0.85121
11.64,0.5606,-0.67746,0.82238
11.65,0.56771,-0.68978,0.78795
11.66,0.57601,-0.70236,0.74803
11.67,0.58558,-0.71492,0.7028
11.68,0.59646,-0.72713,0.65249
11.69,0.60868,-0.73867,0.59737
11.7,0.62225,-0.74922,0.53777
11.71,0.63713,-0.75846,0.47405
11.72,0.65327,-0.76607,0.40663
11.73,0.67058,-0.77175,0.33596
11.74,0.68896,-0.77521,0.26253
11.75,0.70826,-0.77617,0.18686
11.76,0.72834,-0.77439,0.10949
11.77,0.74903,-0.76963,0.031004
11.78,0.77013,-0.7617,-0.048027
11.79,0.79145,-0.75042,-0.12701
11.8,0.81276,-0.73564,-0.20535
11.81,0.83386,-0.71727,-0.28245
11.82,0.85453,-0.69522,-0.35773
11.83,0.87453,-0.66945,-0.43064
11.84,0.89367,-0.63996,-0.50062
11.85,0.91173,-0.60676,-0.56716
11.86,0.92852,-0.56994,-0.6298
11.87,0.94386,-0.52957,-0.68809
11.88,0.95759,-0.48579,-0.74163
11.89,0.96956,-0.43876,-0.7901
11.9,0.97967,-0.38867,-0.8332
11.91,0.98782,-0.33572,-0.8707
11.92,0.99394,-0.28018,-0.90244
11.93,0.99801,-0.22231,-0.9283
11.94,1,-0.16239,-0.94824
11.95,0.99994,-0.10073,-0.96227
11.96,0.99789,-0.037661,-0.97048
11.97,0.99391,0.026476,-0.97299
11.98,0.98811,0.091331,-0.97002
11.99,0.98062,0.15654,-0.9618
12,0.97159,0.22175,-0.94865
12.01,0.96119,0.28657,-0.93092
12.02,0.9496,0.35064,-0.909
12.03,0.93703,0.41358,-0.88332
12.04,0.92369,0.47502,-0.85436
12.05,0.90978,0.53461,-0.82258
12.06,0.89553,0.59198,-0.78852
12.07,0.88116,0.64679,-0.75267
12.08,0.86687,0.6987,-0.71556
12.09,0.85285,0.74739,-0.67772
12.1,0.83931,0.79256,-0.63965
12.11,0.82639,0.83392,-0.60184
12.12,0.81424,0.8712,-0.56478
12.13,0.80299,0.90416,-0.52891
12.14,0.79271,0.93255,-0.49462
12.15,0.78348,0.95618,-0.4623
12.16,0.77532,0.97488,-0.43227
12.17,0.76822,0.98848,-0.40481
12.18,0.76214,0.99685,-0.38015
12.19,0.757,0.99992,-0.35845
12.2,0.7527,0.99759,-0.33985
12.21,0.74908,0.98984,-0.3244
12.22,0.74597,0.97665,-0.31211
12.23,0.74316,0.95805,-0.30293
12.24,0.74041,0.93411,-0.29676
12.25,0.73746,0.9049,-0.29345
12.26,0.73402,0.87055,-0.2928
12.27,0.7298,0.83123,-0.29455
12.28,0.72448,0.78711,-0.29843
12.29,0.71775,0.73844,-0.3041
12.3,0.70927,0.68546,-0.31122
12.31,0.69874,0.62848,-0.31941
12.32,0.68585,0.56782,-0.32826
12.33,0.67029,0.50384,-0.33737
12.34,0.65179,0.43692,-0.34633
12.35,0.63012,0.36748,-0.35472
12.36,0.60504,0.29597,-0.36212
12.37,0.57638,0.22286,-0.36815
12.38,0.544,0.14864,-0.37242
12.39,0.5078,0.073822,-0.37458
12.4,0.46773,-0.0010693,-0.37432
12.41,0.42382,-0.07549,-0.37133
12.42,0.3761,-0.14889,-0.36538
12.43,0.32471,-0.22071,-0.35624
12.44,0.26982,-0.2904,-0.34377
12.45,0.21166,-0.35739,-0.32785
12.46,0.15051,-0.42115,-0.3084
12.47,0.086731,-0.48113,-0.28543
12.48,0.020713,-0.53683,-0.25896
12.49,-0.047093,-0.58774,-0.22908
12.5,-0.11619,-0.63341,-0.19592
12.51,-0.18604,-0.67339,-0.15968
12.52,-0.25607,-0.70729,-0.12057
12.53,-0.32567,-0.73476,-0.078855
12.54,-0.39421,-0.7555,-0.034852
12.55,-0.46104,-0.76923,0.011105
12.56,-0.52551,-0.77577,0.05865
12.57,-0.58695,-0.77497,0.10739
12.58,-0.64471,-0.76675,0.15692
12.59,-0.69815,-0.75109,0.20682
12.6,-0.74665,-0.72804,0.25666
12.61,-0.78963,-0.69773,0.306
12.62,-0.82654,-0.66032,0.35442
12.63,-0.85687,-0.61609,0.40151
12.64,-0.88018,-0.56535,0.44686
12.65,-0.89608,-0.50849,0.49009
12.66,-0.90425,-0.44595,0.53083
12.67,-0.90445,-0.37826,0.56877
12.68,-0.8965,-0.30599,0.6036
12.69,-0.88032,-0.22976,0.63506
12.7,-0.8559,-0.15024,0.66292
12.71,-0.82333,-0.068143,0.68701
12.72,-0.78278,0.01577,0.70717
12.73,-0.7345,0.10072,0.72332
12.74,-0.67885,0.18591,0.73539
12.75,-0.61624,0.27052,0.74338
12.76,-0.5472,0.35372,0.74731
12.77,-0.4723,0.43469,0.74726
12.78,-0.39221,0.51264,0.74334
12.79,-0.30766,0.58675,0.73569
12.8,-0.21942,0.65628,0.72451
12.81,-0.12833,0.7205,0.70999
12.82,-0.035265,0.77873,0.69239
12.83,0.058863,0.83034,0.67197
12.84,0.15312,0.87477,0.64902
12.85,0.24658,0.91152,0.62384
12.86,0.33827,0.94017,0.59675
12.87,0.42727,0.96038,0.56806
12.88,0.51265,0.97187,0.53812
12.89,0.59354,0.9745,0.50723
12.9,0.66907,0.96817,0.47574
12.91,0.73845,0.9529,0.44396
12.92,0.80094,0.92881,0.4122
12.93,0.85587,0.89609,0.38075
12.94,0.90264,0.85505,0.3499
12.95,0.94075,0.80607,0.3199
12.96,0.96978,0.74964,0.291
12.97,0.9894,0.68631,0.26341
12.98,0.99939,0.61673,0.23735
12.99,0.99963,0.5416,0.21299
13,0.9901,0.46171,0.19048
13.01,0.97089,0.37788,0.16995
13.02,0.94222,0.291,0.1515
13.03,0.90436,0.20198,0.13523
13.04,0.85773,0.11178,0.12121
13.05,0.80283,0.021353,0.10946
13.06,0.74024,-0.06832,0.10003
13.07,0.67065,-0.15627,0.092922
13.08,0.5948,-0.24155,0.088128
13.09,0.51351,-0.32323,0.085631
13.1,0.42768,-0.40042,0.0854
13.11,0.33822,-0.47227,0.087395
13.12,0.24612,-0.53799,0.091567
13.13,0.15237,-0.59687,0.097858
13.14,0.057995,-0.64825,0.10621
13.15,-0.035991,-0.69157,0.11655
13.16,-0.12857,-0.72635,0.12881
13.17,-0.21874,-0.75221,0.14292
13.18,-0.30554,-0.76887,0.15881
13.19,-0.38803,-0.77613,0.17639
13.2,-0.46534,-0.77393,0.19559
13.21,-0.53665,-0.7623,0.21633
13.22,-0.60122,-0.74136,0.23853
13.23,-0.65837,-0.71135,0.2621
13.24,-0.70752,-0.67261,0.28695
13.25,-0.74818,-0.62558,0.31299
13.26,-0.77996,-0.57078,0.34011
13.27,-0.80256,-0.50881,0.36822
13.28,-0.8158,-0.44037,0.3972
13.29,-0.81958,-0.36622,0.42691
13.3,-0.81393,-0.28716,0.45724
13.31,-0.79897,-0.20407,0.48804
13.32,-0.77493,-0.11784,0.51914
13.33,-0.74214,-0.029418,0.55038
13.34,-0.70101,0.060259,0.58158
13.35,-0.65205,0.15023,0.61253
13.36,-0.59585,0.23956,0.64304
13.37,-0.53307,0.32731,0.67287
13.38,-0.46444,0.41259,0.70179
13.39,-0.39072,0.49453,0.72956
13.4,-0.31275,0.57233,0.75591
13.41,-0.23139,0.64524,0.78059
13.42,-0.14752,0.7126,0.80333
13.43,-0.062029,0.77379,0.82385
13.44,0.024182,0.8283,0.84188
13.45,0.11023,0.87571,0.85715
13.46,0.19524,0.9157,0.86939
13.47,0.27839,0.94802,0.87836
13.48,0.35887,0.97255,0.8838
13.49,0.43595,0.98926,0.88551
13.5,0.50893,0.99821,0.88326
13.51,0.5772,0.99959,0.8769
13.52,0.6402,0.99365,0.86626
13.53,0.69748,0.98076,0.85124
13.54,0.74863,0.96134,0.83175
13.55,0.79337,0.93593,0.80776
13.56,0.83147,0.90512,0.77927
13.57,0.86282,0.86957,0.74632
13.58,0.88739,0.82997,0.70901
13.59,0.90523,0.78708,0.66748
13.6,0.91649,0.74169,0.62192
13.61,0.92138,0.69459,0.57257
13.62,0.92021,0.64661,0.51971
13.63,0.91336,0.59855,0.46369
13.64,0.90125,0.55122,0.40487
13.65,0.88439,0.50539,0.34369
13.66,0.86332,0.46181,0.2806
13.67,0.83862,0.42117,0.21611
13.68,0.81091,0.38411,0.15074
13.69,0.78083,0.35123,0.085044
13.7,0.74903,0.32302,0.019611
13.71,0.71615,0.29992,-0.044974
13.72,0.68285,0.28228,-0.10811
13.73,0.64974,0.27037,-0.16919
13.74,0.61743,0.26435,-0.22763
13.75,0.58648,0.26431,-0.28283
13.76,0.55742,0.27022,-0.33424
13.77,0.5307,0.28199,-0.38132
13.78,0.50674,0.29942,-0.42357
13.79,0.4859,0.32221,-0.46052
13.8,0.46844,0.35001,-0.49177
13.81,0.45458,0.38236,-0.51696
13.82,0.44445,0.41875,-0.53578
13.83,0.43811,0.45859,-0.548
13.84,0.43554,0.50126,-0.55346
13.85,0.43663,0.54607,-0.55207
13.86,0.44123,0.59231,-0.54379
13.87,0.44909,0.63924,-0.5287
13.88,0.4599,0.6861,-0.50691
13.89,0.4733,0.73213,-0.47866
13.9,0.48886,0.7766,-0.44421
13.91,0.50609,0.81877,-0.40394
13.92,0.5245,0.85793,-0.35827
13.93,0.54353,0.89344,-0.3077
13.94,0.5626,0.92468,-0.25279
13.95,0.58113,0.95109,-0.19415
13.96,0.59852,0.9722,-0.13246
13.97,0.61418,0.98759,-0.068402
13.98,0.62754,0.99693,-0.0027305
13.99,0.63803,0.99997,0.063795
14,0.64513,0.99656,0.13039
14.01,0.64837,0.98663,0.19628
14.02,0.6473,0.97021,0.26066
14.03,0.64155,0.94741,0.32278
14.04,0.6308,0.91846,0.38187
14.05,0.61481,0.88364,0.43721
14.06,0.59339,0.84334,0.48813
14.07,0.56646,0.79803,0.53399
14.08,0.534,0.74825,0.5742
14.09,0.49608,0.6946,0.60827
14.1,0.45285,0.63774,0.63573
14.11,0.40453,0.57838,0.65622
14.12,0.35144,0.51728,0.66946
14.13,0.29398,0.45522,0.67522
14.14,0.2326,0.39299,0.67339
14.15,0.16783,0.33141,0.66394
14.16,0.10028,0.27128,0.64692
14.17,0.030574,0.21337,0.62247
14.18,-0.040578,0.15847,0.59082
14.19,-0.11245,0.10729,0.55228
14.2,-0.18427,0.06052,0.50723
14.21,-0.25527,0.018778,0.45614
14.22,-0.32465,-0.017372,0.39953
14.23,-0.39162,-0.047443,0.33799
14.24,-0.45542,-0.071024,0.27217
14.25,-0.51528,-0.087791,0.20273
14.26,-0.57049,-0.097509,0.13041
14.27,-0.62036,-0.10004,0.055956
14.28,-0.66428,-0.095324,-0.019878
14.29,-0.70167,-0.083423,-0.096318
14.3,-0.73205,-0.064478,-0.1726
14.31,-0.75499,-0.038726,-0.24796
14.32,-0.77016,-0.0064967,-0.32168
14.33,-0.77732,0.031793,-0.39305
14.34,-0.77631,0.075647,-0.4614
14.35,-0.76708,0.12449,-0.52613
14.36,-0.74967,0.17769,-0.58668
14.37,-0.72421,0.23454,-0.64253
14.38,-0.69095,0.29429,-0.69326
14.39,-0.65023,0.35616,-0.73851
14.4,-0.60247,0.41932,-0.77797
14.41,-0.54818,0.48295,-0.81145
14.42,-0.48798,0.54618,-0.8388
14.43,-0.42253,0.60817,-0.85996
14.44,-0.35259,0.6681,-0.87494
14.45,-0.27896,0.72515,-0.88385
14.46,-0.2025,0.77856,-0.88683
14.47,-0.12412,0.82758,-0.88411
14.48,-0.044734,0.87156,-0.87598
14.49,0.034697,0.90986,-0.86279
14.5,0.11322,0.94195,-0.84492
14.51,0.18988,0.96736,-0.82281
14.52,0.26373,0.98569,-0.79693
14.53,0.33388,0.99664,-0.76776
14.54,0.39943,1,-0.73582
14.55,0.45958,0.99564,-0.70162
14.56,0.51356,0.98353,-0.66568
14.57,0.56067,0.96373,-0.6285
14.58,0.60029,0.93638,-0.59059
14.59,0.6319,0.90172,-0.55239
14.6,0.65506,0.86007,-0.51436
14.61,0.66942,0.81182,-0.47688
14.62,0.67475,0.75744,-0.44032
14.63,0.67092,0.69746,-0.40497
14.64,0.65792,0.63247,-0.37109
14.65,0.63582,0.56311,-0.33887
14.66,0.60482,0.49005,-0.30846
14.67,0.56523,0.41401,-0.27994
14.68,0.51746,0.33571,-0.25333
14.69,0.462,0.25589,-0.2286
14.7,0.39947,0.17531,-0.20567
14.71,0.33054,0.094694,-0.18438
14.72,0.25598,0.014759,-0.16457
14.73,0.17662,-0.063801,-0.146
14.74,0.093359,-0.14033,-0.12841
14.75,0.0071406,-0.21421,-0.1115
14.76,-0.081054,-0.28488,-0.094967
14.77,-0.17021,-0.35182,-0.078478
14.78,-0.25932,-0.4146,-0.061697
14.79,-0.34733,-0.47282,-0.04429
14.8,-0.43325,-0.52618,-0.025932
14.81,-0.51606,-0.57444,-0.0063164
14.82,-0.5948,-0.61742,0.01484
14.83,-0.66855,-0.65503,0.037786
14.84,-0.73644,-0.68725,0.062732
14.85,-0.79767,-0.71412,0.089841
14.86,-0.85151,-0.73575,0.11923
14.87,-0.89732,-0.75234,0.15095
14.88,-0.93454,-0.76411,0.18499
14.89,-0.96271,-0.77135,0.22131
14.9,-0.98147,-0.7744,0.25975
14.91,-0.99057,-0.77365,0.30014
14.92,-0.98986,-0.76949,0.34222
14.93,-0.97932,-0.76238,0.38565
14.94,-0.95901,-0.75277,0.43008
14.95,-0.92912,-0.74112,0.47505
14.96,-0.88994,-0.7279,0.5201
14.97,-0.84187,-0.71358,0.56469
14.98,-0.7854,-0.69861,0.60827
14.99,-0.7211,-0.68342,0.65023
15,-0.64966,-0.66841,0.68998
15.01,-0.57182,-0.65397,0.7269
15.02,-0.4884,-0.64041,0.76035
15.03,-0.40026,-0.62804,0.78974
15.04,-0.30834,-0.6171,0.81446
15.05,-0.2136,-0.60778,0.83397
15.06,-0.11703,-0.60023,0.84773
15.07,-0.01963,-0.59454,0.85528
15.08,0.077575,-0.59075,0.8562
15.09,0.17358,-0.58885,0.85014
15.1,0.26741,-0.58877,0.83684
15.11,0.35808,-0.5904,0.8161
15.12,0.44469,-0.59359,0.78783
15.13,0.52634,-0.59813,0.75201
15.14,0.60224,-0.60379,0.70873
15.15,0.67162,-0.61031,0.65817
15.16,0.7338,-0.6174,0.60062
15.17,0.78819,-0.62475,0.53645
15.18,0.83427,-0.63204,0.46614
15.19,0.87162,-0.63895,0.39025
15.2,0.89991,-0.64516,0.30944
15.21,0.91892,-0.65034,0.22444
15.22,0.9285,-0.6542,0.13606
15.23,0.92862,-0.65646,0.045169
15.24,0.91933,-0.65688,-0.047308
15.25,0.90081,-0.65523,-0.1404
15.26,0.87329,-0.65133,-0.23312
15.27,0.8371,-0.64504,-0.32443
15.28,0.79268,-0.63628,-0.41332
15.29,0.74052,-0.62499,-0.49876
15.3,0.68118,-0.61119,-0.57976
15.31,0.6153,-0.59492,-0.65535
15.32,0.54357,-0.57631,-0.72461
15.33,0.46673,-0.5555,-0.78669
15.34,0.38554,-0.53271,-0.84079
15.35,0.30082,-0.50819,-0.88621
15.36,0.21339,-0.48223,-0.92234
15.37,0.12409,-0.45517,-0.94867
15.38,0.033776,-0.42737,-0.96478
15.39,-0.056729,-0.39923,-0.97041
15.4,-0.1466,-0.37116,-0.96539
15.41,-0.23503,-0.3436,-0.94967
15.42,-0.32125,-0.31698,-0.92335
15.43,-0.40452,-0.29173,-0.88665
15.44,-0.48417,-0.26829,-0.83991
15.45,-0.55954,-0.24707,-0.78359
15.46,-0.63006,-0.22846,-0.71828
15.47,-0.69519,-0.21283,-0.64469
15.48,-0.75447,-0.20049,-0.5636
15.49,-0.80752,-0.19172,-0.47591
15.5,-0.85399,-0.18677,-0.3826
15.51,-0.89363,-0.1858,-0.28473
15.52,-0.92626,-0.18894,-0.18341
15.53,-0.95175,-0.19623,-0.079786
15.54,-0.97004,-0.20768,0.024949
15.55,-0.98116,-0.2232,0.12959
15.56,-0.98517,-0.24265,0.23294
15.57,-0.98222,-0.26582,0.3338
15.58,-0.97249,-0.29243,0.43102
15.59,-0.95624,-0.32213,0.52347
15.6,-0.93376,-0.35453,0.61011
15.61,-0.90537,-0.38916,0.68995
15.62,-0.87146,-0.42551,0.76209
15.63,-0.83243,-0.46304,0.82573
15.64,-0.7887,-0.50114,0.88018
15.65,-0.74072,-0.53919,0.92485
15.66,-0.68897,-0.57656,0.95929
15.67,-0.6339,-0.61258,0.98317
15.68,-0.576,-0.64659,0.99631
15.69,-0.51574,-0.67794,0.99865
15.7,-0.4536,-0.70598,0.99026
15.71,-0.39001,-0.7301,0.97136
15.72,-0.32544,-0.74972,0.9423
15.73,-0.2603,-0.76429,0.90355
15.74,-0.19499,-0.77332,0.8557
15.75,-0.12988,-0.77638,0.79945
15.76,-0.065337,-0.77312,0.73562
15.77,-0.0016676,-0.76323,0.66509
15.78,0.060836,-0.74651,0.58886
15.79,0.12192,-0.72282,0.50795
15.8,0.18134,-0.69211,0.42347
15.81,0.23893,-0.65444,0.33654
15.82,0.2945,-0.60994,0.24832
15.83,0.34792,-0.55883,0.15997
15.84,0.39909,-0.50142,0.072623
15.85,0.44793,-0.43812,-0.012586
15.86,0.49439,-0.36941,-0.094578
15.87,0.53842,-0.29584,-0.17233
15.88,0.58003,-0.21804,-0.24487
15.89,0.61923,-0.13672,-0.31133
15.9,0.65602,-0.052631,-0.37092
15.91,0.69046,0.033434,-0.42297
15.92,0.72259,0.12063,-0.46688
15.93,0.75247,0.20809,-0.50222
15.94,0.78016,0.29492,-0.52866
15.95,0.80572,0.38024,-0.54598
15.96,0.82923,0.46315,-0.55413
15.97,0.85076,0.54277,-0.55315
15.98,0.87037,0.61827,-0.54323
15.99,0.88812,0.68883,-0.52469
16,0.90407,0.7537,-0.49796
16.01,0.91829,0.81216,-0.46358
16.02,0.93081,0.86358,-0.42219
16.03,0.94168,0.9074,-0.37456
16.04,0.95093,0.94315,-0.3215
16.05,0.9586,0.97044,-0.26391
16.06,0.96471,0.98898,-0.20276
16.07,0.96927,0.99857,-0.13905
16.08,0.97229,0.99913,-0.073816
16.09,0.9738,0.99068,-0.0081156
16.1,0.97378,0.97333,0.056999
16.11,0.97225,0.94732,0.12049
16.12,0.96922,0.91296,0.18133
16.13,0.96467,0.87068,0.23857
16.14,0.95862,0.821,0.29128
16.15,0.95107,0.76452,0.33862
16.16,0.94204,0.70193,0.37981
16.17,0.93154,0.63398,0.41419
16.18,0.91958,0.56149,0.44116
16.19,0.9062,0.48533,0.46027
16.2,0.89144,0.40641,0.47116
16.21,0.87532,0.32566,0.47357
16.22,0.85789,0.24406,0.4674
16.23,0.83922,0.16257,0.45263
16.24,0.81936,0.082144,0.4294
16.25,0.79837,0.0037363,0.39794
16.26,0.77634,-0.071739,0.35861
16.27,0.75334,-0.1434,0.31187
16.28,0.72946,-0.21043,0.25829
16.29,0.70477,-0.27206,0.19853
16.3,0.67938,-0.32759,0.13332
16.31,0.65337,-0.3764,0.063497
16.32,0.62683,-0.41796,-0.010074
16.33,0.59985,-0.45184,-0.086461
16.34,0.57251,-0.47768,-0.1647
16.35,0.54489,-0.49524,-0.24381
16.36,0.51707,-0.50438,-0.32279
16.37,0.48912,-0.50507,-0.40066
16.38,0.46109,-0.49738,-0.47644
16.39,0.43303,-0.48147,-0.5492
16.4,0.40499,-0.45762,-0.61804
16.41,0.37699,-0.42619,-0.68214
16.42,0.34905,-0.38765,-0.74071
16.43,0.32117,-0.34252,-0.79309
16.44,0.29336,-0.29144,-0.83866
16.45,0.26559,-0.23508,-0.87692
16.46,0.23784,-0.1742,-0.90747
16.47,0.21007,-0.10958,-0.93001
16.48,0.18223,-0.042078,-0.94435
16.49,0.15428,0.027457,-0.95042
16.5,0.12615,0.098139,-0.94825
16.51,0.097773,0.16908,-0.93799
16.52,0.06909,0.2394,-0.9199
16.53,0.040029,0.30822,-0.89433
16.54,0.010524,0.37471,-0.86174
16.55,-0.019489,0.43806,-0.82267
16.56,-0.050067,0.4975,-0.77776
16.57,-0.08126,0.55234,-0.7277
16.58,-0.11311,0.60194,-0.67326
16.59,-0.14563,0.64571,-0.61525
16.6,-0.17885,0.68316,-0.55454
16.61,-0.21276,0.71388,-0.492
16.62,-0.24734,0.73753,-0.42854
16.63,-0.28254,0.75388,-0.36505
16.64,-0.3183,0.76277,-0.30245
16.65,-0.35454,0.76413,-0.24159
16.66,-0.39114,0.75799,-0.18331
16.67,-0.42799,0.74445,-0.12843
16.68,-0.46492,0.72373,-0.077669
16.69,-0.50175,0.69608,-0.031716
16.7,-0.5383,0.66186,0.0088247
16.71,-0.57434,0.62148,0.043427
16.72,-0.60964,0.57543,0.071652
16.73,-0.64394,0.52423,0.093149
16.74,-0.67697,0.46847,0.10767
16.75,-0.70846,0.40876,0.11504
16.76,-0.73811,0.34575,0.11522
16.77,-0.76563,0.28009,0.10824
16.78,-0.79071,0.21248,0.094239
16.79,-0.81307,0.14357,0.073436
16.8,-0.83241,0.074034,0.04615
16.81,-0.84845,0.0045293,0.012779
16.82,-0.86091,-0.064321,-0.026203
16.83,-0.86956,-0.13192,-0.070252
16.84,-0.87414,-0.19772,-0.11877
16.85,-0.87447,-0.26121,-0.17109
16.86,-0.87036,-0.32193,-0.22652
16.87,-0.86166,-0.37947,-0.28433
16.88,-0.84826,-0.4335,-0.34378
16.89,-0.8301,-0.48373,-0.4041
16.9,-0.80713,-0.52995,-0.46453
16.91,-0.77936,-0.572,-0.52432
16.92,-0.74686,-0.6098,-0.58273
16.93,-0.70971,-0.64331,-0.63907
16.94,-0.66807,-0.67258,-0.69267
16.95,-0.62212,-0.6977,-0.74291
16.96,-0.57209,-0.71881,-0.78923
16.97,-0.51827,-0.73611,-0.83113
16.98,-0.46098,-0.74984,-0.86816
16.99,-0.40057,-0.76028,-0.89997
17,-0.33746,-0.76773,-0.92626
17.01,-0.27206,-0.77253,-0.9468
17.02,-0.20485,-0.77504,-0.96148
17.03,-0.13631,-0.77561,-0.97022
17.04,-0.066961,-0.77461,-0.97304
17.05,0.0026703,-0.7724,-0.97003
17.06,0.072043,-0.76934,-0.96136
17.07,0.14061,-0.76576,-0.94725
17.08,0.20782,-0.76197,-0.928
17.09,0.27313,-0.75826,-0.90395
17.1,0.33601,-0.75487,-0.87552
17.11,0.39594,-0.75201,-0.84314
17.12,0.45242,-0.74985,-0.8073
17.13,0.50499,-0.74851,-0.76849
17.14,0.5532,-0.74806,-0.72726
17.15,0.59667,-0.74854,-0.68414
17.16,0.63502,-0.74991,-0.63969
17.17,0.66796,-0.7521,-0.59444
17.18,0.69521,-0.755,-0.54892
17.19,0.71657,-0.75844,-0.50365
17.2,0.73187,-0.76221,-0.45911
17.21,0.74102,-0.76606,-0.41577
17.22,0.74398,-0.76972,-0.37403
17.23,0.74075,-0.77288,-0.33428
17.24,0.73142,-0.77519,-0.29684
17.25,0.7161,-0.77632,-0.26198
17.26,0.695,-0.77589,-0.22994
17.27,0.66834,-0.77355,-0.20089
17.28,0.63642,-0.76892,-0.17493
17.29,0.59957,-0.76166,-0.15214
17.3,0.55818,-0.75142,-0.13251
17.31,0.51265,-0.73789,-0.116
17.32,0.46346,-0.72077,-0.10251
17.33,0.41107,-0.69982,-0.091884
17.34,0.35601,-0.67483,-0.083943
17.35,0.29878,-0.64561,-0.078454
17.36,0.23993,-0.61207,-0.075151
17.37,0.18,-0.57412,-0.073739
17.38,0.11954,-0.53177,-0.0739
17.39,0.059071,-0.48506,-0.075295
17.4,-0.00087736,-0.43411,-0.077573
17.41,-0.0598,-0.37907,-0.080377
17.42,-0.11722,-0.32019,-0.083347
17.43,-0.17268,-0.25775,-0.086128
17.44,-0.22576,-0.19208,-0.088376
17.45,-0.27608,-0.1236,-0.089758
17.46,-0.32331,-0.052742,-0.089964
17.47,-0.36715,0.020002,-0.088707
17.48,-0.40736,0.0941,-0.085725
17.49,-0.44373,0.16899,-0.080791
17.5,-0.47612,0.24408,-0.073706
17.51,-0.50445,0.31876,-0.064311
17.52,-0.52866,0.3924,-0.052481
17.53,-0.54878,0.46437,-0.03813
17.54,-0.56486,0.53405,-0.021209
17.55,-0.577,0.6008,-0.0017084
17.56,-0.58538,0.66404,0.020347
17.57,-0.59018,0.72317,0.044896
17.58,-0.59164,0.77765,0.071844
17.59,-0.59004,0.82697,0.10107
17.6,-0.58568,0.87066,0.13241
17.61,-0.5789,0.9083,0.16569
17.62,-0.57004,0.93954,0.20071
17.63,-0.55948,0.96407,0.23725
17.64,-0.54761,0.98165,0.27507
17.65,-0.53479,0.9921,0.31393
17.66,-0.52144,0.99533,0.35358
17.67,-0.50792,0.9913,0.39375
17.68,-0.4946,0.98004,0.43419
17.69,-0.48186,0.96166,0.47464
17.7,-0.47002,0.93634,0.51485
17.71,-0.45939,0.9043,0.55458
17.72,-0.45028,0.86586,0.59359
17.73,-0.44292,0.82137,0.63167
17.74,-0.43755,0.77126,0.66861
17.75,-0.43434,0.71598,0.70422
17.76,-0.43344,0.65605,0.73832
17.77,-0.43497,0.59202,0.77077
17.78,-0.43898,0.52447,0.80141
17.79,-0.4455,0.454,0.83014
17.8,-0.45452,0.38123,0.85683
17.81,-0.46598,0.3068,0.88141
17.82,-0.4798,0.23134,0.9038
17.83,-0.49584,0.15549,0.92392
17.84,-0.51395,0.079851,0.94174
17.85,-0.53394,0.0050367,0.95721
17.86,-0.55559,-0.068381,0.97029
17.87,-0.57867,-0.13986,0.98096
17.88,-0.60291,-0.20888,0.98919
17.89,-0.62806,-0.275,0.99497
17.9,-0.65382,-0.33777,0.99828
17.91,-0.6799,-0.39685,0.9991
17.92,-0.70603,-0.4519,0.99741
17.93,-0.73191,-0.50267,0.99318
17.94,-0.75727,-0.54896,0.9864
17.95,-0.78183,-0.59063,0.97704
17.96,-0.80535,-0.62758,0.96507
17.97,-0.82759,-0.65978,0.95045
17.98,-0.84834,-0.68728,0.93316
17.99,-0.86741,-0.71014,0.91314
18,-0.88466,-0.72851,0.89038
18.01,-0.89994,-0.74256,0.86483
18.02,-0.91315,-0.75252,0.83646
18.03,-0.92424,-0.75866,0.80525
18.04,-0.93316,-0.76129,0.77118
18.05,-0.93992,-0.76073,0.73423
18.06,-0.94453,-0.75734,0.69442
18.07,-0.94707,-0.75149,0.65175
18.08,-0.94761,-0.74358,0.60627
18.09,-0.94628,-0.73401,0.55803
18.1,-0.9432,-0.72316,0.5071
18.11,-0.93856,-0.71144,0.45359
18.12,-0.93251,-0.69922,0.39761
18.13,-0.92527,-0.68689,0.33932
18.14,-0.91704,-0.67478,0.27891
18.15,-0.90804,-0.66322,0.21657
18.16,-0.89848,-0.65251,0.15256
18.17,-0.88859,-0.64292,0.087127
18.18,-0.8786,-0.63467,0.020581
18.19,-0.8687,-0.62796,-0.046757
18.2,-0.85911,-0.62293,-0.11454
18.21,-0.85002,-0.61971,-0.18238
18.22,-0.84158,-0.61835,-0.24989
18.23,-0.83397,-0.61889,-0.31666
18.24,-0.82729,-0.62131,-0.38225
18.25,-0.82168,-0.62555,-0.44622
18.26,-0.81719,-0.63153,-0.50813
18.27,-0.81389,-0.6391,-0.56751
18.28,-0.8118,-0.6481,-0.62392
18.29,-0.81091,-0.65832,-0.67692
18.3,-0.8112,-0.66955,-0.72608
18.31,-0.81261,-0.68152,-0.77098
18.32,-0.81505,-0.69396,-0.81123
18.33,-0.81841,-0.70657,-0.84648
18.34,-0.82256,-0.71904,-0.87638
18.35,-0.82734,-0.73107,-0.90065
18.36,-0.83259,-0.74231,-0.91904
18.37,-0.83812,-0.75246,-0.93134
18.38,-0.84373,-0.76119,-0.93739
18.39,-0.84921,-0.76819,-0.93709
18.4,-0.85435,-0.77317,-0.93039
18.41,-0.85895,-0.77582,-0.91729
18.42,-0.86279,-0.7759,-0.89786
18.43,-0.86566,-0.77315,-0.87221
18.44,-0.86738,-0.76735,-0.84052
18.45,-0.86776,-0.75832,-0.80303
18.46,-0.86663,-0.74588,-0.76003
18.47,-0.86385,-0.72992,-0.71185
18.48,-0.8593,-0.71033,-0.65889
18.49,-0.85288,-0.68704,-0.60158
18.5,-0.8445,-0.66003,-0.5404
18.51,-0.83412,-0.6293,-0.47585
18.52,-0.82173,-0.59489,-0.40848
18.53,-0.80731,-0.55687,-0.33885
18.54,-0.79092,-0.51535,-0.26756
18.55,-0.77262,-0.47047,-0.19519
18.56,-0.75249,-0.42239,-0.12235
18.57,-0.73065,-0.37132,-0.04963
18.58,-0.70724,-0.31749,0.022372
18.59,-0.68242,-0.26114,0.093085
18.6,-0.65637,-0.20254,0.16195
18.61,-0.62929,-0.14201,0.22846
18.62,-0.60137,-0.079846,0.29211
18.63,-0.57284,-0.016384,0.35246
18.64,-0.54392,0.048032,0.40909
18.65,-0.51482,0.11305,0.46167
18.66,-0.48577,0.1783,0.50988
18.67,-0.45698,0.24342,0.55349
18.68,-0.42864,0.30803,0.5923
18.69,-0.40096,0.37176,0.6262
18.7,-0.37409,0.43424,0.65511
18.71,-0.34819,0.49511,0.67905
18.72,-0.32338,0.55399,0.69805
18.73,-0.29975,0.61055,0.71225
18.74,-0.2774,0.66443,0.72182
18.75,-0.25634,0.7153,0.72698
18.76,-0.23659,0.76285,0.728
18.77,-0.21814,0.80679,0.72522
18.78,-0.20092,0.84682,0.71899
18.79,-0.18486,0.88268,0.7097
18.8,-0.16984,0.91414,0.69778
18.81,-0.15571,0.94097,0.68368
18.82,-0.1423,0.96297,0.66785
18.83,-0.12943,0.97998,0.65077
18.84,-0.11687,0.99185,0.63291
18.85,-0.1044,0.99847,0.61473
18.86,-0.091779,0.99974,0.59668
18.87,-0.078745,0.99561,0.57921
18.88,-0.065047,0.98604,0.56273
18.89,-0.050428,0.97105,0.54761
18.9,-0.034639,0.95066,0.53421
18.91,-0.017441,0.92495,0.52283
18.92,0.0013904,0.89401,0.51373
18.93,0.022057,0.85799,0.50713
18.94,0.044735,0.81704,0.50319
18.95,0.069573,0.77138,0.50204
18.96,0.096684,0.72124,0.50372
18.97,0.12614,0.6669,0.50825
18.98,0.15799,0.60865,0.51557
18.99,0.1922,0.54684,0.52559
19,0.22874,0.48184,0.53816
19.01,0.26749,0.41403,0.55308
19.02,0.30831,0.34385,0.57012
19.03,0.35099,0.27176,0.58898
19.04,0.39529,0.19822,0.60935
19.05,0.44092,0.12374,0.63089
19.06,0.48754,0.04884,0.65322
19.07,0.53477,-0.025956,0.67593
19.08,0.58219,-0.1001,0.69864
19.09,0.62935,-0.17303,0.72091
19.1,0.67578,-0.2442,0.74234
19.11,0.72096,-0.31305,0.76251
19.12,0.76438,-0.37903,0.78101
19.13,0.80551,-0.44159,0.79746
19.14,0.84381,-0.5002,0.8115
19.15,0.87874,-0.55435,0.82278
19.16,0.90979,-0.60357,0.83101
19.17,0.93643,-0.64739,0.83591
19.18,0.95821,-0.68538,0.83726
19.19,0.97465,-0.71718,0.83486
19.2,0.98536,-0.74244,0.82858
19.21,0.98997,-0.76086,0.81834
19.22,0.98815,-0.77222,0.80407
19.23,0.97967,-0.77632,0.78579
19.24,0.96431,-0.77305,0.76355
19.25,0.94197,-0.76235,0.73746
19.26,0.91258,-0.74422,0.70766
19.27,0.87617,-0.71874,0.67435
19.28,0.83283,-0.68603,0.63776
19.29,0.78274,-0.64632,0.59817
19.3,0.72616,-0.59988,0.55588
19.31,0.66341,-0.54705,0.51123
19.32,0.59491,-0.48825,0.46458
19.33,0.52112,-0.42394,0.41633
19.34,0.44261,-0.35465,0.36686
19.35,0.35999,-0.28099,0.3166
19.36,0.27392,-0.20358,0.26595
19.37,0.18515,-0.12312,0.21534
19.38,0.094434,-0.040336,0.16518
19.39,0.0025915,0.044011,0.11587
19.4,-0.08954,0.12913,0.067801
19.41,-0.1811,0.21422,0.021342
19.42,-0.27121,0.29845,-0.023159
19.43,-0.35901,0.381,-0.065383
19.44,-0.44363,0.46105,-0.10504
19.45,-0.52422,0.5378,-0.14187
19.46,-0.59997,0.61048,-0.17565
19.47,-0.67009,0.67831,-0.20619
19.48,-0.73386,0.74061,-0.23334
19.49,-0.79061,0.7967,-0.25699
19.5,-0.83972,0.84598,-0.27707
19.51,-0.88066,0.8879,-0.29354
19.52,-0.91298,0.92199,-0.30641
19.53,-0.9363,0.94786,-0.3157
19.54,-0.95036,0.96519,-0.32149
19.55,-0.95496,0.97374,-0.32389
19.56,-0.95003,0.97339,-0.32302
19.57,-0.93559,0.96407,-0.31905
19.58,-0.91176,0.94584,-0.31215
19.59,-0.87877,0.91885,-0.30252
19.6,-0.83693,0.88332,-0.29039
19.61,-0.78667,0.83959,-0.27599
19.62,-0.72851,0.78807,-0.25956
19.63,-0.66304,0.72927,-0.24136
19.64,-0.59095,0.66378,-0.22163
19.65,-0.513,0.59227,-0.20064
19.66,-0.43003,0.51546,-0.17863
19.67,-0.34291,0.43416,-0.15587
19.68,-0.25258,0.34921,-0.13258
19.69,-0.16,0.26151,-0.10902
19.7,-0.066194,0.172,-0.0854
19.71,0.02784,0.081612,-0.061938
19.72,0.12108,-0.0086694,-0.038833
19.73,0.21251,-0.097876,-0.016275
19.74,0.30114,-0.18504,0.0055618
19.75,0.386,-0.26922,0.026518
19.76,0.46616,-0.3495,0.046447
19.77,0.54076,-0.425,0.065216
19.78,0.60899,-0.49489,0.082703
19.79,0.67009,-0.55841,0.098801
19.8,0.72342,-0.61486,0.11341
19.81,0.76838,-0.66361,0.12645
19.82,0.80451,-0.70414,0.13783
19.83,0.83141,-0.73598,0.14748
19.84,0.84881,-0.7588,0.15535
19.85,0.85652,-0.77234,0.16136
19.86,0.85448,-0.77645,0.16547
19.87,0.84273,-0.7711,0.16763
19.88,0.82141,-0.75634,0.16778
19.89,0.79077,-0.73235,0.16588
19.9,0.75116,-0.69939,0.1619
19.91,0.70304,-0.65783,0.15577
19.92,0.64693,-0.60815,0.14748
19.93,0.58348,-0.55088,0.13699
19.94,0.51337,-0.48668,0.12426
19.95,0.43738,-0.41625,0.10927
19.96,0.35633,-0.34037,0.091992
19.97,0.2711,-0.25987,0.072425
19.98,0.18261,-0.17563,0.050559
19.99,0.091789,-0.088566,0.026402
20,-0.0003984,0.00038269,-2.5539e-05
