0,0
0.01,0.025131
0.02,0.050247
0.03,0.075332
0.04,0.10037
0.05,0.12535
0.06,0.15025
0.07,0.17505
0.08,0.19975
0.09,0.22432
0.1,0.24875
0.11,0.27303
0.12,0.29713
0.13,0.32104
0.14,0.34476
0.15,0.36826
0.16,0.39152
0.17,0.41454
0.18,0.4373
0.19,0.45978
0.2,0.48197
0.21,0.50386
0.22,0.52543
0.23,0.54667
0.24,0.56757
0.25,0.5881
0.26,0.60827
0.27,0.62805
0.28,0.64743
0.29,0.66641
0.3,0.68496
0.31,0.70308
0.32,0.72076
0.33,0.73798
0.34,0.75473
0.35,0.77101
0.36,0.78679
0.37,0.80208
0.38,0.81687
0.39,0.83113
0.4,0.84487
0.41,0.85807
0.42,0.87073
0.43,0.88284
0.44,0.89439
0.45,0.90537
0.46,0.91578
0.47,0.92561
0.48,0.93485
0.49,0.9435
0.5,0.95154
0.51,0.95899
0.52,0.96583
0.53,0.97205
0.54,0.97766
0.55,0.98265
0.56,0.98701
0.57,0.99074
0.58,0.99385
0.59,0.99633
0.6,0.99817
0.61,0.99938
0.62,0.99995
0.63,0.99989
0.64,0.99919
0.65,0.99785
0.66,0.99589
0.67,0.99329
0.68,0.99005
0.69,0.98619
0.7,0.9817
0.71,0.97658
0.72,0.97085
0.73,0.96449
0.74,0.95752
0.75,0.94994
0.76,0.94176
0.77,0.93298
0.78,0.9236
0.79,0.91363
0.8,0.90308
0.81,0.89196
0.82,0.88026
0.83,0.86801
0.84,0.8552
0.85,0.84185
0.86,0.82796
0.87,0.81354
0.88,0.7986
0.89,0.78315
0.9,0.7672
0.91,0.75076
0.92,0.73385
0.93,0.71646
0.94,0.69862
0.95,0.68032
0.96,0.6616
0.97,0.64245
0.98,0.62289
0.99,0.60293
1,0.58259
1.01,0.56187
1.02,0.5408
1.03,0.51937
1.04,0.49762
1.05,0.47554
1.06,0.45316
1.07,0.4305
1.08,0.40755
1.09,0.38434
1.1,0.36089
1.11,0.3372
1.12,0.3133
1.13,0.2892
1.14,0.26491
1.15,0.24044
1.16,0.21583
1.17,0.19107
1.18,0.1662
1.19,0.14121
1.2,0.11613
1.21,0.090979
1.22,0.065766
1.23,0.040509
1.24,0.015226
1.25,-0.010069
1.26,-0.035358
1.27,-0.060627
1.28,-0.085858
1.29,-0.11103
1.3,-0.13614
1.31,-0.16116
1.32,-0.18608
1.33,-0.21089
1.34,-0.23555
1.35,-0.26007
1.36,-0.28443
1.37,-0.3086
1.38,-0.33258
1.39,-0.35634
1.4,-0.37988
1.41,-0.40317
1.42,-0.42621
1.43,-0.44898
1.44,-0.47146
1.45,-0.49364
1.46,-0.5155
1.47,-0.53703
1.48,-0.55822
1.49,-0.57906
1.5,-0.59952
1.51,-0.6196
1.52,-0.63928
1.53,-0.65856
1.54,-0.67741
1.55,-0.69583
1.56,-0.7138
1.57,-0.73131
1.58,-0.74836
1.59,-0.76493
1.6,-0.78101
1.61,-0.79658
1.62,-0.81165
1.63,-0.82619
1.64,-0.84021
1.65,-0.85368
1.66,-0.86661
1.67,-0.87898
1.68,-0.89079
1.69,-0.90202
1.7,-0.91268
1.71,-0.92275
1.72,-0.93222
1.73,-0.9411
1.74,-0.94937
1.75,-0.95703
1.76,-0.96408
1.77,-0.97051
1.78,-0.97631
1.79,-0.98149
1.8,-0.98603
1.81,-0.98994
1.82,-0.99321
1.83,-0.99584
1.84,-0.99783
1.85,-0.99918
1.86,-0.99989
1.87,-0.99995
1.88,-0.99936
1.89,-0.99814
1.9,-0.99627
1.91,-0.99375
1.92,-0.9906
1.93,-0.98681
1.94,-0.98238
1.95,-0.97732
1.96,-0.97163
1.97,-0.96531
1.98,-0.95836
1.99,-0.9508
2,-0.94263
2.01,-0.93385
2.02,-0.92446
2.03,-0.91448
2.04,-0.9039
2.05,-0.89274
2.06,-0.88101
2.07,-0.8687
2.08,-0.85584
2.09,-0.84242
2.1,-0.82845
2.11,-0.81395
2.12,-0.79892
2.13,-0.78338
2.14,-0.76733
2.15,-0.75078
2.16,-0.73375
2.17,-0.71624
2.18,-0.69826
2.19,-0.67984
2.2,-0.66097
2.21,-0.64168
2.22,-0.62197
2.23,-0.60185
2.24,-0.58135
2.25,-0.56047
2.26,-0.53922
2.27,-0.51762
2.28,-0.49569
2.29,-0.47344
2.3,-0.45087
2.31,-0.42802
2.32,-0.40488
2.33,-0.38149
2.34,-0.35784
2.35,-0.33396
2.36,-0.30987
2.37,-0.28557
2.38,-0.26108
2.39,-0.23643
2.4,-0.21162
2.41,-0.18667
2.42,-0.1616
2.43,-0.13642
2.44,-0.11115
2.45,-0.085809
2.46,-0.060411
2.47,-0.034972
2.48,-0.0095095
2.49,0.015961
2.5,0.041423
2.51,0.066859
2.52,0.092254
2.53,0.11759
2.54,0.14285
2.55,0.16802
2.56,0.19308
2.57,0.21802
2.58,0.24282
2.59,0.26746
2.6,0.29193
2.61,0.31621
2.62,0.34029
2.63,0.36415
2.64,0.38777
2.65,0.41114
2.66,0.43425
2.67,0.45707
2.68,0.4796
2.69,0.50182
2.7,0.52371
2.71,0.54527
2.72,0.56647
2.73,0.5873
2.74,0.60776
2.75,0.62781
2.76,0.64747
2.77,0.6667
2.78,0.68549
2.79,0.70385
2.8,0.72174
2.81,0.73917
2.82,0.75612
2.83,0.77257
2.84,0.78852
2.85,0.80396
2.86,0.81888
2.87,0.83326
2.88,0.8471
2.89,0.8604
2.9,0.87313
2.91,0.88529
2.92,0.89687
2.93,0.90787
2.94,0.91828
2.95,0.9281
2.96,0.9373
2.97,0.9459
2.98,0.95388
2.99,0.96123
3,0.96796
3.01,0.97406
3.02,0.97953
3.03,0.98435
3.04,0.98853
3.05,0.99207
3.06,0.99496
3.07,0.99719
3.08,0.99878
3.09,0.99972
3.1,1
3.11,0.99963
3.12,0.9986
3.13,0.99692
3.14,0.99459
3.15,0.99161
3.16,0.98798
3.17,0.98371
3.18,0.97879
3.19,0.97323
3.2,0.96703
3.21,0.9602
3.22,0.95275
3.23,0.94466
3.24,0.93596
3.25,0.92665
3.26,0.91673
3.27,0.9062
3.28,0.89509
3.29,0.88338
3.3,0.8711
3.31,0.85825
3.32,0.84483
3.33,0.83086
3.34,0.81634
3.35,0.80129
3.36,0.78571
3.37,0.76961
3.38,0.75301
3.39,0.73592
3.4,0.71834
3.41,0.70028
3.42,0.68177
3.43,0.66281
3.44,0.64342
3.45,0.6236
3.46,0.60336
3.47,0.58274
3.48,0.56173
3.49,0.54034
3.5,0.51861
3.51,0.49653
3.52,0.47412
3.53,0.4514
3.54,0.42838
3.55,0.40508
3.56,0.38151
3.57,0.35769
3.58,0.33363
3.59,0.30935
3.6,0.28487
3.61,0.2602
3.62,0.23535
3.63,0.21035
3.64,0.18521
3.65,0.15995
3.66,0.13458
3.67,0.10912
3.68,0.083582
3.69,0.057991
3.7,0.03236
3.71,0.0067058
3.72,-0.018954
3.73,-0.044603
3.74,-0.070224
3.75,-0.095801
3.76,-0.12132
3.77,-0.14675
3.78,-0.17209
3.79,-0.19732
3.8,-0.22243
3.81,-0.24738
3.82,-0.27218
3.83,-0.29679
3.84,-0.32122
3.85,-0.34543
3.86,-0.36941
3.87,-0.39316
3.88,-0.41664
3.89,-0.43986
3.9,-0.46278
3.91,-0.4854
3.92,-0.5077
3.93,-0.52967
3.94,-0.55129
3.95,-0.57254
3.96,-0.59342
3.97,-0.61391
3.98,-0.634
3.99,-0.65366
4,-0.6729
4.01,-0.69169
4.02,-0.71003
4.03,-0.7279
4.04,-0.74529
4.05,-0.76218
4.06,-0.77858
4.07,-0.79446
4.08,-0.80981
4.09,-0.82463
4.1,-0.83891
4.11,-0.85263
4.12,-0.86579
4.13,-0.87838
4.14,-0.89038
4.15,-0.9018
4.16,-0.91262
4.17,-0.92284
4.18,-0.93244
4.19,-0.94143
4.2,-0.9498
4.21,-0.95754
4.22,-0.96464
4.23,-0.97111
4.24,-0.97693
4.25,-0.9821
4.26,-0.98663
4.27,-0.9905
4.28,-0.99371
4.29,-0.99626
4.3,-0.99816
4.31,-0.99939
4.32,-0.99996
4.33,-0.99986
4.34,-0.9991
4.35,-0.99768
4.36,-0.9956
4.37,-0.99285
4.38,-0.98945
4.39,-0.98539
4.4,-0.98067
4.41,-0.9753
4.42,-0.96929
4.43,-0.96262
4.44,-0.95532
4.45,-0.94739
4.46,-0.93882
4.47,-0.92963
4.48,-0.91982
4.49,-0.9094
4.5,-0.89837
4.51,-0.88674
4.52,-0.87453
4.53,-0.86173
4.54,-0.84835
4.55,-0.83441
4.56,-0.81992
4.57,-0.80488
4.58,-0.7893
4.59,-0.77319
4.6,-0.75657
4.61,-0.73944
4.62,-0.72182
4.63,-0.70372
4.64,-0.68515
4.65,-0.66612
4.66,-0.64664
4.67,-0.62674
4.68,-0.60641
4.69,-0.58568
4.7,-0.56455
4.71,-0.54305
4.72,-0.52119
4.73,-0.49897
4.74,-0.47642
4.75,-0.45355
4.76,-0.43038
4.77,-0.40692
4.78,-0.38318
4.79,-0.35919
4.8,-0.33496
4.81,-0.3105
4.82,-0.28583
4.83,-0.26097
4.84,-0.23593
4.85,-0.21074
4.86,-0.1854
4.87,-0.15994
4.88,-0.13436
4.89,-0.1087
4.9,-0.082962
4.91,-0.057166
4.92,-0.03133
4.93,-0.005472
4.94,0.020392
4.95,0.046243
4.96,0.072066
4.97,0.097842
4.98,0.12355
4.99,0.14919
5,0.17472
5.01,0.20014
5.02,0.22542
5.03,0.25056
5.04,0.27553
5.05,0.30032
5.06,0.3249
5.07,0.34928
5.08,0.37342
5.09,0.39731
5.1,0.42093
5.11,0.44428
5.12,0.46733
5.13,0.49006
5.14,0.51247
5.15,0.53454
5.16,0.55625
5.17,0.57759
5.18,0.59854
5.19,0.6191
5.2,0.63923
5.21,0.65894
5.22,0.67821
5.23,0.69703
5.24,0.71538
5.25,0.73324
5.26,0.75062
5.27,0.7675
5.28,0.78386
5.29,0.79969
5.3,0.81499
5.31,0.82974
5.32,0.84393
5.33,0.85756
5.34,0.87061
5.35,0.88308
5.36,0.89495
5.37,0.90622
5.38,0.91688
5.39,0.92693
5.4,0.93635
5.41,0.94515
5.42,0.9533
5.43,0.96082
5.44,0.96769
5.45,0.97391
5.46,0.97947
5.47,0.98437
5.48,0.98861
5.49,0.99218
5.5,0.99509
5.51,0.99732
5.52,0.99889
5.53,0.99977
5.54,0.99999
5.55,0.99953
5.56,0.99839
5.57,0.99659
5.58,0.9941
5.59,0.99095
5.6,0.98713
5.61,0.98264
5.62,0.97749
5.63,0.97168
5.64,0.96521
5.65,0.95809
5.66,0.95032
5.67,0.94191
5.68,0.93286
5.69,0.92318
5.7,0.91287
5.71,0.90195
5.72,0.89042
5.73,0.87828
5.74,0.86555
5.75,0.85223
5.76,0.83834
5.77,0.82387
5.78,0.80885
5.79,0.79328
5.8,0.77717
5.81,0.76053
5.82,0.74338
5.83,0.72573
5.84,0.70758
5.85,0.68895
5.86,0.66985
5.87,0.65029
5.88,0.6303
5.89,0.60987
5.9,0.58903
5.91,0.56779
5.92,0.54617
5.93,0.52417
5.94,0.50181
5.95,0.47911
5.96,0.45609
5.97,0.43275
5.98,0.40912
5.99,0.38521
6,0.36104
6.01,0.33662
6.02,0.31197
6.03,0.2871
6.04,0.26204
6.05,0.2368
6.06,0.2114
6.07,0.18585
6.08,0.16017
6.09,0.13438
6.1,0.1085
6.11,0.082545
6.12,0.056529
6.13,0.030474
6.14,0.0043961
6.15,-0.021687
6.16,-0.047757
6.17,-0.073796
6.18,-0.099787
6.19,-0.12571
6.2,-0.15155
6.21,-0.17729
6.22,-0.20291
6.23,-0.2284
6.24,-0.25373
6.25,-0.27889
6.26,-0.30386
6.27,-0.32863
6.28,-0.35317
6.29,-0.37748
6.3,-0.40153
6.31,-0.42531
6.32,-0.44879
6.33,-0.47198
6.34,-0.49484
6.35,-0.51737
6.36,-0.53955
6.37,-0.56136
6.38,-0.58279
6.39,-0.60382
6.4,-0.62444
6.41,-0.64464
6.42,-0.6644
6.43,-0.68371
6.44,-0.70255
6.45,-0.72091
6.46,-0.73878
6.47,-0.75614
6.48,-0.77299
6.49,-0.78932
6.5,-0.8051
6.51,-0.82034
6.52,-0.83501
6.53,-0.84912
6.54,-0.86264
6.55,-0.87558
6.56,-0.88792
6.57,-0.89965
6.58,-0.91076
6.59,-0.92126
6.6,-0.93112
6.61,-0.94034
6.62,-0.94893
6.63,-0.95686
6.64,-0.96414
6.65,-0.97075
6.66,-0.97671
6.67,-0.98199
6.68,-0.9866
6.69,-0.99053
6.7,-0.99379
6.71,-0.99636
6.72,-0.99825
6.73,-0.99946
6.74,-0.99998
6.75,-0.99981
6.76,-0.99896
6.77,-0.99742
6.78,-0.99519
6.79,-0.99229
6.8,-0.9887
6.81,-0.98443
6.82,-0.97948
6.83,-0.97386
6.84,-0.96757
6.85,-0.96062
6.86,-0.953
6.87,-0.94473
6.88,-0.93581
6.89,-0.92624
6.9,-0.91604
6.91,-0.9052
6.92,-0.89374
6.93,-0.88167
6.94,-0.86899
6.95,-0.8557
6.96,-0.84183
6.97,-0.82738
6.98,-0.81236
6.99,-0.79677
7,-0.78064
7.01,-0.76396
7.02,-0.74676
7.03,-0.72904
7.04,-0.71082
7.05,-0.69211
7.06,-0.67291
7.07,-0.65326
7.08,-0.63315
7.09,-0.6126
7.1,-0.59163
7.11,-0.57024
7.12,-0.54847
7.13,-0.52631
7.14,-0.50379
7.15,-0.48091
7.16,-0.45771
7.17,-0.43418
7.18,-0.41036
7.19,-0.38624
7.2,-0.36186
7.21,-0.33723
7.22,-0.31236
7.23,-0.28728
7.24,-0.26199
7.25,-0.23652
7.26,-0.21089
7.27,-0.18511
7.28,-0.15919
7.29,-0.13317
7.3,-0.10705
7.31,-0.080856
7.32,-0.054603
7.33,-0.02831
7.34,-0.001995
7.35,0.024323
7.36,0.050626
7.37,0.076896
7.38,0.10312
7.39,0.12926
7.4,0.15533
7.41,0.18128
7.42,0.20712
7.43,0.23281
7.44,0.25834
7.45,0.28369
7.46,0.30885
7.47,0.3338
7.48,0.35852
7.49,0.38299
7.5,0.40719
7.51,0.43112
7.52,0.45475
7.53,0.47806
7.54,0.50104
7.55,0.52368
7.56,0.54596
7.57,0.56785
7.58,0.58936
7.59,0.61045
7.6,0.63113
7.61,0.65136
7.62,0.67115
7.63,0.69047
7.64,0.70931
7.65,0.72765
7.66,0.7455
7.67,0.76282
7.68,0.77962
7.69,0.79587
7.7,0.81157
7.71,0.82671
7.72,0.84127
7.73,0.85525
7.74,0.86863
7.75,0.88141
7.76,0.89357
7.77,0.90511
7.78,0.91603
7.79,0.9263
7.8,0.93593
7.81,0.9449
7.82,0.95322
7.83,0.96087
7.84,0.96786
7.85,0.97416
7.86,0.97979
7.87,0.98473
7.88,0.98899
7.89,0.99256
7.9,0.99543
7.91,0.99761
7.92,0.99908
7.93,0.99987
7.94,0.99995
7.95,0.99933
7.96,0.99802
7.97,0.996
7.98,0.99329
7.99,0.98989
8,0.98579
8.01,0.981
8.02,0.97552
8.03,0.96936
8.04,0.96252
8.05,0.955
8.06,0.94682
8.07,0.93797
8.08,0.92847
8.09,0.91831
8.1,0.90751
8.11,0.89607
8.12,0.884
8.13,0.87131
8.14,0.85801
8.15,0.8441
8.16,0.8296
8.17,0.81452
8.18,0.79887
8.19,0.78265
8.2,0.76588
8.21,0.74858
8.22,0.73074
8.23,0.71239
8.24,0.69354
8.25,0.6742
8.26,0.65439
8.27,0.63411
8.28,0.61339
8.29,0.59223
8.3,0.57065
8.31,0.54867
8.32,0.52631
8.33,0.50357
8.34,0.48047
8.35,0.45704
8.36,0.43328
8.37,0.40921
8.38,0.38486
8.39,0.36023
8.4,0.33534
8.41,0.31022
8.42,0.28488
8.43,0.25933
8.44,0.2336
8.45,0.2077
8.46,0.18165
8.47,0.15547
8.48,0.12919
8.49,0.1028
8.5,0.076346
8.51,0.049833
8.52,0.023282
8.53,-0.0032875
8.54,-0.029857
8.55,-0.056407
8.56,-0.08292
8.57,-0.10938
8.58,-0.13576
8.59,-0.16205
8.6,-0.18822
8.61,-0.21426
8.62,-0.24016
8.63,-0.26589
8.64,-0.29143
8.65,-0.31677
8.66,-0.34188
8.67,-0.36676
8.68,-0.39138
8.69,-0.41572
8.7,-0.43977
8.71,-0.46351
8.72,-0.48693
8.73,-0.51
8.74,-0.53271
8.75,-0.55505
8.76,-0.577
8.77,-0.59853
8.78,-0.61965
8.79,-0.64033
8.8,-0.66056
8.81,-0.68032
8.82,-0.69959
8.83,-0.71838
8.84,-0.73665
8.85,-0.75441
8.86,-0.77163
8.87,-0.7883
8.88,-0.80442
8.89,-0.81996
8.9,-0.83493
8.91,-0.8493
8.92,-0.86307
8.93,-0.87623
8.94,-0.88876
8.95,-0.90067
8.96,-0.91193
8.97,-0.92255
8.98,-0.93252
8.99,-0.94182
9,-0.95045
9.01,-0.9584
9.02,-0.96568
9.03,-0.97226
9.04,-0.97816
9.05,-0.98336
9.06,-0.98785
9.07,-0.99165
9.08,-0.99474
9.09,-0.99712
9.1,-0.99879
9.11,-0.99975
9.12,-0.99999
9.13,-0.99952
9.14,-0.99834
9.15,-0.99645
9.16,-0.99384
9.17,-0.99053
9.18,-0.98651
9.19,-0.98178
9.2,-0.97635
9.21,-0.97023
9.22,-0.96341
9.23,-0.9559
9.24,-0.94771
9.25,-0.93884
9.26,-0.9293
9.27,-0.91909
9.28,-0.90823
9.29,-0.89671
9.3,-0.88456
9.31,-0.87176
9.32,-0.85835
9.33,-0.84432
9.34,-0.82968
9.35,-0.81445
9.36,-0.79863
9.37,-0.78224
9.38,-0.76529
9.39,-0.74778
9.4,-0.72974
9.41,-0.71118
9.42,-0.69211
9.43,-0.67253
9.44,-0.65248
9.45,-0.63195
9.46,-0.61097
9.47,-0.58954
9.48,-0.5677
9.49,-0.54544
9.5,-0.52279
9.51,-0.49976
9.52,-0.47638
9.53,-0.45264
9.54,-0.42859
9.55,-0.40422
9.56,-0.37955
9.57,-0.35462
9.58,-0.32942
9.59,-0.30399
9.6,-0.27834
9.61,-0.25248
9.62,-0.22644
9.63,-0.20023
9.64,-0.17388
9.65,-0.1474
9.66,-0.12081
9.67,-0.094137
9.68,-0.067389
9.69,-0.040591
9.7,-0.013761
9.71,0.013082
9.72,0.039917
9.73,0.066726
9.74,0.093489
9.75,0.12019
9.76,0.1468
9.77,0.17331
9.78,0.1997
9.79,0.22595
9.8,0.25203
9.81,0.27794
9.82,0.30364
9.83,0.32913
9.84,0.35439
9.85,0.37939
9.86,0.40412
9.87,0.42856
9.88,0.45269
9.89,0.4765
9.9,0.49996
9.91,0.52307
9.92,0.5458
9.93,0.56814
9.94,0.59006
9.95,0.61157
9.96,0.63263
9.97,0.65323
9.98,0.67337
9.99,0.69302
10,0.71217
10.01,0.7308
10.02,0.74891
10.03,0.76647
10.04,0.78349
10.05,0.79993
10.06,0.8158
10.07,0.83108
10.08,0.84575
10.09,0.85982
10.1,0.87326
10.11,0.88607
10.12,0.89823
10.13,0.90975
10.14,0.9206
10.15,0.93079
10.16,0.9403
10.17,0.94914
10.18,0.95728
10.19,0.96472
10.2,0.97147
10.21,0.97751
10.22,0.98284
10.23,0.98746
10.24,0.99136
10.25,0.99454
10.26,0.99699
10.27,0.99872
10.28,0.99972
10.29,0.99999
10.3,0.99954
10.31,0.99836
10.32,0.99645
10.33,0.99381
10.34,0.99045
10.35,0.98637
10.36,0.98157
10.37,0.97605
10.38,0.96982
10.39,0.96288
10.4,0.95524
10.41,0.9469
10.42,0.93787
10.43,0.92815
10.44,0.91776
10.45,0.90669
10.46,0.89496
10.47,0.88257
10.48,0.86954
10.49,0.85588
10.5,0.84158
10.51,0.82667
10.52,0.81115
10.53,0.79504
10.54,0.77835
10.55,0.76108
10.56,0.74326
10.57,0.72489
10.58,0.70599
10.59,0.68657
10.6,0.66664
10.61,0.64623
10.62,0.62534
10.63,0.60398
10.64,0.58219
10.65,0.55997
10.66,0.53733
10.67,0.51429
10.68,0.49088
10.69,0.46711
10.7,0.44299
10.71,0.41854
10.72,0.39378
10.73,0.36874
10.74,0.34342
10.75,0.31784
10.76,0.29203
10.77,0.266
10.78,0.23977
10.79,0.21337
10.8,0.1868
10.81,0.1601
10.82,0.13327
10.83,0.10635
10.84,0.079343
10.85,0.052276
10.86,0.025168
10.87,-0.0019609
10.88,-0.029091
10.89,-0.056203
10.9,-0.083275
10.91,-0.11029
10.92,-0.13722
10.93,-0.16406
10.94,-0.19078
10.95,-0.21736
10.96,-0.24378
10.97,-0.27003
10.98,-0.29608
10.99,-0.32191
11,-0.34751
11.01,-0.37285
11.02,-0.39792
11.03,-0.4227
11.04,-0.44717
11.05,-0.47131
11.06,-0.49511
11.07,-0.51854
11.08,-0.54159
11.09,-0.56424
11.1,-0.58648
11.11,-0.60829
11.12,-0.62965
11.13,-0.65054
11.14,-0.67096
11.15,-0.69088
11.16,-0.71029
11.17,-0.72918
11.18,-0.74753
11.19,-0.76533
11.2,-0.78256
11.21,-0.79922
11.22,-0.81528
11.23,-0.83074
11.24,-0.84559
11.25,-0.85981
11.26,-0.8734
11.27,-0.88634
11.28,-0.89862
11.29,-0.91024
11.3,-0.92118
11.31,-0.93144
11.32,-0.94101
11.33,-0.94988
11.34,-0.95805
11.35,-0.9655
11.36,-0.97224
11.37,-0.97826
11.38,-0.98355
11.39,-0.98811
11.4,-0.99193
11.41,-0.99502
11.42,-0.99737
11.43,-0.99898
11.44,-0.99984
11.45,-0.99996
11.46,-0.99933
11.47,-0.99796
11.48,-0.99585
11.49,-0.99299
11.5,-0.9894
11.51,-0.98506
11.52,-0.98
11.53,-0.9742
11.54,-0.96767
11.55,-0.96042
11.56,-0.95246
11.57,-0.94378
11.58,-0.9344
11.59,-0.92432
11.6,-0.91354
11.61,-0.90209
11.62,-0.88996
11.63,-0.87716
11.64,-0.86371
11.65,-0.84961
11.66,-0.83487
11.67,-0.81951
11.68,-0.80354
11.69,-0.78696
11.7,-0.76979
11.71,-0.75204
11.72,-0.73373
11.73,-0.71487
11.74,-0.69547
11.75,-0.67555
11.76,-0.65512
11.77,-0.63419
11.78,-0.61279
11.79,-0.59093
11.8,-0.56863
11.81,-0.54589
11.82,-0.52274
11.83,-0.4992
11.84,-0.47528
11.85,-0.45101
11.86,-0.42639
11.87,-0.40145
11.88,-0.3762
11.89,-0.35068
11.9,-0.32488
11.91,-0.29884
11.92,-0.27257
11.93,-0.24609
11.94,-0.21943
11.95,-0.19259
11.96,-0.16561
11.97,-0.13851
11.98,-0.11129
11.99,-0.083993
12,-0.056627
12.01,-0.029215
12.02,-0.001778
12.03,0.025663
12.04,0.053087
12.05,0.080474
12.06,0.1078
12.07,0.13505
12.08,0.16221
12.09,0.18924
12.1,0.21613
12.11,0.24286
12.12,0.26941
12.13,0.29576
12.14,0.3219
12.15,0.34779
12.16,0.37342
12.17,0.39877
12.18,0.42382
12.19,0.44855
12.2,0.47295
12.21,0.49699
12.22,0.52066
12.23,0.54394
12.24,0.56681
12.25,0.58925
12.26,0.61125
12.27,0.63279
12.28,0.65386
12.29,0.67443
12.3,0.69449
12.31,0.71402
12.32,0.73302
12.33,0.75147
12.34,0.76934
12.35,0.78664
12.36,0.80334
12.37,0.81944
12.38,0.83491
12.39,0.84975
12.4,0.86395
12.41,0.87749
12.42,0.89037
12.43,0.90258
12.44,0.9141
12.45,0.92493
12.46,0.93505
12.47,0.94447
12.48,0.95317
12.49,0.96115
12.5,0.96839
12.51,0.9749
12.52,0.98067
12.53,0.9857
12.54,0.98997
12.55,0.99349
12.56,0.99626
12.57,0.99826
12.58,0.99951
12.59,0.99999
12.6,0.99972
12.61,0.99868
12.62,0.99688
12.63,0.99432
12.64,0.991
12.65,0.98692
12.66,0.98209
12.67,0.97651
12.68,0.97019
12.69,0.96312
12.7,0.95532
12.71,0.94679
12.72,0.93753
12.73,0.92756
12.74,0.91687
12.75,0.90549
12.76,0.89341
12.77,0.88064
12.78,0.8672
12.79,0.8531
12.8,0.83834
12.81,0.82294
12.82,0.8069
12.83,0.79025
12.84,0.77299
12.85,0.75514
12.86,0.7367
12.87,0.7177
12.88,0.69815
12.89,0.67806
12.9,0.65745
12.91,0.63633
12.92,0.61472
12.93,0.59263
12.94,0.57009
12.95,0.54711
12.96,0.52371
12.97,0.4999
12.98,0.47571
12.99,0.45114
13,0.42623
13.01,0.40099
13.02,0.37543
13.03,0.34959
13.04,0.32347
13.05,0.2971
13.06,0.2705
13.07,0.24369
13.08,0.21669
13.09,0.18952
13.1,0.1622
13.11,0.13475
13.12,0.1072
13.13,0.079558
13.14,0.051853
13.15,0.024106
13.16,-0.0036635
13.17,-0.031433
13.18,-0.059181
13.19,-0.086887
13.2,-0.11453
13.21,-0.14208
13.22,-0.16953
13.23,-0.19685
13.24,-0.22403
13.25,-0.25103
13.26,-0.27784
13.27,-0.30444
13.28,-0.33081
13.29,-0.35692
13.3,-0.38276
13.31,-0.40831
13.32,-0.43354
13.33,-0.45844
13.34,-0.48299
13.35,-0.50717
13.36,-0.53096
13.37,-0.55434
13.38,-0.57729
13.39,-0.5998
13.4,-0.62184
13.41,-0.6434
13.42,-0.66447
13.43,-0.68503
13.44,-0.70505
13.45,-0.72453
13.46,-0.74345
13.47,-0.7618
13.48,-0.77956
13.49,-0.79671
13.5,-0.81324
13.51,-0.82915
13.52,-0.84441
13.53,-0.85902
13.54,-0.87296
13.55,-0.88622
13.56,-0.8988
13.57,-0.91068
13.58,-0.92185
13.59,-0.9323
13.6,-0.94203
13.61,-0.95102
13.62,-0.95928
13.63,-0.96679
13.64,-0.97355
13.65,-0.97955
13.66,-0.98478
13.67,-0.98925
13.68,-0.99295
13.69,-0.99587
13.7,-0.99802
13.71,-0.99939
13.72,-0.99998
13.73,-0.99978
13.74,-0.99881
13.75,-0.99705
13.76,-0.99452
13.77,-0.99121
13.78,-0.98712
13.79,-0.98226
13.8,-0.97663
13.81,-0.97024
13.82,-0.96309
13.83,-0.95518
13.84,-0.94652
13.85,-0.93713
13.86,-0.92699
13.87,-0.91613
13.88,-0.90455
13.89,-0.89226
13.9,-0.87927
13.91,-0.86559
13.92,-0.85123
13.93,-0.8362
13.94,-0.82051
13.95,-0.80418
13.96,-0.78721
13.97,-0.76962
13.98,-0.75143
13.99,-0.73264
14,-0.71327
14.01,-0.69335
14.02,-0.67287
14.03,-0.65187
14.04,-0.63035
14.05,-0.60833
14.06,-0.58583
14.07,-0.56286
14.08,-0.53945
14.09,-0.51562
14.1,-0.49137
14.11,-0.46674
14.12,-0.44173
14.13,-0.41637
14.14,-0.39069
14.15,-0.36469
14.16,-0.3384
14.17,-0.31184
14.18,-0.28503
14.19,-0.25799
14.2,-0.23075
14.21,-0.20332
14.22,-0.17573
14.23,-0.148
14.24,-0.12014
14.25,-0.092191
14.26,-0.064163
14.27,-0.03608
14.28,-0.007966
14.29,0.020158
14.3,0.048269
14.31,0.076345
14.32,0.10436
14.33,0.1323
14.34,0.16014
14.35,0.18786
14.36,0.21542
14.37,0.24283
14.38,0.27004
14.39,0.29704
14.4,0.32381
14.41,0.35032
14.42,0.37656
14.43,0.40251
14.44,0.42813
14.45,0.45342
14.46,0.47836
14.47,0.50292
14.48,0.52708
14.49,0.55082
14.5,0.57413
14.51,0.59698
14.52,0.61937
14.53,0.64126
14.54,0.66265
14.55,0.68351
14.56,0.70383
14.57,0.72359
14.58,0.74278
14.59,0.76138
14.6,0.77937
14.61,0.79675
14.62,0.81349
14.63,0.82958
14.64,0.84502
14.65,0.85978
14.66,0.87386
14.67,0.88725
14.68,0.89992
14.69,0.91188
14.7,0.92312
14.71,0.93362
14.72,0.94337
14.73,0.95237
14.74,0.96061
14.75,0.96808
14.76,0.97478
14.77,0.9807
14.78,0.98584
14.79,0.99019
14.8,0.99375
14.81,0.99651
14.82,0.99847
14.83,0.99964
14.84,1
14.85,0.99956
14.86,0.99832
14.87,0.99628
14.88,0.99344
14.89,0.98981
14.9,0.98538
14.91,0.98016
14.92,0.97415
14.93,0.96735
14.94,0.95978
14.95,0.95144
14.96,0.94233
14.97,0.93247
14.98,0.92185
14.99,0.91049
15,0.8984
15.01,0.88558
15.02,0.87205
15.03,0.85782
15.04,0.84289
15.05,0.82728
15.06,0.81101
15.07,0.79408
15.08,0.77651
15.09,0.75831
15.1,0.73949
15.11,0.72008
15.12,0.70008
15.13,0.67952
15.14,0.6584
15.15,0.63676
15.16,0.61459
15.17,0.59193
15.18,0.56878
15.19,0.54518
15.2,0.52113
15.21,0.49665
15.22,0.47177
15.23,0.44651
15.24,0.42088
15.25,0.39491
15.26,0.36861
15.27,0.34202
15.28,0.31514
15.29,0.28801
15.3,0.26064
15.31,0.23305
15.32,0.20527
15.33,0.17732
15.34,0.14923
15.35,0.12101
15.36,0.092688
15.37,0.064288
15.38,0.035832
15.39,0.0073442
15.4,-0.021153
15.41,-0.049637
15.42,-0.078085
15.43,-0.10647
15.44,-0.13478
15.45,-0.16297
15.46,-0.19104
15.47,-0.21896
15.48,-0.2467
15.49,-0.27425
15.5,-0.30157
15.51,-0.32866
15.52,-0.35547
15.53,-0.38201
15.54,-0.40823
15.55,-0.43412
15.56,-0.45967
15.57,-0.48484
15.58,-0.50962
15.59,-0.53399
15.6,-0.55792
15.61,-0.5814
15.62,-0.60441
15.63,-0.62693
15.64,-0.64894
15.65,-0.67043
15.66,-0.69136
15.67,-0.71174
15.68,-0.73153
15.69,-0.75073
15.7,-0.76932
15.71,-0.78728
15.72,-0.8046
15.73,-0.82126
15.74,-0.83725
15.75,-0.85255
15.76,-0.86716
15.77,-0.88107
15.78,-0.89425
15.79,-0.9067
15.8,-0.9184
15.81,-0.92936
15.82,-0.93955
15.83,-0.94897
15.84,-0.95762
15.85,-0.96548
15.86,-0.97255
15.87,-0.97882
15.88,-0.98429
15.89,-0.98894
15.9,-0.99279
15.91,-0.99582
15.92,-0.99803
15.93,-0.99942
15.94,-0.99999
15.95,-0.99973
15.96,-0.99865
15.97,-0.99675
15.98,-0.99402
15.99,-0.99048
16,-0.98612
16.01,-0.98095
16.02,-0.97496
16.03,-0.96817
16.04,-0.96058
16.05,-0.9522
16.06,-0.94303
16.07,-0.93308
16.08,-0.92236
16.09,-0.91088
16.1,-0.89864
16.11,-0.88565
16.12,-0.87194
16.13,-0.8575
16.14,-0.84234
16.15,-0.82649
16.16,-0.80996
16.17,-0.79275
16.18,-0.77488
16.19,-0.75637
16.2,-0.73722
16.21,-0.71747
16.22,-0.69712
16.23,-0.67618
16.24,-0.65469
16.25,-0.63264
16.26,-0.61007
16.27,-0.58699
16.28,-0.56342
16.29,-0.53938
16.3,-0.51489
16.31,-0.48997
16.32,-0.46464
16.33,-0.43891
16.34,-0.41282
16.35,-0.38638
16.36,-0.35962
16.37,-0.33255
16.38,-0.30521
16.39,-0.2776
16.4,-0.24977
16.41,-0.22172
16.42,-0.19348
16.43,-0.16507
16.44,-0.13653
16.45,-0.10787
16.46,-0.079111
16.47,-0.050285
16.48,-0.021414
16.49,0.0074792
16.5,0.03637
16.51,0.065234
16.52,0.094047
16.53,0.12279
16.54,0.15142
16.55,0.17994
16.56,0.20831
16.57,0.23651
16.58,0.26452
16.59,0.2923
16.6,0.31985
16.61,0.34713
16.62,0.37413
16.63,0.40081
16.64,0.42716
16.65,0.45316
16.66,0.47878
16.67,0.50401
16.68,0.52881
16.69,0.55317
16.7,0.57708
16.71,0.6005
16.72,0.62342
16.73,0.64581
16.74,0.66767
16.75,0.68897
16.76,0.7097
16.77,0.72983
16.78,0.74935
16.79,0.76824
16.8,0.78648
16.81,0.80407
16.82,0.82098
16.83,0.83721
16.84,0.85273
16.85,0.86753
16.86,0.88161
16.87,0.89494
16.88,0.90752
16.89,0.91933
16.9,0.93037
16.91,0.94063
16.92,0.9501
16.93,0.95876
16.94,0.96662
16.95,0.97366
16.96,0.97987
16.97,0.98526
16.98,0.98982
16.99,0.99354
17,0.99642
17.01,0.99846
17.02,0.99965
17.03,1
17.04,0.9995
17.05,0.99815
17.06,0.99595
17.07,0.99292
17.08,0.98904
17.09,0.98432
17.1,0.97876
17.11,0.97237
17.12,0.96516
17.13,0.95713
17.14,0.94828
17.15,0.93862
17.16,0.92817
17.17,0.91693
17.18,0.9049
17.19,0.89211
17.2,0.87855
17.21,0.86424
17.22,0.8492
17.23,0.83343
17.24,0.81695
17.25,0.79977
17.26,0.78191
17.27,0.76338
17.28,0.74419
17.29,0.72437
17.3,0.70393
17.31,0.68288
17.32,0.66125
17.33,0.63905
17.34,0.61631
17.35,0.59303
17.36,0.56924
17.37,0.54497
17.38,0.52022
17.39,0.49503
17.4,0.46941
17.41,0.44338
17.42,0.41697
17.43,0.3902
17.44,0.36309
17.45,0.33567
17.46,0.30796
17.47,0.27998
17.48,0.25175
17.49,0.22331
17.5,0.19467
17.51,0.16586
17.52,0.1369
17.53,0.10782
17.54,0.078648
17.55,0.049402
17.56,0.020108
17.57,-0.0092061
17.58,-0.038517
17.59,-0.067798
17.6,-0.097026
17.61,-0.12617
17.62,-0.15522
17.63,-0.18413
17.64,-0.21289
17.65,-0.24147
17.66,-0.26985
17.67,-0.29799
17.68,-0.32589
17.69,-0.3535
17.7,-0.38082
17.71,-0.40781
17.72,-0.43445
17.73,-0.46073
17.74,-0.4866
17.75,-0.51207
17.76,-0.53709
17.77,-0.56165
17.78,-0.58573
17.79,-0.60931
17.8,-0.63236
17.81,-0.65487
17.82,-0.67681
17.83,-0.69818
17.84,-0.71894
17.85,-0.73908
17.86,-0.75859
17.87,-0.77744
17.88,-0.79561
17.89,-0.81311
17.9,-0.82989
17.91,-0.84597
17.92,-0.86131
17.93,-0.8759
17.94,-0.88973
17.95,-0.9028
17.96,-0.91508
17.97,-0.92657
17.98,-0.93726
17.99,-0.94713
18,-0.95618
18.01,-0.9644
18.02,-0.97178
18.03,-0.97831
18.04,-0.984
18.05,-0.98883
18.06,-0.9928
18.07,-0.9959
18.08,-0.99814
18.09,-0.9995
18.1,-1
18.11,-0.99962
18.12,-0.99837
18.13,-0.99625
18.14,-0.99326
18.15,-0.9894
18.16,-0.98467
18.17,-0.97909
18.18,-0.97265
18.19,-0.96535
18.2,-0.95721
18.21,-0.94824
18.22,-0.93843
18.23,-0.9278
18.24,-0.91635
18.25,-0.9041
18.26,-0.89106
18.27,-0.87723
18.28,-0.86263
18.29,-0.84728
18.3,-0.83118
18.31,-0.81434
18.32,-0.79679
18.33,-0.77854
18.34,-0.7596
18.35,-0.74
18.36,-0.71974
18.37,-0.69884
18.38,-0.67733
18.39,-0.65521
18.4,-0.63252
18.41,-0.60927
18.42,-0.58548
18.43,-0.56117
18.44,-0.53636
18.45,-0.51107
18.46,-0.48534
18.47,-0.45917
18.48,-0.43259
18.49,-0.40562
18.5,-0.3783
18.51,-0.35064
18.52,-0.32266
18.53,-0.29439
18.54,-0.26586
18.55,-0.2371
18.56,-0.20811
18.57,-0.17894
18.58,-0.14961
18.59,-0.12014
18.6,-0.090559
18.61,-0.060894
18.62,-0.031171
18.63,-0.0014163
18.64,0.028344
18.65,0.058084
18.66,0.087776
18.67,0.1174
18.68,0.14691
18.69,0.17631
18.7,0.20555
18.71,0.23461
18.72,0.26347
18.73,0.2921
18.74,0.32047
18.75,0.34857
18.76,0.37636
18.77,0.40381
18.78,0.43091
18.79,0.45764
18.8,0.48396
18.81,0.50985
18.82,0.53529
18.83,0.56026
18.84,0.58473
18.85,0.60869
18.86,0.6321
18.87,0.65496
18.88,0.67724
18.89,0.69891
18.9,0.71997
18.91,0.74038
18.92,0.76014
18.93,0.77922
18.94,0.7976
18.95,0.81528
18.96,0.83223
18.97,0.84844
18.98,0.86389
18.99,0.87857
19,0.89246
19.01,0.90556
19.02,0.91785
19.03,0.92932
19.04,0.93996
19.05,0.94976
19.06,0.9587
19.07,0.96679
19.08,0.97401
19.09,0.98036
19.1,0.98583
19.11,0.99041
19.12,0.99411
19.13,0.99691
19.14,0.99882
19.15,0.99983
19.16,0.99994
19.17,0.99915
19.18,0.99746
19.19,0.99487
19.2,0.99138
19.21,0.98701
19.22,0.98174
19.23,0.97558
19.24,0.96855
19.25,0.96064
19.26,0.95186
19.27,0.94223
19.28,0.93174
19.29,0.92041
19.3,0.90824
19.31,0.89525
19.32,0.88145
19.33,0.86686
19.34,0.85147
19.35,0.83532
19.36,0.8184
19.37,0.80074
19.38,0.78236
19.39,0.76326
19.4,0.74347
19.41,0.723
19.42,0.70187
19.43,0.6801
19.44,0.65771
19.45,0.63473
19.46,0.61116
19.47,0.58703
19.48,0.56237
19.49,0.53719
19.5,0.51153
19.51,0.48539
19.52,0.4588
19.53,0.4318
19.54,0.4044
19.55,0.37662
19.56,0.3485
19.57,0.32006
19.58,0.29132
19.59,0.26231
19.6,0.23306
19.61,0.20359
19.62,0.17393
19.63,0.1441
19.64,0.11415
19.65,0.084078
19.66,0.053929
19.67,0.023725
19.68,-0.006504
19.69,-0.036732
19.7,-0.066932
19.71,-0.097074
19.72,-0.12713
19.73,-0.15708
19.74,-0.18689
19.75,-0.21653
19.76,-0.24598
19.77,-0.2752
19.78,-0.30418
19.79,-0.33289
19.8,-0.36129
19.81,-0.38936
19.82,-0.41709
19.83,-0.44443
19.84,-0.47137
19.85,-0.49789
19.86,-0.52394
19.87,-0.54953
19.88,-0.5746
19.89,-0.59916
19.9,-0.62317
19.91,-0.64661
19.92,-0.66945
19.93,-0.69168
19.94,-0.71328
19.95,-0.73423
19.96,-0.7545
19.97,-0.77408
19.98,-0.79295
19.99,-0.81109
20,-0.82848
20.01,-0.84512
20.02,-0.86097
20.03,-0.87603
20.04,-0.89029
20.05,-0.90372
20.06,-0.91632
20.07,-0.92807
20.08,-0.93897
20.09,-0.949
20.1,-0.95815
20.11,-0.96642
20.12,-0.97379
20.13,-0.98027
20.14,-0.98583
20.15,-0.99048
20.16,-0.99421
20.17,-0.99702
20.18,-0.99891
20.19,-0.99987
20.2,-0.9999
20.21,-0.999
20.22,-0.99717
20.23,-0.99442
20.24,-0.99074
20.25,-0.98614
20.26,-0.98062
20.27,-0.97418
20.28,-0.96684
20.29,-0.9586
20.3,-0.94946
20.31,-0.93943
20.32,-0.92853
20.33,-0.91676
20.34,-0.90413
20.35,-0.89066
20.36,-0.87636
20.37,-0.86123
20.38,-0.8453
20.39,-0.82857
20.4,-0.81107
20.41,-0.7928
20.42,-0.77379
20.43,-0.75406
20.44,-0.73361
20.45,-0.71248
20.46,-0.69067
20.47,-0.66822
20.48,-0.64513
20.49,-0.62144
20.5,-0.59716
20.51,-0.57232
20.52,-0.54693
20.53,-0.52103
20.54,-0.49463
20.55,-0.46777
20.56,-0.44046
20.57,-0.41273
20.58,-0.38461
20.59,-0.35613
20.6,-0.3273
20.61,-0.29816
20.62,-0.26874
20.63,-0.23906
20.64,-0.20915
20.65,-0.17903
20.66,-0.14875
20.67,-0.11832
20.68,-0.087768
20.69,-0.057132
20.7,-0.026438
20.71,0.0042872
20.72,0.035013
20.73,0.065711
20.74,0.096351
20.75,0.12691
20.76,0.15734
20.77,0.18764
20.78,0.21776
20.79,0.24768
20.8,0.27738
20.81,0.30681
20.82,0.33596
20.83,0.36479
20.84,0.39329
20.85,0.42141
20.86,0.44914
20.87,0.47645
20.88,0.50331
20.89,0.5297
20.9,0.55559
20.91,0.58095
20.92,0.60577
20.93,0.63001
20.94,0.65366
20.95,0.67669
20.96,0.69908
20.97,0.72081
20.98,0.74186
20.99,0.7622
21,0.78182
21.01,0.8007
21.02,0.81881
21.03,0.83615
21.04,0.85269
21.05,0.86843
21.06,0.88333
21.07,0.8974
21.08,0.91061
21.09,0.92295
21.1,0.93441
21.11,0.94498
21.12,0.95464
21.13,0.9634
21.14,0.97123
21.15,0.97813
21.16,0.9841
21.17,0.98913
21.18,0.99321
21.19,0.99633
21.2,0.99851
21.21,0.99972
21.22,0.99997
21.23,0.99927
21.24,0.9976
21.25,0.99498
21.26,0.99139
21.27,0.98686
21.28,0.98137
21.29,0.97494
21.3,0.96757
21.31,0.95927
21.32,0.95004
21.33,0.93989
21.34,0.92884
21.35,0.91689
21.36,0.90405
21.37,0.89034
21.38,0.87576
21.39,0.86034
21.4,0.84409
21.41,0.82701
21.42,0.80914
21.43,0.79048
21.44,0.77105
21.45,0.75087
21.46,0.72997
21.47,0.70835
21.48,0.68604
21.49,0.66307
21.5,0.63945
21.51,0.6152
21.52,0.59035
21.53,0.56493
21.54,0.53896
21.55,0.51245
21.56,0.48545
21.57,0.45797
21.58,0.43003
21.59,0.40168
21.6,0.37293
21.61,0.34382
21.62,0.31436
21.63,0.28459
21.64,0.25454
21.65,0.22424
21.66,0.19371
21.67,0.16299
21.68,0.13211
21.69,0.10109
21.7,0.06997
21.71,0.038775
21.72,0.0075357
21.73,-0.023716
21.74,-0.05495
21.75,-0.086135
21.76,-0.11724
21.77,-0.14824
21.78,-0.1791
21.79,-0.20978
21.8,-0.24027
21.81,-0.27053
21.82,-0.30052
21.83,-0.33023
21.84,-0.35962
21.85,-0.38866
21.86,-0.41733
21.87,-0.44559
21.88,-0.47342
21.89,-0.50079
21.9,-0.52767
21.91,-0.55403
21.92,-0.57986
21.93,-0.60512
21.94,-0.62979
21.95,-0.65385
21.96,-0.67726
21.97,-0.70002
21.98,-0.72208
21.99,-0.74344
22,-0.76407
22.01,-0.78395
22.02,-0.80306
22.03,-0.82138
22.04,-0.8389
22.05,-0.85558
22.06,-0.87143
22.07,-0.88642
22.08,-0.90053
22.09,-0.91376
22.1,-0.92608
22.11,-0.93749
22.12,-0.94798
22.13,-0.95752
22.14,-0.96612
22.15,-0.97377
22.16,-0.98045
22.17,-0.98616
22.18,-0.99089
22.19,-0.99464
22.2,-0.9974
22.21,-0.99918
22.22,-0.99996
22.23,-0.99975
22.24,-0.99854
22.25,-0.99634
22.26,-0.99315
22.27,-0.98897
22.28,-0.98381
22.29,-0.97766
22.3,-0.97054
22.31,-0.96246
22.32,-0.95341
22.33,-0.9434
22.34,-0.93246
22.35,-0.92058
22.36,-0.90779
22.37,-0.89408
22.38,-0.87948
22.39,-0.864
22.4,-0.84765
22.41,-0.83045
22.42,-0.81241
22.43,-0.79356
22.44,-0.77392
22.45,-0.75349
22.46,-0.7323
22.47,-0.71038
22.48,-0.68774
22.49,-0.66441
22.5,-0.64041
22.51,-0.61576
22.52,-0.59049
22.53,-0.56462
22.54,-0.53818
22.55,-0.51119
22.56,-0.48369
22.57,-0.45569
22.58,-0.42723
22.59,-0.39834
22.6,-0.36904
22.61,-0.33936
22.62,-0.30933
22.63,-0.27899
22.64,-0.24836
22.65,-0.21748
22.66,-0.18637
22.67,-0.15506
22.68,-0.1236
22.69,-0.092001
22.7,-0.060307
22.71,-0.028545
22.72,0.0032504
22.73,0.035049
22.74,0.066817
22.75,0.098524
22.76,0.13014
22.77,0.16162
22.78,0.19295
22.79,0.22409
22.8,0.25501
22.81,0.28567
22.82,0.31605
22.83,0.34611
22.84,0.37583
22.85,0.40517
22.86,0.43411
22.87,0.46261
22.88,0.49064
22.89,0.51818
22.9,0.5452
22.91,0.57166
22.92,0.59755
22.93,0.62284
22.94,0.64749
22.95,0.67149
22.96,0.69481
22.97,0.71743
22.98,0.73932
22.99,0.76045
23,0.78082
23.01,0.80038
23.02,0.81914
23.03,0.83706
23.04,0.85413
23.05,0.87032
23.06,0.88563
23.07,0.90004
23.08,0.91352
23.09,0.92608
23.1,0.93768
23.11,0.94833
23.12,0.958
23.13,0.9667
23.14,0.9744
23.15,0.9811
23.16,0.9868
23.17,0.99148
23.18,0.99515
23.19,0.99779
23.2,0.99941
23.21,1
23.22,0.99956
23.23,0.99809
23.24,0.99559
23.25,0.99206
23.26,0.98751
23.27,0.98194
23.28,0.97536
23.29,0.96777
23.3,0.95918
23.31,0.94959
23.32,0.93903
23.33,0.92749
23.34,0.91499
23.35,0.90154
23.36,0.88715
23.37,0.87185
23.38,0.85563
23.39,0.83853
23.4,0.82056
23.41,0.80173
23.42,0.78207
23.43,0.76159
23.44,0.74032
23.45,0.71827
23.46,0.69548
23.47,0.67196
23.48,0.64773
23.49,0.62283
23.5,0.59728
23.51,0.57109
23.52,0.54431
23.53,0.51696
23.54,0.48906
23.55,0.46065
23.56,0.43176
23.57,0.4024
23.58,0.37263
23.59,0.34245
23.6,0.31192
23.61,0.28105
23.62,0.24988
23.63,0.21845
23.64,0.18678
23.65,0.15491
23.66,0.12287
23.67,0.090703
23.68,0.05843
23.69,0.02609
23.7,-0.0062842
23.71,-0.038657
23.72,-0.070996
23.73,-0.10327
23.74,-0.13543
23.75,-0.16747
23.76,-0.19933
23.77,-0.23099
23.78,-0.26241
23.79,-0.29356
23.8,-0.32441
23.81,-0.35492
23.82,-0.38507
23.83,-0.41481
23.84,-0.44413
23.85,-0.47298
23.86,-0.50134
23.87,-0.52917
23.88,-0.55645
23.89,-0.58315
23.9,-0.60924
23.91,-0.63469
23.92,-0.65947
23.93,-0.68357
23.94,-0.70694
23.95,-0.72957
23.96,-0.75143
23.97,-0.7725
23.98,-0.79276
23.99,-0.81218
24,-0.83074
24.01,-0.84842
24.02,-0.86521
24.03,-0.88109
24.04,-0.89603
24.05,-0.91002
24.06,-0.92305
24.07,-0.9351
24.08,-0.94616
24.09,-0.95621
24.1,-0.96525
24.11,-0.97326
24.12,-0.98024
24.13,-0.98617
24.14,-0.99105
24.15,-0.99488
24.16,-0.99765
24.17,-0.99936
24.18,-0.99999
24.19,-0.99957
24.2,-0.99807
24.21,-0.9955
24.22,-0.99188
24.23,-0.98719
24.24,-0.98144
24.25,-0.97464
24.26,-0.9668
24.27,-0.95792
24.28,-0.94801
24.29,-0.93708
24.3,-0.92515
24.31,-0.91222
24.32,-0.89831
24.33,-0.88343
24.34,-0.8676
24.35,-0.85084
24.36,-0.83316
24.37,-0.81458
24.38,-0.79512
24.39,-0.7748
24.4,-0.75364
24.41,-0.73167
24.42,-0.7089
24.43,-0.68537
24.44,-0.66109
24.45,-0.63609
24.46,-0.6104
24.47,-0.58405
24.48,-0.55707
24.49,-0.52947
24.5,-0.5013
24.51,-0.47258
24.52,-0.44335
24.53,-0.41363
24.54,-0.38345
24.55,-0.35286
24.56,-0.32188
24.57,-0.29054
24.58,-0.25888
24.59,-0.22693
24.6,-0.19473
24.61,-0.16232
24.62,-0.12972
24.63,-0.09697
24.64,-0.064112
24.65,-0.031178
24.66,0.0017968
24.67,0.034776
24.68,0.067724
24.69,0.1006
24.7,0.13338
24.71,0.16602
24.72,0.19848
24.73,0.23074
24.74,0.26275
24.75,0.29448
24.76,0.32589
24.77,0.35695
24.78,0.38763
24.79,0.41789
24.8,0.4477
24.81,0.47703
24.82,0.50584
24.83,0.53411
24.84,0.56179
24.85,0.58886
24.86,0.61529
24.87,0.64106
24.88,0.66612
24.89,0.69046
24.9,0.71405
24.91,0.73686
24.92,0.75886
24.93,0.78003
24.94,0.80035
24.95,0.81979
24.96,0.83834
24.97,0.85596
24.98,0.87265
24.99,0.88838
25,0.90313
25.01,0.91689
25.02,0.92964
25.03,0.94136
25.04,0.95205
25.05,0.96169
25.06,0.97027
25.07,0.97778
25.08,0.98421
25.09,0.98955
25.1,0.9938
25.11,0.99695
25.12,0.99899
25.13,0.99993
25.14,0.99976
25.15,0.99849
25.16,0.9961
25.17,0.99261
25.18,0.98801
25.19,0.98232
25.2,0.97553
25.21,0.96766
25.22,0.95871
25.23,0.9487
25.24,0.93762
25.25,0.9255
25.26,0.91235
25.27,0.89817
25.28,0.883
25.29,0.86683
25.3,0.8497
25.31,0.83161
25.32,0.81259
25.33,0.79266
25.34,0.77184
25.35,0.75015
25.36,0.72762
25.37,0.70427
25.38,0.68013
25.39,0.65522
25.4,0.62957
25.41,0.60321
25.42,0.57617
25.43,0.54848
25.44,0.52016
25.45,0.49126
25.46,0.4618
25.47,0.43181
25.48,0.40134
25.49,0.3704
25.5,0.33905
25.51,0.3073
25.52,0.27521
25.53,0.24279
25.54,0.2101
25.55,0.17716
25.56,0.14402
25.57,0.1107
25.58,0.07726
25.59,0.043721
25.6,0.010126
25.61,-0.023487
25.62,-0.057081
25.63,-0.090617
25.64,-0.12406
25.65,-0.15736
25.66,-0.1905
25.67,-0.22343
25.68,-0.25611
25.69,-0.2885
25.7,-0.32058
25.71,-0.3523
25.72,-0.38363
25.73,-0.41452
25.74,-0.44496
25.75,-0.47489
25.76,-0.50429
25.77,-0.53312
25.78,-0.56135
25.79,-0.58895
25.8,-0.61588
25.81,-0.64212
25.82,-0.66763
25.83,-0.69239
25.84,-0.71636
25.85,-0.73952
25.86,-0.76183
25.87,-0.78329
25.88,-0.80385
25.89,-0.8235
25.9,-0.84221
25.91,-0.85996
25.92,-0.87673
25.93,-0.8925
25.94,-0.90726
25.95,-0.92097
25.96,-0.93363
25.97,-0.94523
25.98,-0.95574
25.99,-0.96516
26,-0.97347
26.01,-0.98067
26.02,-0.98674
26.03,-0.99167
26.04,-0.99547
26.05,-0.99812
26.06,-0.99963
26.07,-0.99998
26.08,-0.99918
26.09,-0.99723
26.1,-0.99413
26.11,-0.98988
26.12,-0.98449
26.13,-0.97796
26.14,-0.9703
26.15,-0.96152
26.16,-0.95162
26.17,-0.94062
26.18,-0.92853
26.19,-0.91537
26.2,-0.90114
26.21,-0.88586
26.22,-0.86955
26.23,-0.85224
26.24,-0.83393
26.25,-0.81465
26.26,-0.79441
26.27,-0.77326
26.28,-0.7512
26.29,-0.72826
26.3,-0.70447
26.31,-0.67985
26.32,-0.65444
26.33,-0.62826
26.34,-0.60135
26.35,-0.57372
26.36,-0.54543
26.37,-0.51649
26.38,-0.48694
26.39,-0.45682
26.4,-0.42616
26.41,-0.39499
26.42,-0.36335
26.43,-0.33129
26.44,-0.29882
26.45,-0.26601
26.46,-0.23287
26.47,-0.19945
26.48,-0.1658
26.49,-0.13194
26.5,-0.097918
26.51,-0.063776
26.52,-0.029551
26.53,0.0047162
26.54,0.038985
26.55,0.073215
26.56,0.10737
26.57,0.1414
26.58,0.17527
26.59,0.20895
26.6,0.24238
26.61,0.27554
26.62,0.30838
26.63,0.34086
26.64,0.37295
26.65,0.4046
26.66,0.43579
26.67,0.46646
26.68,0.49659
26.69,0.52614
26.7,0.55508
26.71,0.58336
26.72,0.61096
26.73,0.63784
26.74,0.66397
26.75,0.68932
26.76,0.71386
26.77,0.73755
26.78,0.76038
26.79,0.78231
26.8,0.80331
26.81,0.82336
26.82,0.84244
26.83,0.86052
26.84,0.87758
26.85,0.8936
26.86,0.90856
26.87,0.92244
26.88,0.93522
26.89,0.94689
26.9,0.95743
26.91,0.96683
26.92,0.97508
26.93,0.98216
26.94,0.98808
26.95,0.99281
26.96,0.99636
26.97,0.99871
26.98,0.99987
26.99,0.99983
27,0.99859
27.01,0.99616
27.02,0.99253
27.03,0.98771
27.04,0.9817
27.05,0.97451
27.06,0.96615
27.07,0.95663
27.08,0.94595
27.09,0.93413
27.1,0.92119
27.11,0.90713
27.12,0.89198
27.13,0.87575
27.14,0.85845
27.15,0.84012
27.16,0.82078
27.17,0.80043
27.18,0.77912
27.19,0.75686
27.2,0.73368
27.21,0.7096
27.22,0.68467
27.23,0.65889
27.24,0.63232
27.25,0.60497
27.26,0.57688
27.27,0.54809
27.28,0.51863
27.29,0.48853
27.3,0.45783
27.31,0.42656
27.32,0.39477
27.33,0.3625
27.34,0.32977
27.35,0.29664
27.36,0.26314
27.37,0.22931
27.38,0.1952
27.39,0.16083
27.4,0.12627
27.41,0.091541
27.42,0.056694
27.43,0.02177
27.44,-0.013188
27.45,-0.048138
27.46,-0.083037
27.47,-0.11784
27.48,-0.15251
27.49,-0.187
27.5,-0.22127
27.51,-0.25527
27.52,-0.28897
27.53,-0.32232
27.54,-0.35529
27.55,-0.38782
27.56,-0.41989
27.57,-0.45145
27.58,-0.48246
27.59,-0.51288
27.6,-0.54268
27.61,-0.57181
27.62,-0.60025
27.63,-0.62796
27.64,-0.65489
27.65,-0.68103
27.66,-0.70633
27.67,-0.73077
27.68,-0.7543
27.69,-0.77691
27.7,-0.79857
27.71,-0.81924
27.72,-0.8389
27.73,-0.85753
27.74,-0.87511
27.75,-0.8916
27.76,-0.90699
27.77,-0.92125
27.78,-0.93438
27.79,-0.94635
27.8,-0.95715
27.81,-0.96676
27.82,-0.97518
27.83,-0.98238
27.84,-0.98836
27.85,-0.99311
27.86,-0.99663
27.87,-0.9989
27.88,-0.99993
27.89,-0.99972
27.9,-0.99825
27.91,-0.99555
27.92,-0.99159
27.93,-0.9864
27.94,-0.97997
27.95,-0.97232
27.96,-0.96345
27.97,-0.95337
27.98,-0.94209
27.99,-0.92963
28,-0.91601
28.01,-0.90123
28.02,-0.88532
28.03,-0.86829
28.04,-0.85017
28.05,-0.83098
28.06,-0.81073
28.07,-0.78947
28.08,-0.7672
28.09,-0.74397
28.1,-0.71979
28.11,-0.69471
28.12,-0.66874
28.13,-0.64192
28.14,-0.61428
28.15,-0.58587
28.16,-0.5567
28.17,-0.52683
28.18,-0.49629
28.19,-0.46511
28.2,-0.43333
28.21,-0.401
28.22,-0.36815
28.23,-0.33484
28.24,-0.30108
28.25,-0.26694
28.26,-0.23245
28.27,-0.19766
28.28,-0.16261
28.29,-0.12735
28.3,-0.091915
28.31,-0.056356
28.32,-0.020716
28.33,0.014958
28.34,0.050621
28.35,0.086228
28.36,0.12173
28.37,0.15709
28.38,0.19226
28.39,0.22719
28.4,0.26183
28.41,0.29616
28.42,0.33011
28.43,0.36364
28.44,0.39672
28.45,0.4293
28.46,0.46134
28.47,0.49279
28.48,0.52362
28.49,0.55379
28.5,0.58325
28.51,0.61197
28.52,0.63991
28.53,0.66704
28.54,0.69331
28.55,0.7187
28.56,0.74318
28.57,0.7667
28.58,0.78924
28.59,0.81077
28.6,0.83125
28.61,0.85068
28.62,0.86901
28.63,0.88622
28.64,0.90229
28.65,0.9172
28.66,0.93093
28.67,0.94346
28.68,0.95477
28.69,0.96485
28.7,0.97368
28.71,0.98125
28.72,0.98755
28.73,0.99257
28.74,0.99631
28.75,0.99876
28.76,0.9999
28.77,0.99975
28.78,0.9983
28.79,0.99556
28.8,0.99151
28.81,0.98618
28.82,0.97956
28.83,0.97166
28.84,0.96249
28.85,0.95207
28.86,0.9404
28.87,0.9275
28.88,0.91339
28.89,0.89808
28.9,0.8816
28.91,0.86395
28.92,0.84518
28.93,0.82529
28.94,0.80431
28.95,0.78228
28.96,0.75922
28.97,0.73515
28.98,0.71012
28.99,0.68415
29,0.65727
29.01,0.62952
29.02,0.60094
29.03,0.57156
29.04,0.54142
29.05,0.51056
29.06,0.47903
29.07,0.44685
29.08,0.41408
29.09,0.38075
29.1,0.34691
29.11,0.31261
29.12,0.27788
29.13,0.24278
29.14,0.20735
29.15,0.17164
29.16,0.13569
29.17,0.099552
29.18,0.063275
29.19,0.026905
29.2,-0.0095099
29.21,-0.045921
29.22,-0.082279
29.23,-0.11854
29.24,-0.15465
29.25,-0.19056
29.26,-0.22623
29.27,-0.2616
29.28,-0.29664
29.29,-0.33129
29.3,-0.3655
29.31,-0.39924
29.32,-0.43245
29.33,-0.4651
29.34,-0.49713
29.35,-0.5285
29.36,-0.55918
29.37,-0.58911
29.38,-0.61827
29.39,-0.6466
29.4,-0.67408
29.41,-0.70066
29.42,-0.72631
29.43,-0.75099
29.44,-0.77467
29.45,-0.79731
29.46,-0.81889
29.47,-0.83937
29.48,-0.85874
29.49,-0.87695
29.5,-0.89398
29.51,-0.90982
29.52,-0.92443
29.53,-0.93781
29.54,-0.94992
29.55,-0.96075
29.56,-0.97029
29.57,-0.97853
29.58,-0.98544
29.59,-0.99102
29.6,-0.99527
29.61,-0.99817
29.62,-0.99972
29.63,-0.99991
29.64,-0.99876
29.65,-0.99624
29.66,-0.99238
29.67,-0.98717
29.68,-0.98062
29.69,-0.97273
29.7,-0.96352
29.71,-0.953
29.72,-0.94118
29.73,-0.92808
29.74,-0.91371
29.75,-0.89809
29.76,-0.88125
29.77,-0.8632
29.78,-0.84396
29.79,-0.82357
29.8,-0.80206
29.81,-0.77944
29.82,-0.75575
29.83,-0.73102
29.84,-0.70528
29.85,-0.67857
29.86,-0.65093
29.87,-0.62239
29.88,-0.59298
29.89,-0.56276
29.9,-0.53176
29.91,-0.50002
29.92,-0.46758
29.93,-0.4345
29.94,-0.40081
29.95,-0.36655
29.96,-0.33179
29.97,-0.29656
29.98,-0.26091
29.99,-0.2249
30,-0.18856
30.01,-0.15196
30.02,-0.11514
30.03,-0.078147
30.04,-0.041039
30.05,-0.0038651
30.06,0.033323
30.07,0.070475
30.08,0.10754
30.09,0.14446
30.1,0.1812
30.11,0.21769
30.12,0.25388
30.13,0.28974
30.14,0.3252
30.15,0.36022
30.16,0.39474
30.17,0.42873
30.18,0.46213
30.19,0.49489
30.2,0.52697
30.21,0.55833
30.22,0.58891
30.23,0.61869
30.24,0.6476
30.25,0.67562
30.26,0.7027
30.27,0.72881
30.28,0.7539
30.29,0.77794
30.3,0.80091
30.31,0.82275
30.32,0.84345
30.33,0.86297
30.34,0.88129
30.35,0.89837
30.36,0.9142
30.37,0.92874
30.38,0.94199
30.39,0.95391
30.4,0.96449
30.41,0.97372
30.42,0.98158
30.43,0.98806
30.44,0.99315
30.45,0.99684
30.46,0.99912
30.47,0.99999
30.48,0.99945
30.49,0.9975
30.5,0.99413
30.51,0.98936
30.52,0.98318
30.53,0.97562
30.54,0.96666
30.55,0.95634
30.56,0.94465
30.57,0.93163
30.58,0.91727
30.59,0.90161
30.6,0.88467
30.61,0.86646
30.62,0.84701
30.63,0.82635
30.64,0.80451
30.65,0.78152
30.66,0.75741
30.67,0.73221
30.68,0.70596
30.69,0.6787
30.7,0.65046
30.71,0.62128
30.72,0.59121
30.73,0.56028
30.74,0.52854
30.75,0.49604
30.76,0.46281
30.77,0.42892
30.78,0.3944
30.79,0.35931
30.8,0.32369
30.81,0.2876
30.82,0.25108
30.83,0.2142
30.84,0.17699
30.85,0.13952
30.86,0.10185
30.87,0.064011
30.88,0.026074
30.89,-0.011911
30.9,-0.049888
30.91,-0.087803
30.92,-0.1256
30.93,-0.16323
30.94,-0.20063
30.95,-0.23775
30.96,-0.27453
30.97,-0.31093
30.98,-0.34688
30.99,-0.38234
31,-0.41726
31.01,-0.45158
31.02,-0.48525
31.03,-0.51823
31.04,-0.55046
31.05,-0.5819
31.06,-0.6125
31.07,-0.64221
31.08,-0.671
31.09,-0.69882
31.1,-0.72562
31.11,-0.75138
31.12,-0.77604
31.13,-0.79957
31.14,-0.82195
31.15,-0.84312
31.16,-0.86307
31.17,-0.88176
31.18,-0.89917
31.19,-0.91526
31.2,-0.93001
31.21,-0.9434
31.22,-0.95542
31.23,-0.96603
31.24,-0.97522
31.25,-0.98299
31.26,-0.98931
31.27,-0.99417
31.28,-0.99758
31.29,-0.99951
31.3,-0.99997
31.31,-0.99896
31.32,-0.99648
31.33,-0.99252
31.34,-0.98709
31.35,-0.98021
31.36,-0.97187
31.37,-0.96209
31.38,-0.95089
31.39,-0.93828
31.4,-0.92427
31.41,-0.90889
31.42,-0.89216
31.43,-0.87409
31.44,-0.85473
31.45,-0.83409
31.46,-0.8122
31.47,-0.78911
31.48,-0.76483
31.49,-0.7394
31.5,-0.71287
31.51,-0.68527
31.52,-0.65664
31.53,-0.62702
31.54,-0.59646
31.55,-0.565
31.56,-0.53269
31.57,-0.49957
31.58,-0.46569
31.59,-0.43111
31.6,-0.39588
31.61,-0.36004
31.62,-0.32366
31.63,-0.28677
31.64,-0.24945
31.65,-0.21174
31.66,-0.17371
31.67,-0.1354
31.68,-0.096885
31.69,-0.058209
31.7,-0.019435
31.71,0.019379
31.72,0.058173
31.73,0.09689
31.74,0.13547
31.75,0.17386
31.76,0.21199
31.77,0.24982
31.78,0.28728
31.79,0.32431
31.8,0.36086
31.81,0.39688
31.82,0.4323
31.83,0.46708
31.84,0.50116
31.85,0.53448
31.86,0.56701
31.87,0.59868
31.88,0.62945
31.89,0.65927
31.9,0.6881
31.91,0.71588
31.92,0.74258
31.93,0.76816
31.94,0.79258
31.95,0.81579
31.96,0.83776
31.97,0.85846
31.98,0.87785
31.99,0.8959
32,0.91259
32.01,0.92789
32.02,0.94177
32.03,0.95421
32.04,0.96519
32.05,0.97469
32.06,0.9827
32.07,0.9892
32.08,0.99419
32.09,0.99764
32.1,0.99957
32.11,0.99995
32.12,0.9988
32.13,0.9961
32.14,0.99187
32.15,0.98611
32.16,0.97883
32.17,0.97003
32.18,0.95973
32.19,0.94794
32.2,0.93469
32.21,0.91998
32.22,0.90385
32.23,0.88631
32.24,0.8674
32.25,0.84713
32.26,0.82554
32.27,0.80267
32.28,0.77854
32.29,0.7532
32.3,0.72667
32.31,0.69901
32.32,0.67026
32.33,0.64045
32.34,0.60963
32.35,0.57786
32.36,0.54518
32.37,0.51163
32.38,0.47728
32.39,0.44217
32.4,0.40636
32.41,0.36991
32.42,0.33286
32.43,0.29529
32.44,0.25724
32.45,0.21878
32.46,0.17996
32.47,0.14085
32.48,0.10151
32.49,0.062003
32.5,0.022383
32.51,-0.017282
32.52,-0.056932
32.53,-0.096503
32.54,-0.13593
32.55,-0.17516
32.56,-0.21412
32.57,-0.25275
32.58,-0.291
32.59,-0.32879
32.6,-0.36608
32.61,-0.4028
32.62,-0.43889
32.63,-0.47429
32.64,-0.50896
32.65,-0.54282
32.66,-0.57584
32.67,-0.60795
32.68,-0.6391
32.69,-0.66925
32.7,-0.69834
32.71,-0.72633
32.72,-0.75317
32.73,-0.77881
32.74,-0.80323
32.75,-0.82637
32.76,-0.8482
32.77,-0.86868
32.78,-0.88778
32.79,-0.90546
32.8,-0.92171
32.81,-0.93648
32.82,-0.94976
32.83,-0.96152
32.84,-0.97175
32.85,-0.98042
32.86,-0.98752
32.87,-0.99303
32.88,-0.99696
32.89,-0.99928
32.9,-1
32.91,-0.99911
32.92,-0.99661
32.93,-0.9925
32.94,-0.9868
32.95,-0.9795
32.96,-0.97062
32.97,-0.96017
32.98,-0.94817
32.99,-0.93463
33,-0.91958
33.01,-0.90303
33.02,-0.88502
33.03,-0.86557
33.04,-0.84472
33.05,-0.82248
33.06,-0.79891
33.07,-0.77403
33.08,-0.74789
33.09,-0.72053
33.1,-0.69199
33.11,-0.66231
33.12,-0.63155
33.13,-0.59975
33.14,-0.56697
33.15,-0.53325
33.16,-0.49865
33.17,-0.46323
33.18,-0.42704
33.19,-0.39014
33.2,-0.3526
33.21,-0.31446
33.22,-0.27581
33.23,-0.23668
33.24,-0.19716
33.25,-0.15731
33.26,-0.11719
33.27,-0.076859
33.28,-0.036394
33.29,0.004143
33.3,0.044684
33.31,0.085164
33.32,0.12551
33.33,0.16567
33.34,0.20556
33.35,0.24513
33.36,0.2843
33.37,0.32302
33.38,0.36121
33.39,0.39882
33.4,0.43577
33.41,0.47202
33.42,0.5075
33.43,0.54214
33.44,0.5759
33.45,0.60871
33.46,0.64052
33.47,0.67127
33.48,0.70092
33.49,0.72942
33.5,0.7567
33.51,0.78274
33.52,0.80748
33.53,0.83088
33.54,0.85291
33.55,0.87351
33.56,0.89267
33.57,0.91034
33.58,0.92649
33.59,0.9411
33.6,0.95414
33.61,0.96559
33.62,0.97542
33.63,0.98362
33.64,0.99018
33.65,0.99507
33.66,0.9983
33.67,0.99985
33.68,0.99972
33.69,0.99791
33.7,0.99442
33.71,0.98925
33.72,0.98242
33.73,0.97393
33.74,0.9638
33.75,0.95203
33.76,0.93866
33.77,0.92369
33.78,0.90716
33.79,0.88909
33.8,0.86951
33.81,0.84845
33.82,0.82595
33.83,0.80204
33.84,0.77677
33.85,0.75017
33.86,0.72229
33.87,0.69317
33.88,0.66287
33.89,0.63142
33.9,0.5989
33.91,0.56535
33.92,0.53082
33.93,0.49538
33.94,0.45908
33.95,0.42199
33.96,0.38416
33.97,0.34567
33.98,0.30658
33.99,0.26695
34,0.22685
34.01,0.18635
34.02,0.14552
34.03,0.10443
34.04,0.063147
34.05,0.021744
34.06,-0.019709
34.07,-0.061139
34.08,-0.10248
34.09,-0.14365
34.1,-0.18459
34.11,-0.22522
34.12,-0.26548
34.13,-0.30529
34.14,-0.34458
34.15,-0.38329
34.16,-0.42135
34.17,-0.45869
34.18,-0.49525
34.19,-0.53096
34.2,-0.56577
34.21,-0.5996
34.22,-0.6324
34.23,-0.66412
34.24,-0.69469
34.25,-0.72407
34.26,-0.75219
34.27,-0.77901
34.28,-0.80449
34.29,-0.82857
34.3,-0.85122
34.31,-0.87239
34.32,-0.89204
34.33,-0.91014
34.34,-0.92666
34.35,-0.94156
34.36,-0.95482
34.37,-0.96641
34.38,-0.97632
34.39,-0.98452
34.4,-0.99099
34.41,-0.99573
34.42,-0.99872
34.43,-0.99996
34.44,-0.99945
34.45,-0.99717
34.46,-0.99314
34.47,-0.98737
34.48,-0.97985
34.49,-0.9706
34.5,-0.95964
34.51,-0.94698
34.52,-0.93265
34.53,-0.91666
34.54,-0.89905
34.55,-0.87984
34.56,-0.85908
34.57,-0.83678
34.58,-0.813
34.59,-0.78776
34.6,-0.76113
34.61,-0.73313
34.62,-0.70382
34.63,-0.67326
34.64,-0.64148
34.65,-0.60856
34.66,-0.57454
34.67,-0.53949
34.68,-0.50347
34.69,-0.46654
34.7,-0.42877
34.71,-0.39021
34.72,-0.35095
34.73,-0.31106
34.74,-0.27059
34.75,-0.22962
34.76,-0.18824
34.77,-0.1465
34.78,-0.10449
34.79,-0.062275
34.8,-0.019938
34.81,0.022448
34.82,0.064806
34.83,0.10706
34.84,0.14913
34.85,0.19095
34.86,0.23244
34.87,0.27352
34.88,0.31412
34.89,0.35416
34.9,0.39358
34.91,0.4323
34.92,0.47025
34.93,0.50735
34.94,0.54356
34.95,0.57878
34.96,0.61297
34.97,0.64606
34.98,0.67798
34.99,0.70869
35,0.73811
35.01,0.76621
35.02,0.79291
35.03,0.81818
35.04,0.84197
35.05,0.86423
35.06,0.88493
35.07,0.90401
35.08,0.92145
35.09,0.93721
35.1,0.95126
35.11,0.96358
35.12,0.97414
35.13,0.98291
35.14,0.98989
35.15,0.99506
35.16,0.9984
35.17,0.9999
35.18,0.99958
35.19,0.99741
35.2,0.99341
35.21,0.98758
35.22,0.97993
35.23,0.97047
35.24,0.95922
35.25,0.9462
35.26,0.93143
35.27,0.91493
35.28,0.89673
35.29,0.87687
35.3,0.85539
35.31,0.83231
35.32,0.80768
35.33,0.78155
35.34,0.75396
35.35,0.72496
35.36,0.69461
35.37,0.66295
35.38,0.63006
35.39,0.59598
35.4,0.56078
35.41,0.52452
35.42,0.48728
35.43,0.44912
35.44,0.4101
35.45,0.37031
35.46,0.32982
35.47,0.28869
35.48,0.24701
35.49,0.20486
35.5,0.16231
35.51,0.11944
35.52,0.076336
35.53,0.033075
35.54,-0.010262
35.55,-0.053593
35.56,-0.096836
35.57,-0.13991
35.58,-0.18274
35.59,-0.22523
35.6,-0.26731
35.61,-0.3089
35.62,-0.34992
35.63,-0.3903
35.64,-0.42994
35.65,-0.46879
35.66,-0.50676
35.67,-0.54379
35.68,-0.57979
35.69,-0.61471
35.7,-0.64847
35.71,-0.68102
35.72,-0.71228
35.73,-0.74219
35.74,-0.77071
35.75,-0.79776
35.76,-0.82331
35.77,-0.84729
35.78,-0.86967
35.79,-0.8904
35.8,-0.90943
35.81,-0.92673
35.82,-0.94227
35.83,-0.95601
35.84,-0.96792
35.85,-0.97799
35.86,-0.98618
35.87,-0.99249
35.88,-0.99689
35.89,-0.99939
35.9,-0.99996
35.91,-0.99861
35.92,-0.99535
35.93,-0.99016
35.94,-0.98307
35.95,-0.97408
35.96,-0.96321
35.97,-0.95048
35.98,-0.93591
35.99,-0.91953
36,-0.90137
36.01,-0.88146
36.02,-0.85983
36.03,-0.83654
36.04,-0.81161
36.05,-0.78511
36.06,-0.75707
36.07,-0.72756
36.08,-0.69662
36.09,-0.66432
36.1,-0.63071
36.11,-0.59587
36.12,-0.55986
36.13,-0.52274
36.14,-0.4846
36.15,-0.4455
36.16,-0.40551
36.17,-0.36472
36.18,-0.3232
36.19,-0.28104
36.2,-0.23832
36.21,-0.19511
36.22,-0.15151
36.23,-0.1076
36.24,-0.063464
36.25,-0.019189
36.26,0.025139
36.27,0.06943
36.28,0.1136
36.29,0.15756
36.3,0.20122
36.31,0.2445
36.32,0.28731
36.33,0.32957
36.34,0.37119
36.35,0.4121
36.36,0.4522
36.37,0.49141
36.38,0.52967
36.39,0.56689
36.4,0.603
36.41,0.63792
36.42,0.67159
36.43,0.70394
36.44,0.73489
36.45,0.7644
36.46,0.79239
36.47,0.81882
36.48,0.84362
36.49,0.86675
36.5,0.88816
36.51,0.9078
36.52,0.92563
36.53,0.94162
36.54,0.95574
36.55,0.96794
36.56,0.97821
36.57,0.98652
36.58,0.99286
36.59,0.9972
36.6,0.99955
36.61,0.99989
36.62,0.99822
36.63,0.99454
36.64,0.98886
36.65,0.98118
36.66,0.97153
36.67,0.95991
36.68,0.94635
36.69,0.93087
36.7,0.91351
36.71,0.8943
36.72,0.87327
36.73,0.85047
36.74,0.82594
36.75,0.79972
36.76,0.77188
36.77,0.74245
36.78,0.71152
36.79,0.67912
36.8,0.64533
36.81,0.61022
36.82,0.57386
36.83,0.53631
36.84,0.49766
36.85,0.45798
36.86,0.41736
36.87,0.37586
36.88,0.33359
36.89,0.29062
36.9,0.24704
36.91,0.20294
36.92,0.15841
36.93,0.11354
36.94,0.068423
36.95,0.023151
36.96,-0.022183
36.97,-0.067486
36.98,-0.11266
36.99,-0.15763
37,-0.20228
37.01,-0.24653
37.02,-0.29028
37.03,-0.33345
37.04,-0.37595
37.05,-0.41768
37.06,-0.45856
37.07,-0.49851
37.08,-0.53743
37.09,-0.57526
37.1,-0.6119
37.11,-0.64729
37.12,-0.68135
37.13,-0.714
37.14,-0.74517
37.15,-0.77481
37.16,-0.80284
37.17,-0.82921
37.18,-0.85386
37.19,-0.87674
37.2,-0.89779
37.21,-0.91698
37.22,-0.93426
37.23,-0.94958
37.24,-0.96293
37.25,-0.97426
37.26,-0.98356
37.27,-0.9908
37.28,-0.99596
37.29,-0.99903
37.3,-1
37.31,-0.99887
37.32,-0.99564
37.33,-0.99031
37.34,-0.98289
37.35,-0.9734
37.36,-0.96186
37.37,-0.94828
37.38,-0.93269
37.39,-0.91512
37.4,-0.89562
37.41,-0.87421
37.42,-0.85095
37.43,-0.82587
37.44,-0.79903
37.45,-0.77049
37.46,-0.74031
37.47,-0.70854
37.48,-0.67526
37.49,-0.64052
37.5,-0.60442
37.51,-0.56701
37.52,-0.52838
37.53,-0.48861
37.54,-0.44779
37.55,-0.40599
37.56,-0.36332
37.57,-0.31985
37.58,-0.27569
37.59,-0.23091
37.6,-0.18563
37.61,-0.13994
37.62,-0.093931
37.63,-0.047705
37.64,-0.0013609
37.65,0.045001
37.66,0.091282
37.67,0.13738
37.68,0.1832
37.69,0.22864
37.7,0.2736
37.71,0.31799
37.72,0.3617
37.73,0.40465
37.74,0.44673
37.75,0.48786
37.76,0.52795
37.77,0.56691
37.78,0.60465
37.79,0.6411
37.8,0.67616
37.81,0.70976
37.82,0.74183
37.83,0.7723
37.84,0.8011
37.85,0.82816
37.86,0.85343
37.87,0.87684
37.88,0.89834
37.89,0.91789
37.9,0.93544
37.91,0.95094
37.92,0.96438
37.93,0.9757
37.94,0.98489
37.95,0.99192
37.96,0.99677
37.97,0.99944
37.98,0.99991
37.99,0.99818
38,0.99426
38.01,0.98814
38.02,0.97984
38.03,0.96938
38.04,0.95678
38.05,0.94206
38.06,0.92525
38.07,0.90639
38.08,0.88552
38.09,0.86268
38.1,0.83792
38.11,0.8113
38.12,0.78287
38.13,0.75268
38.14,0.72082
38.15,0.68734
38.16,0.65232
38.17,0.61584
38.18,0.57797
38.19,0.5388
38.2,0.49842
38.21,0.45691
38.22,0.41437
38.23,0.37088
38.24,0.32655
38.25,0.28147
38.26,0.23575
38.27,0.18949
38.28,0.14278
38.29,0.095738
38.3,0.048465
38.31,0.001066
38.32,-0.046351
38.33,-0.09368
38.34,-0.14081
38.35,-0.18765
38.36,-0.23407
38.37,-0.27999
38.38,-0.32528
38.39,-0.36986
38.4,-0.41361
38.41,-0.45645
38.42,-0.49826
38.43,-0.53896
38.44,-0.57846
38.45,-0.61665
38.46,-0.65345
38.47,-0.68879
38.48,-0.72257
38.49,-0.75471
38.5,-0.78515
38.51,-0.81381
38.52,-0.84063
38.53,-0.86554
38.54,-0.88847
38.55,-0.90939
38.56,-0.92824
38.57,-0.94496
38.58,-0.95953
38.59,-0.97191
38.6,-0.98206
38.61,-0.98996
38.62,-0.9956
38.63,-0.99895
38.64,-1
38.65,-0.99875
38.66,-0.9952
38.67,-0.98936
38.68,-0.98124
38.69,-0.97085
38.7,-0.95821
38.71,-0.94336
38.72,-0.92632
38.73,-0.90714
38.74,-0.88584
38.75,-0.86249
38.76,-0.83713
38.77,-0.80982
38.78,-0.78062
38.79,-0.7496
38.8,-0.71682
38.81,-0.68237
38.82,-0.64632
38.83,-0.60874
38.84,-0.56974
38.85,-0.52939
38.86,-0.4878
38.87,-0.44505
38.88,-0.40125
38.89,-0.35649
38.9,-0.31088
38.91,-0.26453
38.92,-0.21754
38.93,-0.17003
38.94,-0.1221
38.95,-0.073864
38.96,-0.025441
38.97,0.023059
38.98,0.071521
38.99,0.11983
39,0.16788
39.01,0.21554
39.02,0.26272
39.03,0.30929
39.04,0.35514
39.05,0.40017
39.06,0.44427
39.07,0.48734
39.08,0.52926
39.09,0.56994
39.1,0.60928
39.11,0.6472
39.12,0.68358
39.13,0.71835
39.14,0.75143
39.15,0.78273
39.16,0.81217
39.17,0.83969
39.18,0.86521
39.19,0.88867
39.2,0.91002
39.21,0.9292
39.22,0.94617
39.23,0.96087
39.24,0.97328
39.25,0.98335
39.26,0.99107
39.27,0.99641
39.28,0.99936
39.29,0.99991
39.3,0.99805
39.31,0.99379
39.32,0.98713
39.33,0.97809
39.34,0.96668
39.35,0.95293
39.36,0.93688
39.37,0.91856
39.38,0.898
39.39,0.87527
39.4,0.8504
39.41,0.82347
39.42,0.79452
39.43,0.76364
39.44,0.73089
39.45,0.69635
39.46,0.6601
39.47,0.62223
39.48,0.58283
39.49,0.542
39.5,0.49983
39.51,0.45643
39.52,0.41189
39.53,0.36633
39.54,0.31986
39.55,0.27258
39.56,0.22463
39.57,0.1761
39.58,0.12713
39.59,0.077823
39.6,0.02831
39.61,-0.02129
39.62,-0.070856
39.63,-0.12026
39.64,-0.16939
39.65,-0.21812
39.66,-0.26633
39.67,-0.3139
39.68,-0.3607
39.69,-0.40664
39.7,-0.45158
39.71,-0.49542
39.72,-0.53804
39.73,-0.57935
39.74,-0.61923
39.75,-0.65759
39.76,-0.69433
39.77,-0.72935
39.78,-0.76257
39.79,-0.79391
39.8,-0.82327
39.81,-0.85059
39.82,-0.8758
39.83,-0.89882
39.84,-0.91961
39.85,-0.93811
39.86,-0.95426
39.87,-0.96803
39.88,-0.97937
39.89,-0.98826
39.9,-0.99467
39.91,-0.99859
39.92,-1
39.93,-0.99889
39.94,-0.99526
39.95,-0.98912
39.96,-0.98049
39.97,-0.96938
39.98,-0.95582
39.99,-0.93984
40,-0.92148
40.01,-0.90077
40.02,-0.87778
40.03,-0.85256
40.04,-0.82516
40.05,-0.79566
40.06,-0.76413
40.07,-0.73064
40.08,-0.69529
40.09,-0.65815
40.1,-0.61932
40.11,-0.5789
40.12,-0.53699
40.13,-0.49369
40.14,-0.44911
40.15,-0.40337
40.16,-0.35659
40.17,-0.30887
40.18,-0.26034
40.19,-0.21113
40.2,-0.16136
40.21,-0.11116
40.22,-0.060652
40.23,-0.0099716
40.24,0.040753
40.25,0.091391
40.26,0.14181
40.27,0.19188
40.28,0.24148
40.29,0.29047
40.3,0.33873
40.31,0.38613
40.32,0.43254
40.33,0.47786
40.34,0.52195
40.35,0.5647
40.36,0.606
40.37,0.64575
40.38,0.68383
40.39,0.72014
40.4,0.7546
40.41,0.7871
40.42,0.81756
40.43,0.84589
40.44,0.87204
40.45,0.89591
40.46,0.91745
40.47,0.93659
40.48,0.95329
40.49,0.9675
40.5,0.97918
40.51,0.98829
40.52,0.99481
40.53,0.99872
40.54,1
40.55,0.99865
40.56,0.99467
40.57,0.98807
40.58,0.97886
40.59,0.96707
40.6,0.95271
40.61,0.93583
40.62,0.91647
40.63,0.89468
40.64,0.87051
40.65,0.84402
40.66,0.81529
40.67,0.78437
40.68,0.75137
40.69,0.71635
40.7,0.67942
40.71,0.64066
40.72,0.60018
40.73,0.55809
40.74,0.51449
40.75,0.4695
40.76,0.42324
40.77,0.37583
40.78,0.3274
40.79,0.27808
40.8,0.22799
40.81,0.17727
40.82,0.12606
40.83,0.074484
40.84,0.022694
40.85,-0.029177
40.86,-0.080988
40.87,-0.1326
40.88,-0.18387
40.89,-0.23467
40.9,-0.28485
40.91,-0.33428
40.92,-0.38282
40.93,-0.43035
40.94,-0.47673
40.95,-0.52183
40.96,-0.56554
40.97,-0.60772
40.98,-0.64828
40.99,-0.68708
41,-0.72403
41.01,-0.75902
41.02,-0.79196
41.03,-0.82275
41.04,-0.85131
41.05,-0.87755
41.06,-0.90141
41.07,-0.92281
41.08,-0.9417
41.09,-0.95801
41.1,-0.9717
41.11,-0.98274
41.12,-0.99108
41.13,-0.9967
41.14,-0.99958
41.15,-0.99972
41.16,-0.99711
41.17,-0.99174
41.18,-0.98365
41.19,-0.97283
41.2,-0.95933
41.21,-0.94317
41.22,-0.9244
41.23,-0.90306
41.24,-0.87922
41.25,-0.85293
41.26,-0.82426
41.27,-0.7933
41.28,-0.76012
41.29,-0.72482
41.3,-0.68748
41.31,-0.64822
41.32,-0.60715
41.33,-0.56436
41.34,-0.51998
41.35,-0.47414
41.36,-0.42695
41.37,-0.37855
41.38,-0.32907
41.39,-0.27866
41.4,-0.22744
41.41,-0.17557
41.42,-0.12319
41.43,-0.070439
41.44,-0.017471
41.45,0.035565
41.46,0.088521
41.47,0.14125
41.48,0.1936
41.49,0.24542
41.5,0.29657
41.51,0.34689
41.52,0.39626
41.53,0.44453
41.54,0.49155
41.55,0.5372
41.56,0.58134
41.57,0.62385
41.58,0.66461
41.59,0.70349
41.6,0.74038
41.61,0.77518
41.62,0.80778
41.63,0.8381
41.64,0.86603
41.65,0.8915
41.66,0.91444
41.67,0.93477
41.68,0.95243
41.69,0.96737
41.7,0.97954
41.71,0.98891
41.72,0.99545
41.73,0.99912
41.74,0.99993
41.75,0.99786
41.76,0.99292
41.77,0.98511
41.78,0.97446
41.79,0.961
41.8,0.94475
41.81,0.92577
41.82,0.90411
41.83,0.87982
41.84,0.85297
41.85,0.82364
41.86,0.79191
41.87,0.75787
41.88,0.72161
41.89,0.68325
41.9,0.64287
41.91,0.60062
41.92,0.55659
41.93,0.51093
41.94,0.46376
41.95,0.41521
41.96,0.36544
41.97,0.31457
41.98,0.26277
41.99,0.21018
42,0.15695
42.01,0.10324
42.02,0.049202
42.03,-0.0049974
42.04,-0.059203
42.05,-0.11325
42.06,-0.16699
42.07,-0.22026
42.08,-0.2729
42.09,-0.32475
42.1,-0.37566
42.11,-0.42548
42.12,-0.47406
42.13,-0.52126
42.14,-0.56693
42.15,-0.61094
42.16,-0.65315
42.17,-0.69343
42.18,-0.73167
42.19,-0.76775
42.2,-0.80156
42.21,-0.83299
42.22,-0.86195
42.23,-0.88835
42.24,-0.91211
42.25,-0.93315
42.26,-0.9514
42.27,-0.96682
42.28,-0.97935
42.29,-0.98895
42.3,-0.99558
42.31,-0.99923
42.32,-0.99988
42.33,-0.99752
42.34,-0.99216
42.35,-0.98381
42.36,-0.97249
42.37,-0.95824
42.38,-0.94108
42.39,-0.92108
42.4,-0.89829
42.41,-0.87277
42.42,-0.84459
42.43,-0.81385
42.44,-0.78063
42.45,-0.74502
42.46,-0.70715
42.47,-0.6671
42.48,-0.62501
42.49,-0.58101
42.5,-0.53521
42.51,-0.48777
42.52,-0.43882
42.53,-0.38851
42.54,-0.337
42.55,-0.28443
42.56,-0.23098
42.57,-0.1768
42.58,-0.12205
42.59,-0.066907
42.6,-0.011538
42.61,0.043887
42.62,0.099199
42.63,0.15423
42.64,0.2088
42.65,0.26275
42.66,0.31592
42.67,0.36813
42.68,0.41922
42.69,0.46903
42.7,0.51742
42.71,0.56422
42.72,0.60929
42.73,0.65249
42.74,0.69368
42.75,0.73273
42.76,0.76952
42.77,0.80393
42.78,0.83585
42.79,0.86518
42.8,0.89182
42.81,0.91569
42.82,0.93671
42.83,0.95482
42.84,0.96994
42.85,0.98203
42.86,0.99105
42.87,0.99697
42.88,0.99976
42.89,0.99942
42.9,0.99593
42.91,0.98931
42.92,0.97957
42.93,0.96675
42.94,0.95087
42.95,0.93199
42.96,0.91016
42.97,0.88544
42.98,0.85792
42.99,0.82767
43,0.79478
43.01,0.75937
43.02,0.72153
43.03,0.68138
43.04,0.63906
43.05,0.59469
43.06,0.54841
43.07,0.50036
43.08,0.4507
43.09,0.39958
43.1,0.34717
43.11,0.29363
43.12,0.23913
43.13,0.18384
43.14,0.12795
43.15,0.071617
43.16,0.015036
43.17,-0.041616
43.18,-0.098156
43.19,-0.1544
43.2,-0.21018
43.21,-0.26529
43.22,-0.31958
43.23,-0.37285
43.24,-0.42495
43.25,-0.47569
43.26,-0.52491
43.27,-0.57246
43.28,-0.61817
43.29,-0.66189
43.3,-0.70349
43.31,-0.74282
43.32,-0.77976
43.33,-0.81417
43.34,-0.84595
43.35,-0.87499
43.36,-0.90119
43.37,-0.92446
43.38,-0.94472
43.39,-0.96191
43.4,-0.97596
43.41,-0.98682
43.42,-0.99446
43.43,-0.99885
43.44,-0.99996
43.45,-0.99779
43.46,-0.99234
43.47,-0.98363
43.48,-0.97168
43.49,-0.95653
43.5,-0.93822
43.51,-0.91681
43.52,-0.89237
43.53,-0.86497
43.54,-0.8347
43.55,-0.80166
43.56,-0.76596
43.57,-0.7277
43.58,-0.68701
43.59,-0.64403
43.6,-0.5989
43.61,-0.55175
43.62,-0.50275
43.63,-0.45206
43.64,-0.39985
43.65,-0.34628
43.66,-0.29153
43.67,-0.23579
43.68,-0.17923
43.69,-0.12206
43.7,-0.064454
43.71,-0.0066091
43.72,0.05128
43.73,0.10902
43.74,0.16642
43.75,0.22328
43.76,0.27941
43.77,0.33463
43.78,0.38874
43.79,0.44156
43.8,0.49291
43.81,0.54262
43.82,0.59052
43.83,0.63643
43.84,0.68022
43.85,0.72171
43.86,0.76078
43.87,0.79728
43.88,0.83108
43.89,0.86208
43.9,0.89016
43.91,0.91522
43.92,0.93717
43.93,0.95593
43.94,0.97144
43.95,0.98365
43.96,0.99249
43.97,0.99794
43.98,0.99998
43.99,0.9986
44,0.99379
44.01,0.98557
44.02,0.97396
44.03,0.95901
44.04,0.94074
44.05,0.91923
44.06,0.89455
44.07,0.86677
44.08,0.83599
44.09,0.80231
44.1,0.76585
44.11,0.72672
44.12,0.68506
44.13,0.64101
44.14,0.59472
44.15,0.54635
44.16,0.49606
44.17,0.44402
44.18,0.39042
44.19,0.33544
44.2,0.27927
44.21,0.22211
44.22,0.16414
44.23,0.10558
44.24,0.046625
44.25,-0.012516
44.26,-0.071638
44.27,-0.13053
44.28,-0.18899
44.29,-0.24681
44.3,-0.30379
44.31,-0.35972
44.32,-0.41441
44.33,-0.46767
44.34,-0.51929
44.35,-0.56911
44.36,-0.61694
44.37,-0.66261
44.38,-0.70595
44.39,-0.74681
44.4,-0.78505
44.41,-0.82052
44.42,-0.8531
44.43,-0.88266
44.44,-0.90909
44.45,-0.93231
44.46,-0.95221
44.47,-0.96874
44.48,-0.98182
44.49,-0.9914
44.5,-0.99745
44.51,-0.99993
44.52,-0.99884
44.53,-0.99418
44.54,-0.98595
44.55,-0.97419
44.56,-0.95893
44.57,-0.94022
44.58,-0.91812
44.59,-0.89271
44.6,-0.86408
44.61,-0.83233
44.62,-0.79756
44.63,-0.7599
44.64,-0.71948
44.65,-0.67644
44.66,-0.63094
44.67,-0.58314
44.68,-0.53321
44.69,-0.48132
44.7,-0.42767
44.71,-0.37244
44.72,-0.31583
44.73,-0.25805
44.74,-0.19931
44.75,-0.13982
44.76,-0.079792
44.77,-0.01945
44.78,0.040987
44.79,0.1013
44.8,0.16127
44.81,0.22067
44.82,0.27928
44.83,0.3369
44.84,0.3933
44.85,0.44828
44.86,0.50164
44.87,0.55317
44.88,0.60269
44.89,0.65
44.9,0.69494
44.91,0.73733
44.92,0.77702
44.93,0.81384
44.94,0.84767
44.95,0.87838
44.96,0.90584
44.97,0.92995
44.98,0.95062
44.99,0.96777
45,0.98132
45.01,0.99123
45.02,0.99744
45.03,0.99995
45.04,0.99872
45.05,0.99376
45.06,0.98508
45.07,0.97272
45.08,0.95671
45.09,0.93711
45.1,0.91399
45.11,0.88742
45.12,0.85752
45.13,0.82437
45.14,0.78812
45.15,0.74888
45.16,0.7068
45.17,0.66203
45.18,0.61475
45.19,0.56513
45.2,0.51335
45.21,0.45961
45.22,0.4041
45.23,0.34704
45.24,0.28864
45.25,0.22912
45.26,0.1687
45.27,0.10762
45.28,0.0461
45.29,-0.015619
45.3,-0.077305
45.31,-0.13872
45.32,-0.19963
45.33,-0.25981
45.34,-0.31901
45.35,-0.37702
45.36,-0.43361
45.37,-0.48856
45.38,-0.54166
45.39,-0.59269
45.4,-0.64147
45.41,-0.68781
45.42,-0.73151
45.43,-0.77241
45.44,-0.81035
45.45,-0.84518
45.46,-0.87676
45.47,-0.90496
45.48,-0.92967
45.49,-0.95079
45.5,-0.96823
45.51,-0.98192
45.52,-0.9918
45.53,-0.99784
45.54,-0.99999
45.55,-0.99826
45.56,-0.99263
45.57,-0.98313
45.58,-0.96979
45.59,-0.95266
45.6,-0.9318
45.61,-0.90728
45.62,-0.87919
45.63,-0.84765
45.64,-0.81278
45.65,-0.7747
45.66,-0.73355
45.67,-0.68951
45.68,-0.64273
45.69,-0.59341
45.7,-0.54172
45.71,-0.48787
45.72,-0.43208
45.73,-0.37455
45.74,-0.31552
45.75,-0.25522
45.76,-0.19387
45.77,-0.13174
45.78,-0.069053
45.79,-0.0060673
45.8,0.056969
45.81,0.11981
45.82,0.18219
45.83,0.24388
45.84,0.30462
45.85,0.36416
45.86,0.42228
45.87,0.47874
45.88,0.5333
45.89,0.58575
45.9,0.63587
45.91,0.68346
45.92,0.72833
45.93,0.77029
45.94,0.80917
45.95,0.84481
45.96,0.87706
45.97,0.90578
45.98,0.93086
45.99,0.9522
46,0.96969
46.01,0.98326
46.02,0.99286
46.03,0.99844
46.04,0.99997
46.05,0.99744
46.06,0.99086
46.07,0.98024
46.08,0.96563
46.09,0.94708
46.1,0.92466
46.11,0.89846
46.12,0.86857
46.13,0.83513
46.14,0.79825
46.15,0.75809
46.16,0.7148
46.17,0.66857
46.18,0.61957
46.19,0.568
46.2,0.51408
46.21,0.45802
46.22,0.40004
46.23,0.3404
46.24,0.27932
46.25,0.21706
46.26,0.15389
46.27,0.090042
46.28,0.025799
46.29,-0.038578
46.3,-0.10282
46.31,-0.16667
46.32,-0.22985
46.33,-0.2921
46.34,-0.35316
46.35,-0.41278
46.36,-0.4707
46.37,-0.52668
46.38,-0.58049
46.39,-0.63189
46.4,-0.68068
46.41,-0.72663
46.42,-0.76956
46.43,-0.80928
46.44,-0.84562
46.45,-0.87843
46.46,-0.90755
46.47,-0.93287
46.48,-0.95427
46.49,-0.97166
46.5,-0.98496
46.51,-0.9941
46.52,-0.99905
46.53,-0.99977
46.54,-0.99626
46.55,-0.98853
46.56,-0.9766
46.57,-0.96053
46.58,-0.94036
46.59,-0.9162
46.6,-0.88812
46.61,-0.85624
46.62,-0.82071
46.63,-0.78166
46.64,-0.73925
46.65,-0.69367
46.66,-0.6451
46.67,-0.59375
46.68,-0.53983
46.69,-0.48357
46.7,-0.42522
46.71,-0.36501
46.72,-0.30321
46.73,-0.24008
46.74,-0.17588
46.75,-0.1109
46.76,-0.045419
46.77,0.020291
46.78,0.085942
46.79,0.15125
46.8,0.21593
46.81,0.2797
46.82,0.34229
46.83,0.40342
46.84,0.46282
46.85,0.52024
46.86,0.57542
46.87,0.62811
46.88,0.67809
46.89,0.72514
46.9,0.76904
46.91,0.80959
46.92,0.84662
46.93,0.87997
46.94,0.90947
46.95,0.93499
46.96,0.95643
46.97,0.97367
46.98,0.98664
46.99,0.99527
47,0.99952
47.01,0.99937
47.02,0.99481
47.03,0.98585
47.04,0.97254
47.05,0.95491
47.06,0.93305
47.07,0.90705
47.08,0.87701
47.09,0.84307
47.1,0.80537
47.11,0.76407
47.12,0.71935
47.13,0.67141
47.14,0.62045
47.15,0.56671
47.16,0.51041
47.17,0.4518
47.18,0.39115
47.19,0.32872
47.2,0.26479
47.21,0.19964
47.22,0.13357
47.23,0.066871
47.24,-0.00015809
47.25,-0.067216
47.26,-0.134
47.27,-0.20021
47.28,-0.26554
47.29,-0.32971
47.3,-0.39241
47.31,-0.45336
47.32,-0.51229
47.33,-0.56892
47.34,-0.62299
47.35,-0.67426
47.36,-0.72249
47.37,-0.76745
47.38,-0.80894
47.39,-0.84676
47.4,-0.88074
47.41,-0.91071
47.42,-0.93653
47.43,-0.95808
47.44,-0.97526
47.45,-0.98798
47.46,-0.99618
47.47,-0.99981
47.48,-0.99884
47.49,-0.99329
47.5,-0.98317
47.51,-0.96851
47.52,-0.94939
47.53,-0.92588
47.54,-0.89808
47.55,-0.86612
47.56,-0.83014
47.57,-0.79031
47.58,-0.74679
47.59,-0.6998
47.6,-0.64953
47.61,-0.59623
47.62,-0.54013
47.63,-0.48149
47.64,-0.42059
47.65,-0.3577
47.66,-0.29311
47.67,-0.22712
47.68,-0.16005
47.69,-0.092195
47.7,-0.02388
47.71,0.044577
47.72,0.11285
47.73,0.18063
47.74,0.24759
47.75,0.31342
47.76,0.3778
47.77,0.44042
47.78,0.501
47.79,0.55924
47.8,0.61487
47.81,0.66761
47.82,0.71722
47.83,0.76345
47.84,0.80608
47.85,0.84491
47.86,0.87975
47.87,0.91042
47.88,0.93677
47.89,0.95867
47.9,0.97602
47.91,0.98872
47.92,0.9967
47.93,0.99993
47.94,0.99837
47.95,0.99204
47.96,0.98095
47.97,0.96515
47.98,0.94472
47.99,0.91974
48,0.89032
48.01,0.85661
48.02,0.81876
48.03,0.77694
48.04,0.73136
48.05,0.68223
48.06,0.62978
48.07,0.57425
48.08,0.51593
48.09,0.45507
48.1,0.39199
48.11,0.32697
48.12,0.26033
48.13,0.1924
48.14,0.1235
48.15,0.053972
48.16,-0.015852
48.17,-0.08563
48.18,-0.15502
48.19,-0.22368
48.2,-0.29128
48.21,-0.35749
48.22,-0.42197
48.23,-0.48441
48.24,-0.54449
48.25,-0.60193
48.26,-0.65643
48.27,-0.70772
48.28,-0.75555
48.29,-0.79968
48.3,-0.83987
48.31,-0.87593
48.32,-0.90768
48.33,-0.93494
48.34,-0.95759
48.35,-0.97549
48.36,-0.98857
48.37,-0.99673
48.38,-0.99995
48.39,-0.99819
48.4,-0.99145
48.41,-0.97977
48.42,-0.96319
48.43,-0.9418
48.44,-0.91569
48.45,-0.88498
48.46,-0.84983
48.47,-0.8104
48.48,-0.76689
48.49,-0.71951
48.5,-0.66849
48.51,-0.61408
48.52,-0.55656
48.53,-0.4962
48.54,-0.43332
48.55,-0.36822
48.56,-0.30123
48.57,-0.23269
48.58,-0.16294
48.59,-0.092329
48.6,-0.021221
48.61,0.050027
48.62,0.12105
48.63,0.19149
48.64,0.26099
48.65,0.32919
48.66,0.39575
48.67,0.46031
48.68,0.52255
48.69,0.58215
48.7,0.63879
48.71,0.69219
48.72,0.74206
48.73,0.78815
48.74,0.83021
48.75,0.86802
48.76,0.90139
48.77,0.93012
48.78,0.95408
48.79,0.97312
48.8,0.98715
48.81,0.99608
48.82,0.99986
48.83,0.99847
48.84,0.9919
48.85,0.98019
48.86,0.96338
48.87,0.94155
48.88,0.91482
48.89,0.88332
48.9,0.8472
48.91,0.80664
48.92,0.76186
48.93,0.71307
48.94,0.66053
48.95,0.60452
48.96,0.54531
48.97,0.48321
48.98,0.41855
48.99,0.35166
49,0.28289
49.01,0.21261
49.02,0.14117
49.03,0.068952
49.04,-0.0036604
49.05,-0.076286
49.06,-0.14854
49.07,-0.22004
49.08,-0.29041
49.09,-0.35927
49.1,-0.42626
49.11,-0.49101
49.12,-0.55319
49.13,-0.61244
49.14,-0.66847
49.15,-0.72095
49.16,-0.76962
49.17,-0.81419
49.18,-0.85444
49.19,-0.89013
49.2,-0.92107
49.21,-0.94709
49.22,-0.96805
49.23,-0.98381
49.24,-0.9943
49.25,-0.99944
49.26,-0.9992
49.27,-0.99358
49.28,-0.9826
49.29,-0.96631
49.3,-0.94479
49.31,-0.91816
49.32,-0.88654
49.33,-0.8501
49.34,-0.80903
49.35,-0.76356
49.36,-0.71392
49.37,-0.66037
49.38,-0.6032
49.39,-0.54272
49.4,-0.47926
49.41,-0.41315
49.42,-0.34475
49.43,-0.27444
49.44,-0.20259
49.45,-0.1296
49.46,-0.055866
49.47,0.018207
49.48,0.092215
49.49,0.16575
49.5,0.23841
49.51,0.30978
49.52,0.37948
49.53,0.44712
49.54,0.51232
49.55,0.57472
49.56,0.63397
49.57,0.68973
49.58,0.7417
49.59,0.78957
49.6,0.83308
49.61,0.87198
49.62,0.90605
49.63,0.93508
49.64,0.95892
49.65,0.97742
49.66,0.99047
49.67,0.99799
49.68,0.99993
49.69,0.99628
49.7,0.98703
49.71,0.97225
49.72,0.952
49.73,0.92639
49.74,0.89556
49.75,0.85967
49.76,0.81892
49.77,0.77353
49.78,0.72376
49.79,0.66987
49.8,0.61217
49.81,0.55097
49.82,0.48662
49.83,0.41949
49.84,0.34994
49.85,0.27837
49.86,0.20519
49.87,0.1308
49.88,0.055638
49.89,-0.01988
49.9,-0.095319
49.91,-0.17025
49.92,-0.24424
49.93,-0.31686
49.94,-0.38771
49.95,-0.45636
49.96,-0.52243
49.97,-0.58552
49.98,-0.64528
49.99,-0.70134
50,-0.7534
50.01,-0.80113
50.02,-0.84426
50.03,-0.88253
50.04,-0.91572
50.05,-0.94362
50.06,-0.96607
50.07,-0.98292
50.08,-0.99408
50.09,-0.99947
50.1,-0.99905
50.11,-0.99281
50.12,-0.98078
50.13,-0.96303
50.14,-0.93966
50.15,-0.91078
50.16,-0.87656
50.17,-0.83719
50.18,-0.7929
50.19,-0.74395
50.2,-0.6906
50.21,-0.63317
50.22,-0.57199
50.23,-0.50741
50.24,-0.43982
50.25,-0.3696
50.26,-0.29717
50.27,-0.22295
50.28,-0.14737
50.29,-0.070892
50.3,0.006045
50.31,0.082982
50.32,0.15946
50.33,0.23503
50.34,0.30924
50.35,0.38164
50.36,0.4518
50.37,0.5193
50.38,0.58373
50.39,0.6447
50.4,0.70185
50.41,0.75482
50.42,0.8033
50.43,0.84698
50.44,0.8856
50.45,0.91891
50.46,0.94672
50.47,0.96884
50.48,0.98513
50.49,0.99549
50.5,0.99985
50.51,0.99817
50.52,0.99045
50.53,0.97674
50.54,0.9571
50.55,0.93164
50.56,0.90053
50.57,0.86392
50.58,0.82205
50.59,0.77515
50.6,0.7235
50.61,0.66743
50.62,0.60725
50.63,0.54333
50.64,0.47606
50.65,0.40585
50.66,0.33311
50.67,0.2583
50.68,0.18187
50.69,0.10428
50.7,0.026022
50.71,-0.052438
50.72,-0.13061
50.73,-0.20801
50.74,-0.28417
50.75,-0.35861
50.76,-0.43086
50.77,-0.50048
50.78,-0.56703
50.79,-0.6301
50.8,-0.68928
50.81,-0.74421
50.82,-0.79454
50.83,-0.83994
50.84,-0.88013
50.85,-0.91485
50.86,-0.94388
50.87,-0.96702
50.88,-0.98413
50.89,-0.99508
50.9,-0.9998
50.91,-0.99825
50.92,-0.99043
50.93,-0.97639
50.94,-0.9562
50.95,-0.92998
50.96,-0.89788
50.97,-0.86011
50.98,-0.81689
50.99,-0.76849
51,-0.7152
51.01,-0.65736
51.02,-0.59532
51.03,-0.52948
51.04,-0.46025
51.05,-0.38806
51.06,-0.31336
51.07,-0.23664
51.08,-0.15837
51.09,-0.079053
51.1,0.00080548
51.11,0.080697
51.12,0.16011
51.13,0.23853
51.14,0.31547
51.15,0.39041
51.16,0.46288
51.17,0.53242
51.18,0.59856
51.19,0.66087
51.2,0.71896
51.21,0.77243
51.22,0.82094
51.23,0.86417
51.24,0.90182
51.25,0.93365
51.26,0.95944
51.27,0.97902
51.28,0.99225
51.29,0.99904
51.3,0.99932
51.31,0.9931
51.32,0.9804
51.33,0.96129
51.34,0.9359
51.35,0.90437
51.36,0.86691
51.37,0.82376
51.38,0.77518
51.39,0.72149
51.4,0.66303
51.41,0.60019
51.42,0.53336
51.43,0.46299
51.44,0.38954
51.45,0.31348
51.46,0.23531
51.47,0.15554
51.48,0.074711
51.49,-0.0066535
51.5,-0.088013
51.51,-0.16883
51.52,-0.24856
51.53,-0.32667
51.54,-0.40265
51.55,-0.47598
51.56,-0.54617
51.57,-0.61274
51.58,-0.67526
51.59,-0.73328
51.6,-0.78642
51.61,-0.83432
51.62,-0.87664
51.63,-0.9131
51.64,-0.94343
51.65,-0.96744
51.66,-0.98493
51.67,-0.9958
51.68,-0.99995
51.69,-0.99736
51.7,-0.98801
51.71,-0.97198
51.72,-0.94936
51.73,-0.92029
51.74,-0.88496
51.75,-0.8436
51.76,-0.79649
51.77,-0.74393
51.78,-0.68628
51.79,-0.62392
51.8,-0.55728
51.81,-0.48679
51.82,-0.41294
51.83,-0.33623
51.84,-0.25719
51.85,-0.17633
51.86,-0.094233
51.87,-0.011446
51.88,0.07146
51.89,0.15391
51.9,0.23535
51.91,0.31519
51.92,0.3929
51.93,0.46794
51.94,0.53977
51.95,0.60789
51.96,0.67184
51.97,0.73116
51.98,0.78543
51.99,0.83426
52,0.87731
52.01,0.91428
52.02,0.94489
52.03,0.96892
52.04,0.98619
52.05,0.99658
52.06,1
52.07,0.99642
52.08,0.98584
52.09,0.96835
52.1,0.94404
52.11,0.91309
52.12,0.87569
52.13,0.8321
52.14,0.78263
52.15,0.72761
52.16,0.66742
52.17,0.60248
52.18,0.53324
52.19,0.46019
52.2,0.38385
52.21,0.30474
52.22,0.22343
52.23,0.14049
52.24,0.056505
52.25,-0.027919
52.26,-0.11218
52.27,-0.19569
52.28,-0.27784
52.29,-0.35804
52.3,-0.43571
52.31,-0.5103
52.32,-0.58126
52.33,-0.64808
52.34,-0.71027
52.35,-0.76739
52.36,-0.819
52.37,-0.86473
52.38,-0.90424
52.39,-0.93724
52.4,-0.96348
52.41,-0.98276
52.42,-0.99492
52.43,-0.99988
52.44,-0.99758
52.45,-0.98803
52.46,-0.97129
52.47,-0.94747
52.48,-0.91673
52.49,-0.87929
52.5,-0.83541
52.51,-0.78541
52.52,-0.72963
52.53,-0.66849
52.54,-0.60241
52.55,-0.53188
52.56,-0.45742
52.57,-0.37955
52.58,-0.29885
52.59,-0.21591
52.6,-0.13134
52.61,-0.045764
52.62,0.040195
52.63,0.1259
52.64,0.21071
52.65,0.29401
52.66,0.37516
52.67,0.45357
52.68,0.52865
52.69,0.59983
52.7,0.66658
52.71,0.72839
52.72,0.7848
52.73,0.83538
52.74,0.87974
52.75,0.91754
52.76,0.94849
52.77,0.97234
52.78,0.98891
52.79,0.99805
52.8,0.9997
52.81,0.99383
52.82,0.98047
52.83,0.95971
52.84,0.93169
52.85,0.89663
52.86,0.85476
52.87,0.80641
52.88,0.75192
52.89,0.6917
52.9,0.6262
52.91,0.55591
52.92,0.48136
52.93,0.40311
52.94,0.32174
52.95,0.23789
52.96,0.15217
52.97,0.065251
52.98,-0.022212
52.99,-0.10955
53,-0.19608
53.01,-0.28116
53.02,-0.36412
53.03,-0.44431
53.04,-0.52113
53.05,-0.59397
53.06,-0.66227
53.07,-0.72549
53.08,-0.78313
53.09,-0.83474
53.1,-0.87992
53.11,-0.9183
53.12,-0.94957
53.13,-0.97349
53.14,-0.98985
53.15,-0.99852
53.16,-0.99942
53.17,-0.99253
53.18,-0.97789
53.19,-0.95561
53.2,-0.92584
53.21,-0.88882
53.22,-0.84481
53.23,-0.79416
53.24,-0.73724
53.25,-0.67451
53.26,-0.60645
53.27,-0.53357
53.28,-0.45646
53.29,-0.37571
53.3,-0.29195
53.31,-0.20584
53.32,-0.11806
53.33,-0.029307
53.34,0.059725
53.35,0.14833
53.36,0.23579
53.37,0.32143
53.38,0.40455
53.39,0.48449
53.4,0.5606
53.41,0.63228
53.42,0.69894
53.43,0.76004
53.44,0.81509
53.45,0.86364
53.46,0.90528
53.47,0.93968
53.48,0.96654
53.49,0.98564
53.5,0.99681
53.51,0.99995
53.52,0.99503
53.53,0.98206
53.54,0.96115
53.55,0.93246
53.56,0.89619
53.57,0.85264
53.58,0.80215
53.59,0.74512
53.6,0.68199
53.61,0.61329
53.62,0.53955
53.63,0.46138
53.64,0.3794
53.65,0.29428
53.66,0.20671
53.67,0.11741
53.68,0.027095
53.69,-0.063484
53.7,-0.15359
53.71,-0.24247
53.72,-0.3294
53.73,-0.41367
53.74,-0.49456
53.75,-0.57141
53.76,-0.64358
53.77,-0.71046
53.78,-0.77149
53.79,-0.82616
53.8,-0.874
53.81,-0.91461
53.82,-0.94764
53.83,-0.9728
53.84,-0.98987
53.85,-0.99869
53.86,-0.99919
53.87,-0.99134
53.88,-0.9752
53.89,-0.95089
53.9,-0.9186
53.91,-0.87859
53.92,-0.83118
53.93,-0.77677
53.94,-0.71579
53.95,-0.64876
53.96,-0.57623
53.97,-0.4988
53.98,-0.41712
53.99,-0.33187
54,-0.24377
54.01,-0.15357
54.02,-0.062012
54.03,0.030114
54.04,0.12203
54.05,0.21295
54.06,0.30211
54.07,0.38873
54.08,0.47209
54.09,0.55145
54.1,0.62614
54.11,0.69551
54.12,0.75896
54.13,0.81594
54.14,0.86594
54.15,0.90853
54.16,0.94333
54.17,0.97002
54.18,0.98838
54.19,0.99822
54.2,0.99945
54.21,0.99204
54.22,0.97605
54.23,0.9516
54.24,0.91889
54.25,0.87819
54.26,0.82984
54.27,0.77426
54.28,0.71191
54.29,0.64333
54.3,0.56911
54.31,0.48988
54.32,0.40633
54.33,0.31919
54.34,0.22921
54.35,0.13718
54.36,0.043894
54.37,-0.049821
54.38,-0.14315
54.39,-0.23526
54.4,-0.32534
54.41,-0.4126
54.42,-0.49627
54.43,-0.57559
54.44,-0.64987
54.45,-0.71842
54.46,-0.78065
54.47,-0.83599
54.48,-0.88393
54.49,-0.92404
54.5,-0.95595
54.51,-0.97936
54.52,-0.99406
54.53,-0.99989
54.54,-0.9968
54.55,-0.98479
54.56,-0.96397
54.57,-0.9345
54.58,-0.89663
54.59,-0.8507
54.6,-0.7971
54.61,-0.7363
54.62,-0.66884
54.63,-0.59532
54.64,-0.5164
54.65,-0.43277
54.66,-0.34518
54.67,-0.25443
54.68,-0.16133
54.69,-0.066718
54.7,0.028546
54.71,0.1236
54.72,0.21758
54.73,0.30962
54.74,0.39889
54.75,0.48456
54.76,0.56585
54.77,0.64201
54.78,0.71234
54.79,0.77617
54.8,0.83293
54.81,0.88206
54.82,0.92312
54.83,0.95571
54.84,0.97952
54.85,0.99431
54.86,0.99994
54.87,0.99634
54.88,0.98353
54.89,0.96162
54.9,0.93078
54.91,0.89131
54.92,0.84354
54.93,0.78791
54.94,0.72492
54.95,0.65516
54.96,0.57926
54.97,0.49791
54.98,0.41188
54.99,0.32195
55,0.22897
55.01,0.13379
55.02,0.037316
55.03,-0.059561
55.04,-0.15593
55.05,-0.25088
55.06,-0.34351
55.07,-0.43296
55.08,-0.51836
55.09,-0.59892
55.1,-0.67386
55.11,-0.74246
55.12,-0.80406
55.13,-0.85808
55.14,-0.90397
55.15,-0.94131
55.16,-0.96971
55.17,-0.9889
55.18,-0.99868
55.19,-0.99893
55.2,-0.98965
55.21,-0.97091
55.22,-0.94287
55.23,-0.90578
55.24,-0.86
55.25,-0.80593
55.26,-0.7441
55.27,-0.67509
55.28,-0.59954
55.29,-0.51818
55.3,-0.43177
55.31,-0.34116
55.32,-0.2472
55.33,-0.1508
55.34,-0.052898
55.35,0.045571
55.36,0.14365
55.37,0.24038
55.38,0.33482
55.39,0.42605
55.4,0.51318
55.41,0.59535
55.42,0.67174
55.43,0.74161
55.44,0.80426
55.45,0.85907
55.46,0.90548
55.47,0.94303
55.48,0.97134
55.49,0.9901
55.5,0.99914
55.51,0.99833
55.52,0.98768
55.53,0.96727
55.54,0.93728
55.55,0.89802
55.56,0.84983
55.57,0.7932
55.58,0.72867
55.59,0.65686
55.6,0.57849
55.61,0.49432
55.62,0.40518
55.63,0.31195
55.64,0.21557
55.65,0.11697
55.66,0.01716
55.67,-0.082876
55.68,-0.18213
55.69,-0.27961
55.7,-0.37433
55.71,-0.46533
55.72,-0.5517
55.73,-0.63255
55.74,-0.70706
55.75,-0.77447
55.76,-0.83408
55.77,-0.88529
55.78,-0.92755
55.79,-0.96044
55.8,-0.98359
55.81,-0.99676
55.82,-0.99979
55.83,-0.99265
55.84,-0.9754
55.85,-0.94818
55.86,-0.91126
55.87,-0.86501
55.88,-0.80988
55.89,-0.74643
55.9,-0.6753
55.91,-0.59719
55.92,-0.51291
55.93,-0.42331
55.94,-0.32931
55.95,-0.23186
55.96,-0.13197
55.97,-0.030665
55.98,0.071008
55.99,0.172
56,0.27126
56.01,0.36775
56.02,0.46048
56.03,0.54848
56.04,0.63081
56.05,0.70661
56.06,0.77509
56.07,0.83551
56.08,0.88724
56.09,0.92972
56.1,0.96248
56.11,0.98518
56.12,0.99756
56.13,0.99947
56.14,0.99087
56.15,0.97185
56.16,0.94258
56.17,0.90336
56.18,0.85458
56.19,0.79675
56.2,0.73046
56.21,0.65641
56.22,0.57536
56.23,0.48817
56.24,0.39575
56.25,0.29907
56.26,0.19916
56.27,0.09708
56.28,-0.0060891
56.29,-0.10925
56.3,-0.21129
56.31,-0.31113
56.32,-0.40768
56.33,-0.49992
56.34,-0.58684
56.35,-0.6675
56.36,-0.74103
56.37,-0.80661
56.38,-0.86355
56.39,-0.91119
56.4,-0.94903
56.41,-0.97663
56.42,-0.99367
56.43,-0.99996
56.44,-0.99542
56.45,-0.98007
56.46,-0.95407
56.47,-0.91767
56.48,-0.87127
56.49,-0.81535
56.5,-0.75051
56.51,-0.67743
56.52,-0.59692
56.53,-0.50983
56.54,-0.41711
56.55,-0.31977
56.56,-0.21887
56.57,-0.11551
56.58,-0.010829
56.59,0.094026
56.6,0.1979
56.61,0.29964
56.62,0.39813
56.63,0.49226
56.64,0.581
56.65,0.66334
56.66,0.73837
56.67,0.80525
56.68,0.8632
56.69,0.91158
56.7,0.94984
56.71,0.97752
56.72,0.99431
56.73,1
56.74,0.99451
56.75,0.97788
56.76,0.95028
56.77,0.91201
56.78,0.86348
56.79,0.80521
56.8,0.73786
56.81,0.66215
56.82,0.57894
56.83,0.48915
56.84,0.39379
56.85,0.29392
56.86,0.19067
56.87,0.085205
56.88,-0.02128
56.89,-0.12758
56.9,-0.23248
56.91,-0.33479
56.92,-0.43334
56.93,-0.527
56.94,-0.61469
56.95,-0.6954
56.96,-0.76819
56.97,-0.83222
56.98,-0.88674
56.99,-0.93111
57,-0.96481
57.01,-0.98742
57.02,-0.99868
57.03,-0.99843
57.04,-0.98666
57.05,-0.96349
57.06,-0.92916
57.07,-0.88406
57.08,-0.8287
57.09,-0.76369
57.1,-0.68979
57.11,-0.60782
57.12,-0.51874
57.13,-0.42358
57.14,-0.32342
57.15,-0.21944
57.16,-0.11284
57.17,-0.0048594
57.18,0.10323
57.19,0.21017
57.2,0.31469
57.21,0.41558
57.22,0.51163
57.23,0.60171
57.24,0.68474
57.25,0.75975
57.26,0.82582
57.27,0.88216
57.28,0.9281
57.29,0.96307
57.3,0.98664
57.31,0.99851
57.32,0.99852
57.33,0.98665
57.34,0.96304
57.35,0.92793
57.36,0.88173
57.37,0.82497
57.38,0.75833
57.39,0.68257
57.4,0.59859
57.41,0.50739
57.42,0.41005
57.43,0.30773
57.44,0.20165
57.45,0.093088
57.46,-0.016653
57.47,-0.12625
57.48,-0.23438
57.49,-0.33973
57.5,-0.44102
57.51,-0.53702
57.52,-0.62655
57.53,-0.70852
57.54,-0.78192
57.55,-0.84584
57.56,-0.89949
57.57,-0.94219
57.58,-0.97341
57.59,-0.99275
57.6,-0.99995
57.61,-0.99491
57.62,-0.97766
57.63,-0.94841
57.64,-0.90748
57.65,-0.85538
57.66,-0.79271
57.67,-0.72023
57.68,-0.63884
57.69,-0.5495
57.7,-0.45333
57.71,-0.35149
57.72,-0.24525
57.73,-0.1359
57.74,-0.024814
57.75,0.086642
57.76,0.19708
57.77,0.30512
57.78,0.40941
57.79,0.50864
57.8,0.60157
57.81,0.68703
57.82,0.76392
57.83,0.83128
57.84,0.88824
57.85,0.93408
57.86,0.96819
57.87,0.99013
57.88,0.9996
57.89,0.99647
57.9,0.98075
57.91,0.95262
57.92,0.91242
57.93,0.86064
57.94,0.79792
57.95,0.72503
57.96,0.64289
57.97,0.55253
57.98,0.45508
57.99,0.35178
58,0.24394
58.01,0.13292
58.02,0.02014
58.03,-0.092955
58.04,-0.20492
58.05,-0.31431
58.06,-0.41973
58.07,-0.5198
58.08,-0.61323
58.09,-0.69881
58.1,-0.77543
58.11,-0.84207
58.12,-0.89786
58.13,-0.94206
58.14,-0.97408
58.15,-0.99348
58.16,-1
58.17,-0.99353
58.18,-0.97412
58.19,-0.94203
58.2,-0.89763
58.21,-0.8415
58.22,-0.77434
58.23,-0.69702
58.24,-0.61053
58.25,-0.51599
58.26,-0.41464
58.27,-0.30779
58.28,-0.19683
58.29,-0.083221
58.3,0.031543
58.31,0.14595
58.32,0.25849
58.33,0.36768
58.34,0.47205
58.35,0.57023
58.36,0.6609
58.37,0.74285
58.38,0.81497
58.39,0.87628
58.4,0.92596
58.41,0.96332
58.42,0.98784
58.43,0.99918
58.44,0.99717
58.45,0.9818
58.46,0.95326
58.47,0.91193
58.48,0.85832
58.49,0.79314
58.5,0.71725
58.51,0.63166
58.52,0.53751
58.53,0.43604
58.54,0.32863
58.55,0.21672
58.56,0.10181
58.57,-0.014545
58.58,-0.13076
58.59,-0.24526
58.6,-0.35649
58.61,-0.46292
58.62,-0.56309
58.63,-0.65564
58.64,-0.73928
58.65,-0.81285
58.66,-0.87533
58.67,-0.92585
58.68,-0.96369
58.69,-0.98831
58.7,-0.99936
58.71,-0.99666
58.72,-0.98023
58.73,-0.95027
58.74,-0.90717
58.75,-0.8515
58.76,-0.78403
58.77,-0.70565
58.78,-0.61745
58.79,-0.52063
58.8,-0.41653
58.81,-0.30657
58.82,-0.19229
58.83,-0.07526
58.84,0.042879
58.85,0.16048
58.86,0.2759
58.87,0.38752
58.88,0.49377
58.89,0.59315
58.9,0.68424
58.91,0.76577
58.92,0.83655
58.93,0.89559
58.94,0.94203
58.95,0.97518
58.96,0.99457
58.97,0.99989
58.98,0.99105
58.99,0.96815
59,0.93149
59.01,0.88157
59.02,0.81908
59.03,0.74489
59.04,0.66004
59.05,0.56573
59.06,0.46327
59.07,0.35414
59.08,0.23988
59.09,0.12212
59.1,0.0025367
59.11,-0.11714
59.12,-0.2352
59.13,-0.34994
59.14,-0.45969
59.15,-0.56287
59.16,-0.65797
59.17,-0.74361
59.18,-0.81854
59.19,-0.88164
59.2,-0.93199
59.21,-0.96883
59.22,-0.9916
59.23,-0.99996
59.24,-0.99375
59.25,-0.97305
59.26,-0.93813
59.27,-0.88948
59.28,-0.82779
59.29,-0.75394
59.3,-0.669
59.31,-0.57419
59.32,-0.47089
59.33,-0.36061
59.34,-0.24496
59.35,-0.12564
59.36,-0.004402
59.37,0.11697
59.38,0.23667
59.39,0.35294
59.4,0.46404
59.41,0.56831
59.42,0.6642
59.43,0.75026
59.44,0.8252
59.45,0.88788
59.46,0.93735
59.47,0.97285
59.48,0.99382
59.49,0.99994
59.5,0.99107
59.51,0.96734
59.52,0.92906
59.53,0.87681
59.54,0.81133
59.55,0.73359
59.56,0.64475
59.57,0.54613
59.58,0.4392
59.59,0.32557
59.6,0.20695
59.61,0.085131
59.62,-0.038049
59.63,-0.16072
59.64,-0.28101
59.65,-0.39708
59.66,-0.50717
59.67,-0.60957
59.68,-0.70272
59.69,-0.78517
59.7,-0.85565
59.71,-0.91305
59.72,-0.95647
59.73,-0.98523
59.74,-0.99885
59.75,-0.9971
59.76,-0.97999
59.77,-0.94775
59.78,-0.90086
59.79,-0.84002
59.8,-0.76614
59.81,-0.68036
59.82,-0.58397
59.83,-0.47847
59.84,-0.36547
59.85,-0.24673
59.86,-0.12408
59.87,0
59.88,0
59.89,0
59.9,0
59.91,0
59.92,0
59.93,0
59.94,0
59.95,0
59.96,0
59.97,0
59.98,0
59.99,0
60,0
60.01,0
60.02,0
60.03,0
60.04,0
60.05,0
60.06,0
60.07,0
60.08,0
60.09,0
60.1,0
60.11,0
60.12,0
60.13,0
60.14,0
60.15,0
60.16,0
60.17,0
60.18,0
60.19,0
60.2,0
60.21,0
60.22,0
60.23,0
60.24,0
60.25,0
60.26,0
60.27,0
60.28,0
60.29,0
60.3,0
60.31,0
60.32,0
60.33,0
60.34,0
60.35,0
60.36,0
60.37,0
60.38,0
60.39,0
60.4,0
60.41,0
60.42,0
60.43,0
60.44,0
60.45,0
60.46,0
60.47,0
60.48,0
60.49,0
60.5,0
60.51,0
60.52,0
60.53,0
60.54,0
60.55,0
60.56,0
60.57,0
60.58,0
60.59,0
60.6,0
60.61,0
60.62,0
60.63,0
60.64,0
60.65,0
60.66,0
60.67,0
60.68,0
60.69,0
60.7,0
60.71,0
60.72,0
60.73,0
60.74,0
60.75,0
60.76,0
60.77,0
60.78,0
60.79,0
60.8,0
60.81,0
60.82,0
60.83,0
60.84,0
60.85,0
60.86,0
60.87,0
60.88,0
60.89,0
60.9,0
60.91,0
60.92,0
60.93,0
60.94,0
60.95,0
60.96,0
60.97,0
60.98,0
60.99,0
61,0
61.01,0
61.02,0
61.03,0
61.04,0
61.05,0
61.06,0
61.07,0
61.08,0
61.09,0
61.1,0
61.11,0
61.12,0
61.13,0
61.14,0
61.15,0
61.16,0
61.17,0
61.18,0
61.19,0
61.2,0
61.21,0
61.22,0
61.23,0
61.24,0
61.25,0
61.26,0
61.27,0
61.28,0
61.29,0
61.3,0
61.31,0
61.32,0
61.33,0
61.34,0
61.35,0
61.36,0
61.37,0
61.38,0
61.39,0
61.4,0
61.41,0
61.42,0
61.43,0
61.44,0
61.45,0
61.46,0
61.47,0
61.48,0
61.49,0
61.5,0
61.51,0
61.52,0
61.53,0
61.54,0
61.55,0
61.56,0
61.57,0
61.58,0
61.59,0
61.6,0
61.61,0
61.62,0
61.63,0
61.64,0
61.65,0
61.66,0
61.67,0
61.68,0
61.69,0
61.7,0
61.71,0
61.72,0
61.73,0
61.74,0
61.75,0
61.76,0
61.77,0
61.78,0
61.79,0
61.8,0
61.81,0
61.82,0
61.83,0
61.84,0
61.85,0
61.86,0
61.87,0
61.88,0
61.89,0
61.9,0
61.91,0
61.92,0
61.93,0
61.94,0
61.95,0
61.96,0
61.97,0
61.98,0
61.99,0
62,0
62.01,0
62.02,0
62.03,0
62.04,0
62.05,0
62.06,0
62.07,0
62.08,0
62.09,0
62.1,0
62.11,0
62.12,0
62.13,0
62.14,0
62.15,0
62.16,0
62.17,0
62.18,0
62.19,0
62.2,0
62.21,0
62.22,0
62.23,0
62.24,0
62.25,0
62.26,0
62.27,0
62.28,0
62.29,0
62.3,0
62.31,0
62.32,0
62.33,0
62.34,0
62.35,0
62.36,0
62.37,0
62.38,0
62.39,0
62.4,0
62.41,0
62.42,0
62.43,0
62.44,0
62.45,0
62.46,0
62.47,0
62.48,0
62.49,0
62.5,0
62.51,0
62.52,0
62.53,0
62.54,0
62.55,0
62.56,0
62.57,0
62.58,0
62.59,0
62.6,0
62.61,0
62.62,0
62.63,0
62.64,0
62.65,0
62.66,0
62.67,0
62.68,0
62.69,0
62.7,0
62.71,0
62.72,0
62.73,0
62.74,0
62.75,0
62.76,0
62.77,0
62.78,0
62.79,0
62.8,0
62.81,0
62.82,0
62.83,0
62.84,0
62.85,0
62.86,0
62.87,0
62.88,0
62.89,0
62.9,0
62.91,0
62.92,0
62.93,0
62.94,0
62.95,0
62.96,0
62.97,0
62.98,0
62.99,0
63,0
63.01,0
63.02,0
63.03,0
63.04,0
63.05,0
63.06,0
63.07,0
63.08,0
63.09,0
63.1,0
63.11,0
63.12,0
63.13,0
63.14,0
63.15,0
63.16,0
63.17,0
63.18,0
63.19,0
63.2,0
63.21,0
63.22,0
63.23,0
63.24,0
63.25,0
63.26,0
63.27,0
63.28,0
63.29,0
63.3,0
63.31,0
63.32,0
63.33,0
63.34,0
63.35,0
63.36,0
63.37,0
63.38,0
63.39,0
63.4,0
63.41,0
63.42,0
63.43,0
63.44,0
63.45,0
63.46,0
63.47,0
63.48,0
63.49,0
63.5,0
63.51,0
63.52,0
63.53,0
63.54,0
63.55,0
63.56,0
63.57,0
63.58,0
63.59,0
63.6,0
63.61,0
63.62,0
63.63,0
63.64,0
63.65,0
63.66,0
63.67,0
63.68,0
63.69,0
63.7,0
63.71,0
63.72,0
63.73,0
63.74,0
63.75,0
63.76,0
63.77,0
63.78,0
63.79,0
63.8,0
63.81,0
63.82,0
63.83,0
63.84,0
63.85,0
63.86,0
63.87,0
63.88,0
63.89,0
63.9,0
63.91,0
63.92,0
63.93,0
63.94,0
63.95,0
63.96,0
63.97,0
63.98,0
63.99,0
64,0
64.01,0
64.02,0
64.03,0
64.04,0
64.05,0
64.06,0
64.07,0
64.08,0
64.09,0
64.1,0
64.11,0
64.12,0
64.13,0
64.14,0
64.15,0
64.16,0
64.17,0
64.18,0
64.19,0
64.2,0
64.21,0
64.22,0
64.23,0
64.24,0
64.25,0
64.26,0
64.27,0
64.28,0
64.29,0
64.3,0
64.31,0
64.32,0
64.33,0
64.34,0
64.35,0
64.36,0
64.37,0
64.38,0
64.39,0
64.4,0
64.41,0
64.42,0
64.43,0
64.44,0
64.45,0
64.46,0
64.47,0
64.48,0
64.49,0
64.5,0
64.51,0
64.52,0
64.53,0
64.54,0
64.55,0
64.56,0
64.57,0
64.58,0
64.59,0
64.6,0
64.61,0
64.62,0
64.63,0
64.64,0
64.65,0
64.66,0
64.67,0
64.68,0
64.69,0
64.7,0
64.71,0
64.72,0
64.73,0
64.74,0
64.75,0
64.76,0
64.77,0
64.78,0
64.79,0
64.8,0
64.81,0
64.82,0
64.83,0
64.84,0
64.85,0
64.86,0
64.87,0
64.88,0
64.89,0
64.9,0
64.91,0
64.92,0
64.93,0
64.94,0
64.95,0
64.96,0
64.97,0
64.98,0
64.99,0
65,0
