0,-6.8301e-05,-1.2312e-06,0.00027969
0.01,-0.038354,-0.095815,0.084661
0.02,-0.078935,-0.19243,0.16817
0.03,-0.12171,-0.28857,0.25008
0.04,-0.16654,-0.38299,0.32967
0.05,-0.21324,-0.47445,0.40624
0.06,-0.26157,-0.56175,0.47908
0.07,-0.31128,-0.64375,0.54752
0.08,-0.36206,-0.71937,0.61093
0.09,-0.41356,-0.78761,0.66871
0.1,-0.46541,-0.84757,0.7203
0.11,-0.51721,-0.89844,0.7652
0.12,-0.56852,-0.93956,0.80296
0.13,-0.6189,-0.97036,0.8332
0.14,-0.66788,-0.99042,0.85561
0.15,-0.71499,-0.99945,0.86994
0.16,-0.75975,-0.9973,0.87603
0.17,-0.80167,-0.98397,0.87378
0.18,-0.84029,-0.95959,0.86318
0.19,-0.87515,-0.92445,0.84431
0.2,-0.9058,-0.87895,0.8173
0.21,-0.93184,-0.82365,0.7824
0.22,-0.95288,-0.7592,0.73991
0.23,-0.96857,-0.68639,0.69021
0.24,-0.9786,-0.60611,0.63374
0.25,-0.98271,-0.51934,0.57104
0.26,-0.98069,-0.42714,0.50267
0.27,-0.97238,-0.33063,0.42927
0.28,-0.95766,-0.231,0.35153
0.29,-0.93651,-0.12946,0.27016
0.3,-0.90892,-0.027241,0.18592
0.31,-0.87498,0.074402,0.099605
0.32,-0.83482,0.17424,0.011996
0.33,-0.78865,0.27107,-0.076097
0.34,-0.73671,0.36371,-0.16387
0.35,-0.67933,0.45106,-0.25054
0.36,-0.61688,0.53208,-0.33532
0.37,-0.54977,0.6058,-0.41747
0.38,-0.4785,0.67135,-0.49627
0.39,-0.40356,0.72797,-0.57107
0.4,-0.32552,0.775,-0.64125
0.41,-0.24496,0.81192,-0.70624
0.42,-0.16251,0.8383,-0.76554
0.43,-0.078799,0.85388,-0.81873
0.44,0.0055133,0.8585,-0.86544
0.45,0.089766,0.85215,-0.90539
0.46,0.17329,0.83496,-0.93837
0.47,0.25543,0.80717,-0.96425
0.48,0.33554,0.76916,-0.98296
0.49,0.41298,0.72142,-0.99454
0.5,0.48716,0.66455,-0.99907
0.51,0.55748,0.59928,-0.99671
0.52,0.62342,0.52639,-0.98771
0.53,0.68447,0.44678,-0.97236
0.54,0.74017,0.36141,-0.95102
0.55,0.79014,0.2713,-0.92407
0.56,0.83402,0.17751,-0.89199
0.57,0.8715,0.081131,-0.85524
0.58,0.90237,-0.016717,-0.81435
0.59,0.92644,-0.11492,-0.76986
0.6,0.94361,-0.21236,-0.72231
0.61,0.95381,-0.30797,-0.67226
0.62,0.95705,-0.40068,-0.62027
0.63,0.95342,-0.4895,-0.56689
0.64,0.94302,-0.57349,-0.51263
0.65,0.92603,-0.65176,-0.45801
0.66,0.9027,-0.72353,-0.40349
0.67,0.87329,-0.7881,-0.34952
0.68,0.83814,-0.84484,-0.29647
0.69,0.7976,-0.89325,-0.24471
0.7,0.75207,-0.93292,-0.19453
0.71,0.70198,-0.96355,-0.14617
0.72,0.64778,-0.98494,-0.099831
0.73,0.58994,-0.99702,-0.055647
0.74,0.52895,-0.99979,-0.013702
0.75,0.46528,-0.9934,0.025972
0.76,0.39945,-0.97806,0.063394
0.77,0.33193,-0.95409,0.098632
0.78,0.26321,-0.92191,0.13179
0.79,0.19376,-0.88198,0.16303
0.8,0.12404,-0.83488,0.19253
0.81,0.054472,-0.78122,0.22049
0.82,-0.014527,-0.72167,0.24715
0.83,-0.082577,-0.65695,0.27276
0.84,-0.14933,-0.5878,0.29757
0.85,-0.21445,-0.51499,0.32183
0.86,-0.27767,-0.43931,0.3458
0.87,-0.33871,-0.36152,0.36971
0.88,-0.39737,-0.28239,0.39377
0.89,-0.45346,-0.20268,0.41818
0.9,-0.50681,-0.12309,0.44309
0.91,-0.55731,-0.044322,0.46862
0.92,-0.60485,0.033003,0.49485
0.93,-0.64938,0.10829,0.52182
0.94,-0.69085,0.18103,0.54949
0.95,-0.72925,0.25073,0.57782
0.96,-0.76456,0.31701,0.60668
0.97,-0.79682,0.37954,0.63591
0.98,-0.82605,0.43804,0.66528
0.99,-0.85228,0.49233,0.69453
1,-0.87557,0.54229,0.72335
1.01,-0.89597,0.58784,0.75138
1.02,-0.91352,0.62901,0.77824
1.03,-0.92828,0.66585,0.80351
1.04,-0.94029,0.69849,0.82675
1.05,-0.94959,0.72709,0.84749
1.06,-0.95619,0.75187,0.86528
1.07,-0.96013,0.77307,0.87964
1.08,-0.96142,0.79098,0.89012
1.09,-0.96003,0.80589,0.89627
1.1,-0.95597,0.81811,0.89768
1.11,-0.9492,0.82797,0.89397
1.12,-0.93968,0.83579,0.88478
1.13,-0.92737,0.84187,0.86984
1.14,-0.91222,0.84653,0.84891
1.15,-0.89417,0.85002,0.82183
1.16,-0.87315,0.85261,0.78849
1.17,-0.8491,0.8545,0.74887
1.18,-0.82197,0.85588,0.70303
1.19,-0.7917,0.85689,0.65111
1.2,-0.75825,0.85762,0.59333
1.21,-0.7216,0.85812,0.52999
1.22,-0.68173,0.85839,0.46149
1.23,-0.63866,0.85841,0.3883
1.24,-0.59241,0.85807,0.31096
1.25,-0.54305,0.85726,0.23009
1.26,-0.49066,0.8558,0.1464
1.27,-0.43537,0.85348,0.060613
1.28,-0.37734,0.85008,-0.026454
1.29,-0.31675,0.84532,-0.11396
1.3,-0.25384,0.83892,-0.20103
1.31,-0.18888,0.83059,-0.28677
1.32,-0.12218,0.82,-0.37026
1.33,-0.054066,0.80686,-0.4506
1.34,0.01507,0.79085,-0.52688
1.35,0.084819,0.77169,-0.59824
1.36,0.15473,0.74911,-0.66385
1.37,0.22435,0.72285,-0.72292
1.38,0.29315,0.69272,-0.77472
1.39,0.36064,0.65853,-0.8186
1.4,0.42628,0.62016,-0.854
1.41,0.48952,0.57755,-0.88042
1.42,0.54982,0.53066,-0.89749
1.43,0.60664,0.47953,-0.90494
1.44,0.65943,0.42427,-0.90259
1.45,0.70769,0.36503,-0.8904
1.46,0.75091,0.30204,-0.86844
1.47,0.78863,0.23559,-0.8369
1.48,0.82041,0.16603,-0.79609
1.49,0.84586,0.093754,-0.74644
1.5,0.86465,0.019242,-0.68847
1.51,0.87648,-0.056993,-0.62285
1.52,0.88113,-0.13439,-0.55032
1.53,0.87843,-0.21233,-0.47173
1.54,0.86829,-0.29019,-0.388
1.55,0.8507,-0.36728,-0.30012
1.56,0.8257,-0.44294,-0.20917
1.57,0.79342,-0.51645,-0.11625
1.58,0.75408,-0.58711,-0.022501
1.59,0.70795,-0.65423,0.070914
1.6,0.65542,-0.71713,0.16283
1.61,0.59691,-0.77514,0.25208
1.62,0.53294,-0.82766,0.33754
1.63,0.46408,-0.87409,0.41812
1.64,0.39099,-0.9139,0.49277
1.65,0.31435,-0.94662,0.56053
1.66,0.23494,-0.97183,0.62052
1.67,0.15353,-0.98919,0.67192
1.68,0.070972,-0.99844,0.71407
1.69,-0.011882,-0.99939,0.74637
1.7,-0.094155,-0.99193,0.76839
1.71,-0.17496,-0.97606,0.77979
1.72,-0.25341,-0.95183,0.78039
1.73,-0.32864,-0.91942,0.77014
1.74,-0.39979,-0.87907,0.74912
1.75,-0.46606,-0.8311,0.71758
1.76,-0.52665,-0.77594,0.67587
1.77,-0.58087,-0.71407,0.62448
1.78,-0.62803,-0.64606,0.56406
1.79,-0.66755,-0.57254,0.49533
1.8,-0.69892,-0.49421,0.41916
1.81,-0.72171,-0.41181,0.3365
1.82,-0.73559,-0.32613,0.2484
1.83,-0.74031,-0.23801,0.15596
1.84,-0.73574,-0.14829,0.060378
1.85,-0.72185,-0.057857,-0.037138
1.86,-0.69871,0.03242,-0.13533
1.87,-0.66649,0.12166,-0.23294
1.88,-0.62549,0.209,-0.3287
1.89,-0.57608,0.29359,-0.42137
1.9,-0.51877,0.37462,-0.50975
1.91,-0.45414,0.45131,-0.59268
1.92,-0.38285,0.52295,-0.66908
1.93,-0.30568,0.58885,-0.73794
1.94,-0.22346,0.64842,-0.79835
1.95,-0.13709,0.70112,-0.84951
1.96,-0.047526,0.74648,-0.89073
1.97,0.044225,0.78411,-0.92145
1.98,0.13712,0.81373,-0.94123
1.99,0.23011,0.8351,-0.94979
2,0.32211,0.8481,-0.94698
2.01,0.41205,0.85268,-0.93279
2.02,0.49888,0.84888,-0.90738
2.03,0.58158,0.83682,-0.87101
2.04,0.65915,0.8167,-0.82411
2.05,0.73066,0.78881,-0.76724
2.06,0.79525,0.7535,-0.70106
2.07,0.8521,0.71118,-0.62638
2.08,0.90051,0.66234,-0.54409
2.09,0.93987,0.60751,-0.45518
2.1,0.96965,0.54727,-0.36073
2.11,0.98945,0.48224,-0.26187
2.12,0.99896,0.41307,-0.15979
2.13,0.99803,0.34044,-0.055711
2.14,0.98658,0.26502,0.049123
2.15,0.9647,0.18752,0.15347
2.16,0.93257,0.10862,0.2561
2.17,0.89051,0.029016,0.3558
2.18,0.83894,-0.050637,0.45143
2.19,0.77841,-0.12969,0.54189
2.2,0.70958,-0.20755,0.62614
2.21,0.6332,-0.28363,0.70327
2.22,0.55012,-0.3574,0.77242
2.23,0.46125,-0.42838,0.83286
2.24,0.36762,-0.49614,0.88398
2.25,0.27026,-0.56029,0.92528
2.26,0.17031,-0.62052,0.9564
2.27,0.068892,-0.67656,0.97711
2.28,-0.032821,-0.72819,0.98731
2.29,-0.13366,-0.77527,0.98703
2.3,-0.23245,-0.81771,0.97645
2.31,-0.32805,-0.85545,0.95584
2.32,-0.41935,-0.88851,0.92563
2.33,-0.50529,-0.91696,0.88634
2.34,-0.58486,-0.94089,0.83861
2.35,-0.65712,-0.96044,0.78317
2.36,-0.72125,-0.97581,0.72084
2.37,-0.77647,-0.98719,0.65251
2.38,-0.82214,-0.99483,0.57911
2.39,-0.85773,-0.99899,0.50166
2.4,-0.88282,-0.99992,0.42116
2.41,-0.8971,-0.99792,0.33867
2.42,-0.90041,-0.99326,0.25523
2.43,-0.89271,-0.98624,0.17186
2.44,-0.87409,-0.97711,0.089581
2.45,-0.84476,-0.96616,0.0093494
2.46,-0.80507,-0.95362,-0.06792
2.47,-0.75549,-0.93973,-0.14138
2.48,-0.69659,-0.92469,-0.21025
2.49,-0.62908,-0.9087,-0.27385
2.5,-0.55373,-0.8919,-0.33159
2.51,-0.47144,-0.87442,-0.38296
2.52,-0.38316,-0.85637,-0.42757
2.53,-0.28993,-0.83782,-0.46515
2.54,-0.19285,-0.8188,-0.49553
2.55,-0.093028,-0.79932,-0.51864
2.56,0.0083603,-0.77939,-0.53453
2.57,0.11014,-0.75896,-0.54336
2.58,0.21115,-0.73797,-0.5454
2.59,0.31021,-0.71634,-0.54099
2.6,0.40619,-0.69398,-0.53058
2.61,0.498,-0.67079,-0.5147
2.62,0.5846,-0.64666,-0.49395
2.63,0.66502,-0.62145,-0.46898
2.64,0.73836,-0.59506,-0.44052
2.65,0.80383,-0.56737,-0.4093
2.66,0.86072,-0.53827,-0.37609
2.67,0.90843,-0.50766,-0.3417
2.68,0.94647,-0.47546,-0.3069
2.69,0.9745,-0.44161,-0.27247
2.7,0.99225,-0.40605,-0.23916
2.71,0.99963,-0.36876,-0.2077
2.72,0.99665,-0.32975,-0.17875
2.73,0.98343,-0.28905,-0.15293
2.74,0.96025,-0.24669,-0.1308
2.75,0.92748,-0.20278,-0.11283
2.76,0.88562,-0.15741,-0.099419
2.77,0.83528,-0.11073,-0.090882
2.78,0.77715,-0.062895,-0.087442
2.79,0.71203,-0.014089,-0.089231
2.8,0.6408,0.035477,-0.096289
2.81,0.56439,0.085576,-0.10856
2.82,0.4838,0.13596,-0.1259
2.83,0.40006,0.18638,-0.14807
2.84,0.31426,0.23656,-0.17476
2.85,0.22747,0.28623,-0.20556
2.86,0.14078,0.33512,-0.24001
2.87,0.05527,0.38295,-0.27757
2.88,-0.028013,0.42945,-0.31766
2.89,-0.10806,0.47436,-0.35963
2.9,-0.1839,0.51745,-0.40282
2.91,-0.25464,0.55849,-0.44652
2.92,-0.31946,0.59726,-0.49003
2.93,-0.37762,0.6336,-0.53263
2.94,-0.42848,0.66735,-0.57361
2.95,-0.47148,0.69839,-0.61227
2.96,-0.50619,0.72661,-0.64795
2.97,-0.5323,0.75197,-0.68003
2.98,-0.54959,0.77444,-0.70792
2.99,-0.55797,0.79403,-0.7311
3,-0.55747,0.81077,-0.74911
3.01,-0.54824,0.82475,-0.76155
3.02,-0.53055,0.83606,-0.7681
3.03,-0.50476,0.84486,-0.76852
3.04,-0.47137,0.85129,-0.76266
3.05,-0.43094,0.85556,-0.75043
3.06,-0.38415,0.85787,-0.73184
3.07,-0.33176,0.85844,-0.70698
3.08,-0.27458,0.85753,-0.67601
3.09,-0.21351,0.85539,-0.63919
3.1,-0.14947,0.85226,-0.59683
3.11,-0.083447,0.84841,-0.54932
3.12,-0.016426,0.84409,-0.49709
3.13,0.050585,0.83954,-0.44066
3.14,0.11658,0.83501,-0.38057
3.15,0.18058,0.83069,-0.3174
3.16,0.24162,0.8268,-0.25176
3.17,0.29878,0.82348,-0.18429
3.18,0.3512,0.82089,-0.11562
3.19,0.39807,0.81914,-0.046389
3.2,0.43868,0.81829,0.022762
3.21,0.47238,0.81839,0.091223
3.22,0.49861,0.81943,0.1584
3.23,0.51693,0.82139,0.22375
3.24,0.527,0.8242,0.28675
3.25,0.52856,0.82773,0.34694
3.26,0.52151,0.83185,0.4039
3.27,0.50582,0.83637,0.45727
3.28,0.4816,0.84108,0.50678
3.29,0.44906,0.84574,0.55217
3.3,0.40854,0.85008,0.5933
3.31,0.36045,0.85381,0.63007
3.32,0.30533,0.85664,0.66243
3.33,0.2438,0.85823,0.69043
3.34,0.17657,0.85826,0.71414
3.35,0.10443,0.8564,0.73373
3.36,0.028218,0.85233,0.74939
3.37,-0.051153,0.84574,0.76137
3.38,-0.13273,0.83631,0.76995
3.39,-0.21554,0.82377,0.77547
3.4,-0.29857,0.80786,0.77827
3.41,-0.38082,0.78834,0.77872
3.42,-0.46127,0.76503,0.7772
3.43,-0.53894,0.73777,0.7741
3.44,-0.61288,0.70643,0.76981
3.45,-0.68216,0.67097,0.76469
3.46,-0.74592,0.63134,0.75911
3.47,-0.80336,0.58758,0.75339
3.48,-0.85375,0.53977,0.74783
3.49,-0.89645,0.48804,0.7427
3.5,-0.93089,0.43257,0.73822
3.51,-0.95661,0.37359,0.73456
3.52,-0.97325,0.31138,0.73187
3.53,-0.98056,0.24627,0.73021
3.54,-0.97838,0.17864,0.72961
3.55,-0.96668,0.10889,0.73006
3.56,-0.94552,0.037464,0.73147
3.57,-0.91509,-0.035152,0.73373
3.58,-0.87566,-0.10846,0.73667
3.59,-0.82763,-0.18192,0.74006
3.6,-0.77147,-0.25502,0.74367
3.61,-0.70776,-0.32719,0.74721
3.62,-0.63715,-0.39789,0.75036
3.63,-0.56038,-0.46657,0.75278
3.64,-0.47825,-0.53272,0.75415
3.65,-0.39161,-0.5958,0.75408
3.66,-0.30136,-0.65533,0.75223
3.67,-0.20845,-0.71084,0.74825
3.68,-0.11383,-0.76192,0.7418
3.69,-0.018482,-0.80818,0.73256
3.7,0.076612,-0.84928,0.72024
3.71,0.17048,-0.88493,0.70459
3.72,0.26218,-0.9149,0.6854
3.73,0.35078,-0.93901,0.66249
3.74,0.4354,-0.95713,0.63575
3.75,0.51522,-0.96921,0.6051
3.76,0.58945,-0.97524,0.57053
3.77,0.6574,-0.97529,0.53209
3.78,0.71842,-0.96948,0.48988
3.79,0.77196,-0.95799,0.44406
3.8,0.81756,-0.94106,0.39486
3.81,0.85483,-0.91896,0.34253
3.82,0.88348,-0.89206,0.28742
3.83,0.9033,-0.86072,0.22988
3.84,0.9142,-0.82537,0.17035
3.85,0.91617,-0.78649,0.10926
3.86,0.90927,-0.74455,0.04711
3.87,0.89368,-0.70008,-0.015595
3.88,0.86965,-0.65361,-0.078329
3.89,0.83752,-0.60569,-0.14055
3.9,0.79767,-0.55686,-0.20173
3.91,0.7506,-0.50769,-0.26133
3.92,0.69684,-0.45871,-0.31884
3.93,0.63698,-0.41045,-0.37376
3.94,0.57165,-0.36342,-0.42562
3.95,0.50152,-0.31811,-0.47401
3.96,0.42732,-0.27496,-0.51852
3.97,0.34974,-0.2344,-0.55884
3.98,0.26955,-0.19681,-0.59467
3.99,0.18746,-0.16252,-0.62581
4,0.10423,-0.13181,-0.65209
4.01,0.020569,-0.10494,-0.67342
4.02,-0.062817,-0.082074,-0.68978
4.03,-0.14525,-0.063361,-0.70121
4.04,-0.2261,-0.04888,-0.70782
4.05,-0.30476,-0.03866,-0.70979
4.06,-0.38067,-0.03268,-0.70736
4.07,-0.45333,-0.030866,-0.70082
4.08,-0.52229,-0.033096,-0.69054
4.09,-0.58714,-0.039202,-0.67691
4.1,-0.64756,-0.048973,-0.66037
4.11,-0.70327,-0.062158,-0.64142
4.12,-0.75404,-0.078471,-0.62056
4.13,-0.79972,-0.097593,-0.59832
4.14,-0.8402,-0.11918,-0.57524
4.15,-0.87545,-0.14287,-0.55187
4.16,-0.90547,-0.16826,-0.52874
4.17,-0.93032,-0.19498,-0.50638
4.18,-0.95011,-0.22261,-0.4853
4.19,-0.96498,-0.25074,-0.46595
4.2,-0.97513,-0.27897,-0.44878
4.21,-0.98077,-0.30691,-0.43416
4.22,-0.98215,-0.33416,-0.42241
4.23,-0.97954,-0.36035,-0.41382
4.24,-0.97322,-0.38513,-0.40859
4.25,-0.96349,-0.40817,-0.40686
4.26,-0.95066,-0.42917,-0.40869
4.27,-0.93503,-0.44784,-0.41408
4.28,-0.9169,-0.46393,-0.42294
4.29,-0.89656,-0.47722,-0.43514
4.3,-0.8743,-0.48754,-0.45044
4.31,-0.85038,-0.49472,-0.46856
4.32,-0.82503,-0.49865,-0.48915
4.33,-0.7985,-0.49923,-0.51178
4.34,-0.77096,-0.49642,-0.53599
4.35,-0.7426,-0.49019,-0.56127
4.36,-0.71356,-0.48055,-0.58707
4.37,-0.68396,-0.46752,-0.61281
4.38,-0.65389,-0.45118,-0.63788
4.39,-0.62341,-0.43161,-0.66166
4.4,-0.59257,-0.40892,-0.68355
4.41,-0.56138,-0.38323,-0.70293
4.42,-0.52984,-0.35471,-0.71922
4.43,-0.49791,-0.3235,-0.73184
4.44,-0.46557,-0.28979,-0.74027
4.45,-0.43275,-0.25377,-0.74404
4.46,-0.3994,-0.21563,-0.74271
4.47,-0.36544,-0.17559,-0.73592
4.48,-0.33081,-0.13384,-0.72337
4.49,-0.29543,-0.090607,-0.70485
4.5,-0.25924,-0.046106,-0.68021
4.51,-0.22218,-0.00055428,-0.6494
4.52,-0.1842,0.045831,-0.61243
4.53,-0.14528,0.092832,-0.56944
4.54,-0.10539,0.14023,-0.52063
4.55,-0.064547,0.18782,-0.46627
4.56,-0.022769,0.23537,-0.40676
4.57,0.019895,0.28269,-0.34254
4.58,0.063371,0.32956,-0.27413
4.59,0.10756,0.37577,-0.20215
4.6,0.15235,0.42111,-0.12725
4.61,0.19759,0.46537,-0.050144
4.62,0.24311,0.50836,0.028405
4.63,0.28873,0.54985,0.1076
4.64,0.33422,0.58964,0.18663
4.65,0.37937,0.62752,0.26464
4.66,0.42393,0.66329,0.34081
4.67,0.46764,0.69672,0.4143
4.68,0.51024,0.72762,0.4843
4.69,0.55146,0.75576,0.55002
4.7,0.59102,0.78093,0.61074
4.71,0.62867,0.80293,0.66574
4.72,0.66413,0.82156,0.71441
4.73,0.69715,0.8366,0.75619
4.74,0.72749,0.84787,0.79059
4.75,0.75494,0.85518,0.81721
4.76,0.77929,0.85835,0.83575
4.77,0.80037,0.85723,0.84599
4.78,0.81803,0.85166,0.84781
4.79,0.83216,0.84152,0.84121
4.8,0.84267,0.8267,0.82628
4.81,0.84953,0.80712,0.80319
4.82,0.85272,0.78273,0.77225
4.83,0.85226,0.7535,0.73383
4.84,0.84824,0.71944,0.6884
4.85,0.84073,0.68059,0.63655
4.86,0.82991,0.63704,0.57889
4.87,0.81592,0.5889,0.51615
4.88,0.799,0.53635,0.4491
4.89,0.77939,0.47957,0.37856
4.9,0.75736,0.41883,0.30541
4.91,0.73321,0.35441,0.23054
4.92,0.70726,0.28665,0.15487
4.93,0.67987,0.21593,0.079339
4.94,0.65139,0.14267,0.0048608
4.95,0.62218,0.067329,-0.067652
4.96,0.59263,-0.0095986,-0.13732
4.97,0.56312,-0.087582,-0.20329
4.98,0.53401,-0.16606,-0.26477
4.99,0.50568,-0.24444,-0.32102
5,0.47847,-0.32213,-0.37136
5.01,0.45273,-0.3985,-0.41521
5.02,0.42876,-0.47291,-0.45204
5.03,0.40686,-0.54474,-0.48143
5.04,0.38728,-0.61334,-0.50304
5.05,0.37025,-0.67811,-0.51664
5.06,0.35595,-0.73842,-0.52208
5.07,0.34456,-0.79371,-0.51935
5.08,0.33616,-0.84342,-0.50848
5.09,0.33083,-0.88703,-0.48966
5.1,0.32861,-0.92409,-0.46313
5.11,0.32946,-0.95417,-0.42924
5.12,0.33334,-0.97692,-0.38843
5.13,0.34014,-0.99204,-0.34122
5.14,0.34972,-0.9993,-0.28819
5.15,0.3619,-0.99855,-0.23
5.16,0.37646,-0.9897,-0.16736
5.17,0.39314,-0.97276,-0.10102
5.18,0.41168,-0.94779,-0.031773
5.19,0.43175,-0.91497,0.039552
5.2,0.45304,-0.87454,0.11212
5.21,0.47518,-0.82681,0.18511
5.22,0.49781,-0.77219,0.25766
5.23,0.52057,-0.71115,0.32896
5.24,0.54307,-0.64424,0.39823
5.25,0.56494,-0.57209,0.4647
5.26,0.5858,-0.49535,0.52765
5.27,0.6053,-0.41477,0.58644
5.28,0.62308,-0.33112,0.64045
5.29,0.63883,-0.24522,0.68916
5.3,0.65222,-0.15792,0.7321
5.31,0.66298,-0.070073,0.76888
5.32,0.67086,0.017435,0.79921
5.33,0.67564,0.10373,0.82286
5.34,0.67713,0.18794,0.8397
5.35,0.6752,0.26922,0.84967
5.36,0.66972,0.34676,0.8528
5.37,0.66063,0.41977,0.8492
5.38,0.6479,0.48753,0.83907
5.39,0.63154,0.54937,0.82266
5.4,0.6116,0.6047,0.80031
5.41,0.58815,0.65298,0.77241
5.42,0.56133,0.69378,0.73942
5.43,0.53127,0.72674,0.70185
5.44,0.49818,0.7516,0.66023
5.45,0.46226,0.7682,0.61515
5.46,0.42375,0.77648,0.56722
5.47,0.3829,0.77647,0.51706
5.48,0.34001,0.76832,0.46531
5.49,0.29535,0.75226,0.4126
5.5,0.24923,0.72864,0.35957
5.51,0.20196,0.69789,0.30681
5.52,0.15384,0.66052,0.25493
5.53,0.10519,0.61714,0.20449
5.54,0.056296,0.56843,0.15601
5.55,0.0074553,0.51515,0.10997
5.56,-0.041055,0.45808,0.066805
5.57,-0.088972,0.39808,0.0269
5.58,-0.13606,0.33604,-0.0094179
5.59,-0.18208,0.27288,-0.041882
5.6,-0.22686,0.20952,-0.070283
5.61,-0.27021,0.14688,-0.094476
5.62,-0.31199,0.085883,-0.11438
5.63,-0.35208,0.027422,-0.12996
5.64,-0.39039,-0.027649,-0.14127
5.65,-0.42686,-0.078519,-0.14839
5.66,-0.46145,-0.12444,-0.15148
5.67,-0.49415,-0.16472,-0.15075
5.68,-0.52498,-0.19877,-0.14643
5.69,-0.55397,-0.22606,-0.13883
5.7,-0.58118,-0.24617,-0.12829
5.71,-0.60669,-0.25879,-0.11516
5.72,-0.6306,-0.26368,-0.099835
5.73,-0.653,-0.26076,-0.082739
5.74,-0.67401,-0.25002,-0.064301
5.75,-0.69377,-0.23158,-0.044961
5.76,-0.71238,-0.20567,-0.025166
5.77,-0.72999,-0.17262,-0.0053591
5.78,-0.74672,-0.13288,0.014023
5.79,-0.76269,-0.087002,0.032555
5.8,-0.77801,-0.035609,0.049833
5.81,-0.79278,0.020572,0.06547
5.82,-0.8071,0.080744,0.079111
5.83,-0.82104,0.14404,0.090427
5.84,-0.83465,0.20955,0.099125
5.85,-0.84798,0.2763,0.10495
5.86,-0.86104,0.34331,0.10768
5.87,-0.87383,0.40957,0.10714
5.88,-0.88634,0.47406,0.10318
5.89,-0.89852,0.5358,0.095732
5.9,-0.91032,0.59381,0.084725
5.91,-0.92165,0.64714,0.070155
5.92,-0.93242,0.69492,0.052054
5.93,-0.94252,0.73633,0.030495
5.94,-0.95182,0.77062,0.0055895
5.95,-0.96018,0.79714,-0.022514
5.96,-0.96747,0.81532,-0.053632
5.97,-0.97351,0.8247,-0.08755
5.98,-0.97817,0.82494,-0.12402
5.99,-0.98127,0.81582,-0.16278
6,-0.98267,0.79722,-0.20352
6.01,-0.98222,0.76917,-0.24593
6.02,-0.97976,0.73181,-0.28968
6.03,-0.97518,0.68542,-0.33443
6.04,-0.96835,0.63037,-0.3798
6.05,-0.95918,0.56719,-0.42544
6.06,-0.94759,0.4965,-0.47097
6.07,-0.9335,0.41902,-0.51603
6.08,-0.91689,0.33558,-0.56023
6.09,-0.89774,0.24709,-0.60322
6.1,-0.87606,0.15454,-0.64462
6.11,-0.85188,0.058974,-0.68409
6.12,-0.82528,-0.038505,-0.72129
6.13,-0.79634,-0.13676,-0.75587
6.14,-0.76516,-0.23465,-0.78755
6.15,-0.7319,-0.33099,-0.816
6.16,-0.6967,-0.42464,-0.84097
6.17,-0.65975,-0.51448,-0.86219
6.18,-0.62125,-0.5994,-0.87943
6.19,-0.58142,-0.67839,-0.89247
6.2,-0.54048,-0.75046,-0.90114
6.21,-0.49868,-0.81473,-0.90526
6.22,-0.45626,-0.87042,-0.90472
6.23,-0.41348,-0.91682,-0.89939
6.24,-0.37058,-0.95337,-0.88922
6.25,-0.32783,-0.97961,-0.87414
6.26,-0.28546,-0.9952,-0.85415
6.27,-0.2437,-0.99996,-0.82925
6.28,-0.20279,-0.99382,-0.79951
6.29,-0.16291,-0.97688,-0.76499
6.3,-0.12427,-0.94933,-0.72581
6.31,-0.087013,-0.91154,-0.68211
6.32,-0.051294,-0.86399,-0.63408
6.33,-0.017222,-0.80729,-0.58193
6.34,0.015115,-0.74216,-0.5259
6.35,0.04566,-0.66944,-0.46626
6.36,0.074382,-0.59007,-0.40333
6.37,0.10128,-0.50505,-0.33744
6.38,0.12639,-0.4155,-0.26897
6.39,0.14977,-0.32256,-0.19832
6.4,0.1715,-0.22744,-0.1259
6.41,0.19169,-0.13135,-0.052158
6.42,0.21048,-0.035559,0.022424
6.43,0.22802,0.058709,0.097362
6.44,0.2445,0.15023,0.17215
6.45,0.26009,0.2378,0.24626
6.46,0.275,0.32031,0.31917
6.47,0.28945,0.39666,0.39035
6.48,0.30363,0.46586,0.45925
6.49,0.31777,0.52702,0.52534
6.5,0.33208,0.57933,0.5881
6.51,0.34675,0.6221,0.647
6.52,0.36197,0.65479,0.70155
6.53,0.37792,0.67695,0.75127
6.54,0.39474,0.68829,0.79571
6.55,0.41256,0.68866,0.83445
6.56,0.43149,0.67805,0.8671
6.57,0.4516,0.65659,0.89333
6.58,0.47292,0.62455,0.91283
6.59,0.49546,0.58235,0.92536
6.6,0.51919,0.53054,0.93072
6.61,0.54404,0.46977,0.92878
6.62,0.56992,0.40085,0.91945
6.63,0.59667,0.32466,0.90273
6.64,0.62413,0.2422,0.87865
6.65,0.65208,0.15454,0.84734
6.66,0.68027,0.062815,0.80897
6.67,0.70844,-0.031773,0.7638
6.68,0.73627,-0.12799,0.71212
6.69,0.76345,-0.22459,0.65432
6.7,0.78963,-0.32029,0.59084
6.71,0.81444,-0.41386,0.52216
6.72,0.83751,-0.50407,0.44885
6.73,0.85846,-0.58973,0.37149
6.74,0.87691,-0.66972,0.29074
6.75,0.89247,-0.74298,0.20729
6.76,0.90479,-0.80856,0.12186
6.77,0.91351,-0.86557,0.035183
6.78,0.9183,-0.91326,-0.051957
6.79,0.91884,-0.951,-0.13879
6.8,0.91487,-0.97826,-0.22452
6.81,0.90614,-0.99466,-0.30837
6.82,0.89245,-0.99998,-0.38957
6.83,0.87364,-0.99409,-0.46737
6.84,0.8496,-0.97706,-0.54105
6.85,0.82027,-0.94906,-0.60991
6.86,0.78565,-0.91041,-0.67332
6.87,0.74578,-0.86158,-0.73067
6.88,0.70076,-0.80314,-0.78143
6.89,0.65075,-0.73582,-0.82513
6.9,0.59597,-0.66042,-0.86134
6.91,0.53668,-0.57786,-0.88975
6.92,0.47322,-0.48916,-0.91007
6.93,0.40594,-0.39539,-0.92215
6.94,0.33528,-0.29771,-0.92587
6.95,0.2617,-0.1973,-0.92123
6.96,0.18571,-0.095397,-0.90828
6.97,0.10784,0.0067644,-0.88717
6.98,0.028683,0.10794,-0.85814
6.99,-0.051176,0.20691,-0.82148
7,-0.13112,0.30247,-0.77758
7.01,-0.21051,0.39347,-0.72689
7.02,-0.28872,0.47882,-0.66992
7.03,-0.36512,0.55751,-0.60723
7.04,-0.43907,0.6286,-0.53945
7.05,-0.50996,0.69125,-0.46723
7.06,-0.5772,0.74474,-0.39129
7.07,-0.64022,0.78846,-0.31235
7.08,-0.69848,0.8219,-0.23115
7.09,-0.7515,0.8447,-0.14844
7.1,-0.79882,0.85664,-0.064989
7.11,-0.84003,0.8576,0.018462
7.12,-0.87478,0.84762,0.10118
7.13,-0.90278,0.82686,0.18246
7.14,-0.9238,0.79562,0.26161
7.15,-0.93766,0.7543,0.33802
7.16,-0.94425,0.70344,0.41109
7.17,-0.94353,0.64369,0.48027
7.18,-0.93551,0.57578,0.5451
7.19,-0.92028,0.50055,0.60516
7.2,-0.89798,0.41892,0.66009
7.21,-0.86883,0.33185,0.70961
7.22,-0.83308,0.24039,0.75351
7.23,-0.79105,0.14562,0.79165
7.24,-0.74312,0.048623,0.82395
7.25,-0.68971,-0.049466,0.8504
7.26,-0.63126,-0.14754,0.87108
7.27,-0.56828,-0.24449,0.8861
7.28,-0.5013,-0.33925,0.89565
7.29,-0.43087,-0.43077,0.89996
7.3,-0.35756,-0.51808,0.89932
7.31,-0.28195,-0.60025,0.89405
7.32,-0.20464,-0.67645,0.88453
7.33,-0.12621,-0.74589,0.87113
7.34,-0.047269,-0.80791,0.85428
7.35,0.031622,-0.86192,0.83439
7.36,0.1099,-0.90746,0.81191
7.37,0.18702,-0.94414,0.78725
7.38,0.26247,-0.97171,0.76084
7.39,0.33577,-0.99,0.73308
7.4,0.40648,-0.99897,0.70436
7.41,0.47417,-0.99867,0.67503
7.42,0.53848,-0.98927,0.6454
7.43,0.59908,-0.97101,0.61577
7.44,0.65569,-0.94426,0.58636
7.45,0.70806,-0.90943,0.55737
7.46,0.756,-0.86705,0.52896
7.47,0.79935,-0.81769,0.5012
7.48,0.83802,-0.76199,0.47416
7.49,0.87193,-0.70063,0.44783
7.5,0.90107,-0.63435,0.42217
7.51,0.92543,-0.5639,0.39709
7.52,0.94508,-0.49005,0.37245
7.53,0.96009,-0.41357,0.34809
7.54,0.97057,-0.33525,0.32381
7.55,0.97666,-0.25585,0.2994
7.56,0.97851,-0.1761,0.27459
7.57,0.97629,-0.096714,0.24915
7.58,0.97018,-0.018356,0.22281
7.59,0.9604,0.058353,0.19531
7.6,0.94712,0.13285,0.1664
7.61,0.93057,0.20462,0.13585
7.62,0.91093,0.27322,0.10345
7.63,0.88842,0.33829,0.069016
7.64,0.86321,0.3995,0.032403
7.65,0.8355,0.45661,-0.0064905
7.66,0.80544,0.50947,-0.047719
7.67,0.77321,0.55796,-0.091287
7.68,0.73894,0.60205,-0.13714
7.69,0.70276,0.64177,-0.18518
7.7,0.66479,0.67719,-0.23523
7.71,0.62513,0.70846,-0.28706
7.72,0.58386,0.73577,-0.34039
7.73,0.54107,0.75932,-0.39488
7.74,0.49681,0.77939,-0.45012
7.75,0.45115,0.79627,-0.50567
7.76,0.40414,0.81024,-0.56104
7.77,0.35582,0.82164,-0.61568
7.78,0.30624,0.83079,-0.66903
7.79,0.25544,0.83799,-0.7205
7.8,0.20348,0.84357,-0.76948
7.81,0.15043,0.84781,-0.81533
7.82,0.096351,0.85098,-0.85745
7.83,0.04133,0.85331,-0.89522
7.84,-0.014528,0.85501,-0.92805
7.85,-0.071103,0.85626,-0.95537
7.86,-0.12825,0.85716,-0.97667
7.87,-0.18581,0.85781,-0.99147
7.88,-0.24359,0.85824,-0.99935
7.89,-0.30138,0.85843,-0.99996
7.9,-0.35894,0.85834,-0.99302
7.91,-0.41601,0.85786,-0.97834
7.92,-0.47229,0.85685,-0.95581
7.93,-0.52749,0.85513,-0.92539
7.94,-0.58126,0.85248,-0.88717
7.95,-0.63327,0.84866,-0.84131
7.96,-0.68313,0.84339,-0.78808
7.97,-0.73048,0.83638,-0.72784
7.98,-0.77494,0.82733,-0.66105
7.99,-0.8161,0.81592,-0.58826
8,-0.85359,0.80186,-0.51011
8.01,-0.88701,0.78483,-0.42731
8.02,-0.916,0.76456,-0.34066
8.03,-0.94021,0.74077,-0.251
8.04,-0.95929,0.71325,-0.15926
8.05,-0.97295,0.68178,-0.066393
8.06,-0.98091,0.64621,0.026615
8.07,-0.98293,0.60643,0.11875
8.08,-0.97884,0.56239,0.20899
8.09,-0.96848,0.51408,0.29631
8.1,-0.95177,0.46156,0.37972
8.11,-0.92867,0.40496,0.45826
8.12,-0.89921,0.34444,0.53098
8.13,-0.86349,0.28026,0.59703
8.14,-0.82165,0.21273,0.6556
8.15,-0.77391,0.14221,0.70598
8.16,-0.72056,0.069141,0.74753
8.17,-0.66195,-0.006005,0.77973
8.18,-0.59849,-0.082691,0.80216
8.19,-0.53065,-0.16034,0.81451
8.2,-0.45898,-0.23832,0.8166
8.21,-0.38404,-0.316,0.80837
8.22,-0.30649,-0.3927,0.78989
8.23,-0.22701,-0.46771,0.76135
8.24,-0.1463,-0.54035,0.72309
8.25,-0.065131,-0.60991,0.67555
8.26,0.015737,-0.6757,0.6193
8.27,0.095512,-0.73704,0.55502
8.28,0.1734,-0.79329,0.48351
8.29,0.24861,-0.84384,0.40564
8.3,0.32036,-0.88812,0.3224
8.31,0.38789,-0.92562,0.23482
8.32,0.45047,-0.95587,0.14402
8.33,0.50741,-0.9785,0.051151
8.34,0.55806,-0.99318,-0.042589
8.35,0.60185,-0.99968,-0.13599
8.36,0.63823,-0.99784,-0.22785
8.37,0.66677,-0.98757,-0.31697
8.38,0.68708,-0.9689,-0.40217
8.39,0.69889,-0.94193,-0.48234
8.4,0.70198,-0.90684,-0.5564
8.41,0.69625,-0.86391,-0.62336
8.42,0.68169,-0.81349,-0.68232
8.43,0.65838,-0.75603,-0.73247
8.44,0.62651,-0.69205,-0.77311
8.45,0.58636,-0.62213,-0.80366
8.46,0.53831,-0.54693,-0.82368
8.47,0.48284,-0.46715,-0.83285
8.48,0.4205,-0.38357,-0.83098
8.49,0.35194,-0.29699,-0.81806
8.5,0.2779,-0.20824,-0.79418
8.51,0.19916,-0.11818,-0.75959
8.52,0.11658,-0.027704,-0.71468
8.53,0.031088,0.062325,-0.65998
8.54,-0.056376,0.15103,-0.59613
8.55,-0.14482,0.23754,-0.52391
8.56,-0.23323,0.32103,-0.4442
8.57,-0.32058,0.4007,-0.35797
8.58,-0.40586,0.47579,-0.26629
8.59,-0.48806,0.54558,-0.1703
8.6,-0.5662,0.60944,-0.071203
8.61,-0.63935,0.66677,0.029772
8.62,-0.70659,0.71707,0.13136
8.63,-0.76711,0.7599,0.23228
8.64,-0.82014,0.79489,0.33127
8.65,-0.86499,0.82178,0.42708
8.66,-0.90108,0.84037,0.5185
8.67,-0.92791,0.85056,0.6044
8.68,-0.94507,0.85234,0.68368
8.69,-0.9523,0.84576,0.75535
8.7,-0.94942,0.83099,0.81852
8.71,-0.93638,0.80825,0.87238
8.72,-0.91324,0.77785,0.91626
8.73,-0.88019,0.74015,0.94962
8.74,-0.83753,0.6956,0.97205
8.75,-0.78567,0.6447,0.98326
8.76,-0.72515,0.588,0.98313
8.77,-0.65659,0.5261,0.97166
8.78,-0.58073,0.45961,0.949
8.79,-0.49839,0.38921,0.91545
8.8,-0.41046,0.31557,0.87142
8.81,-0.31793,0.23938,0.81747
8.82,-0.22183,0.16134,0.75427
8.83,-0.12323,0.082133,0.68261
8.84,-0.023261,0.002438,0.60337
8.85,0.076944,-0.077086,0.51753
8.86,0.17624,-0.15581,0.42613
8.87,0.27347,-0.23313,0.33027
8.88,0.36752,-0.3085,0.23112
8.89,0.4573,-0.38139,0.12985
8.9,0.54175,-0.45134,0.027669
8.91,0.61989,-0.51794,-0.074236
8.92,0.69079,-0.58082,-0.17468
8.93,0.75362,-0.63968,-0.27252
8.94,0.80763,-0.69427,-0.36666
8.95,0.85217,-0.7444,-0.45606
8.96,0.8867,-0.78994,-0.53975
8.97,0.91081,-0.83081,-0.61686
8.98,0.92419,-0.86699,-0.6866
8.99,0.92667,-0.89851,-0.7483
9,0.9182,-0.92543,-0.8014
9.01,0.89886,-0.94788,-0.84545
9.02,0.86886,-0.96602,-0.88013
9.03,0.82854,-0.98004,-0.90526
9.04,0.77834,-0.99014,-0.92076
9.05,0.71885,-0.99659,-0.92669
9.06,0.65075,-0.99964,-0.92323
9.07,0.57482,-0.99957,-0.91069
9.08,0.49193,-0.99665,-0.88947
9.09,0.40306,-0.99117,-0.86009
9.1,0.30923,-0.98341,-0.82317
9.11,0.21153,-0.97365,-0.7794
9.12,0.11109,-0.96214,-0.72956
9.13,0.0090848,-0.94913,-0.67447
9.14,-0.093305,-0.93483,-0.61504
9.15,-0.19489,-0.91946,-0.55217
9.16,-0.2945,-0.90318,-0.48681
9.17,-0.39098,-0.88614,-0.41991
9.18,-0.48321,-0.86847,-0.35241
9.19,-0.57014,-0.85024,-0.28525
9.2,-0.65077,-0.83153,-0.2193
9.21,-0.72418,-0.81236,-0.15544
9.22,-0.78954,-0.79273,-0.094438
9.23,-0.84612,-0.77264,-0.037031
9.24,-0.8933,-0.75203,0.016131
9.25,-0.93055,-0.73083,0.064485
9.26,-0.9575,-0.70897,0.10756
9.27,-0.97386,-0.68635,0.14497
9.28,-0.97951,-0.66286,0.17644
9.29,-0.97442,-0.63838,0.2018
9.3,-0.95871,-0.61279,0.22099
9.31,-0.93263,-0.58598,0.23403
9.32,-0.89654,-0.55783,0.24106
9.33,-0.85093,-0.52824,0.24231
9.34,-0.79638,-0.49711,0.23811
9.35,-0.73359,-0.46436,0.22886
9.36,-0.66337,-0.42994,0.21506
9.37,-0.58658,-0.39381,0.19725
9.38,-0.50419,-0.35595,0.17606
9.39,-0.41719,-0.31637,0.15214
9.4,-0.32666,-0.27511,0.12619
9.41,-0.23368,-0.23222,0.098948
9.42,-0.13938,-0.18781,0.071147
9.43,-0.044877,-0.14199,0.04353
9.44,0.048709,-0.094905,0.01683
9.45,0.14028,-0.046724,-0.0082423
9.46,0.22878,0.0023594,-0.031009
9.47,0.31318,0.052129,-0.050834
9.48,0.39254,0.10235,-0.067135
9.49,0.46598,0.15278,-0.079391
9.5,0.53268,0.20315,-0.087149
9.51,0.59194,0.25319,-0.090035
9.52,0.64316,0.30263,-0.087752
9.53,0.68584,0.35119,-0.080093
9.54,0.71957,0.39861,-0.066936
9.55,0.74411,0.44461,-0.048251
9.56,0.75929,0.48894,-0.024097
9.57,0.76508,0.53137,0.005379
9.58,0.76159,0.57167,0.039944
9.59,0.74902,0.60966,0.079283
9.6,0.7277,0.64515,0.123
9.61,0.69807,0.678,0.17064
9.62,0.66066,0.70811,0.22168
9.63,0.61613,0.73539,0.27553
9.64,0.5652,0.75978,0.33156
9.65,0.50868,0.78129,0.38913
9.66,0.44744,0.79992,0.44752
9.67,0.3824,0.81573,0.50605
9.68,0.31455,0.82881,0.56399
9.69,0.24488,0.83927,0.62064
9.7,0.17442,0.84726,0.67531
9.71,0.10419,0.85295,0.72732
9.72,0.035206,0.85654,0.77606
9.73,-0.031544,0.85824,0.82091
9.74,-0.095102,0.85829,0.86135
9.75,-0.15456,0.85694,0.89689
9.76,-0.20907,0.85444,0.92711
9.77,-0.25785,0.85104,0.95167
9.78,-0.30021,0.84701,0.97028
9.79,-0.33554,0.84259,0.98276
9.8,-0.36333,0.83802,0.98897
9.81,-0.38317,0.83353,0.98888
9.82,-0.39476,0.82934,0.98253
9.83,-0.39793,0.82562,0.97002
9.84,-0.39259,0.82253,0.95154
9.85,-0.37879,0.82021,0.92734
9.86,-0.35668,0.81875,0.89774
9.87,-0.32655,0.81821,0.86312
9.88,-0.28876,0.81863,0.8239
9.89,-0.24381,0.81999,0.78056
9.9,-0.19225,0.82224,0.7336
9.91,-0.13478,0.8253,0.68355
9.92,-0.072121,0.82904,0.63097
9.93,-0.0051093,0.83332,0.57642
9.94,0.065381,0.83793,0.52047
9.95,0.13842,0.84265,0.46367
9.96,0.21304,0.84723,0.40657
9.97,0.28826,0.85141,0.34968
9.98,0.36307,0.85487,0.2935
9.99,0.43647,0.85732,0.23848
10,0.50748,0.85843,0.18501
10.01,0.57512,0.85786,0.13347
10.02,0.63849,0.85531,0.084156
10.03,0.6967,0.85043,0.037322
10.04,0.74895,0.84292,-0.0068385
10.05,0.79449,0.83249,-0.048193
10.06,0.83266,0.81885,-0.086666
10.07,0.86289,0.80176,-0.12224
10.08,0.88471,0.781,-0.15496
10.09,0.89773,0.75639,-0.18491
10.1,0.9017,0.72778,-0.21225
10.11,0.89644,0.69507,-0.23715
10.12,0.88191,0.65822,-0.25985
10.13,0.85817,0.61721,-0.28062
10.14,0.8254,0.57209,-0.29973
10.15,0.78388,0.52295,-0.31751
10.16,0.73399,0.46995,-0.33427
10.17,0.67622,0.41328,-0.35036
10.18,0.61116,0.3532,-0.36608
10.19,0.53947,0.28998,-0.38178
10.2,0.46189,0.22399,-0.39775
10.21,0.37924,0.1556,-0.41427
10.22,0.2924,0.085242,-0.4316
10.23,0.20229,0.013367,-0.44996
10.24,0.10987,-0.059535,-0.46953
10.25,0.016134,-0.13295,-0.49045
10.26,-0.077918,-0.20636,-0.51281
10.27,-0.17128,-0.2792,-0.53664
10.28,-0.26295,-0.35094,-0.56194
10.29,-0.35196,-0.42103,-0.58864
10.3,-0.43736,-0.48893,-0.61664
10.31,-0.51825,-0.55411,-0.64576
10.32,-0.59377,-0.61606,-0.67579
10.33,-0.66314,-0.6743,-0.70648
10.34,-0.72564,-0.72838,-0.73754
10.35,-0.78063,-0.7779,-0.76861
10.36,-0.82755,-0.82247,-0.79935
10.37,-0.86593,-0.86178,-0.82936
10.38,-0.89541,-0.89557,-0.85823
10.39,-0.91572,-0.9236,-0.88555
10.4,-0.92666,-0.94572,-0.91089
10.41,-0.92819,-0.96183,-0.93383
10.42,-0.92032,-0.97189,-0.95397
10.43,-0.90317,-0.97592,-0.97091
10.44,-0.87697,-0.974,-0.9843
10.45,-0.84204,-0.96627,-0.99379
10.46,-0.79878,-0.95294,-0.99911
10.47,-0.74766,-0.93425,-0.99999
10.48,-0.68925,-0.91051,-0.99625
10.49,-0.62418,-0.88208,-0.98772
10.5,-0.55312,-0.84936,-0.97434
10.51,-0.47681,-0.81278,-0.95607
10.52,-0.39604,-0.77282,-0.93295
10.53,-0.3116,-0.72998,-0.90506
10.54,-0.22434,-0.68479,-0.87258
10.55,-0.1351,-0.63777,-0.83572
10.56,-0.044723,-0.58949,-0.79475
10.57,0.045942,-0.54048,-0.75001
10.58,0.13607,-0.49131,-0.70189
10.59,0.22485,-0.44252,-0.6508
10.6,0.31153,-0.39461,-0.59723
10.61,0.39535,-0.3481,-0.54166
10.62,0.47565,-0.30346,-0.48464
10.63,0.55179,-0.26113,-0.4267
10.64,0.62319,-0.22153,-0.3684
10.65,0.68934,-0.185,-0.3103
10.66,0.74981,-0.15187,-0.25295
10.67,0.80421,-0.12242,-0.19689
10.68,0.85225,-0.096862,-0.14264
10.69,0.89369,-0.07537,-0.090678
10.7,0.92838,-0.058061,-0.041458
10.71,0.95622,-0.045,0.0046184
10.72,0.9772,-0.036199,0.047199
10.73,0.99138,-0.031618,0.085988
10.74,0.99886,-0.031167,0.12075
10.75,0.99981,-0.03471,0.15131
10.76,0.99447,-0.042063,0.17757
10.77,0.98311,-0.053002,0.19949
10.78,0.96605,-0.067263,0.2171
10.79,0.94364,-0.084549,0.23052
10.8,0.9163,-0.10453,0.2399
10.81,0.88442,-0.12686,0.24548
10.82,0.84844,-0.15116,0.24755
10.83,0.80882,-0.17704,0.24648
10.84,0.76602,-0.20411,0.24265
10.85,0.72047,-0.23195,0.2365
10.86,0.67264,-0.26016,0.22854
10.87,0.62296,-0.28834,0.21925
10.88,0.57187,-0.31608,0.20917
10.89,0.51975,-0.34302,0.19884
10.9,0.46698,-0.36878,0.1888
10.91,0.41392,-0.39302,0.1796
10.92,0.36089,-0.41541,0.17174
10.93,0.30817,-0.43566,0.16573
10.94,0.256,-0.4535,0.16203
10.95,0.20461,-0.46868,0.16106
10.96,0.15418,-0.481,0.16319
10.97,0.10484,-0.49029,0.16874
10.98,0.056705,-0.4964,0.17795
10.99,0.0098545,-0.49922,0.19103
11,-0.03567,-0.49868,0.20808
11.01,-0.079853,-0.49473,0.22915
11.02,-0.1227,-0.48736,0.2542
11.03,-0.16426,-0.47658,0.28311
11.04,-0.20456,-0.46244,0.31571
11.05,-0.24368,-0.44501,0.35172
11.06,-0.28171,-0.42439,0.39081
11.07,-0.31871,-0.40068,0.43259
11.08,-0.35479,-0.37403,0.47658
11.09,-0.39003,-0.34459,0.52225
11.1,-0.42452,-0.31253,0.56905
11.11,-0.45834,-0.27803,0.61635
11.12,-0.49154,-0.24128,0.66351
11.13,-0.5242,-0.20249,0.70985
11.14,-0.55635,-0.16185,0.7547
11.15,-0.588,-0.11958,0.79735
11.16,-0.61916,-0.075904,0.83714
11.17,-0.6498,-0.031028,0.87339
11.18,-0.67989,0.014826,0.90546
11.19,-0.70937,0.06144,0.93276
11.2,-0.73813,0.1086,0.95472
11.21,-0.76609,0.15608,0.97086
11.22,-0.79311,0.20368,0.98072
11.23,-0.81905,0.25118,0.98395
11.24,-0.84376,0.29837,0.98026
11.25,-0.86706,0.34504,0.96944
11.26,-0.88876,0.39099,0.95138
11.27,-0.90869,0.43599,0.92606
11.28,-0.92664,0.47985,0.89354
11.29,-0.94243,0.52236,0.85398
11.3,-0.95587,0.56331,0.80764
11.31,-0.96677,0.60249,0.75485
11.32,-0.97497,0.63969,0.69606
11.33,-0.98031,0.6747,0.63178
11.34,-0.98264,0.70731,0.56259
11.35,-0.98186,0.73731,0.48916
11.36,-0.97787,0.76449,0.41221
11.37,-0.9706,0.78863,0.33253
11.38,-0.96002,0.80953,0.25094
11.39,-0.94612,0.82698,0.16828
11.4,-0.92893,0.84078,0.085442
11.41,-0.90852,0.85075,0.0033136
11.42,-0.88497,0.8567,-0.077216
11.43,-0.85841,0.85846,-0.15527
11.44,-0.82901,0.85587,-0.22998
11.45,-0.79696,0.84879,-0.30054
11.46,-0.76249,0.8371,-0.36617
11.47,-0.72584,0.82071,-0.42613
11.48,-0.68731,0.79953,-0.47979
11.49,-0.6472,0.77353,-0.52654
11.5,-0.60582,0.74268,-0.56589
11.51,-0.56352,0.70702,-0.59743
11.52,-0.52066,0.66659,-0.62082
11.53,-0.47758,0.6215,-0.63585
11.54,-0.43466,0.57187,-0.6424
11.55,-0.39227,0.51788,-0.64043
11.56,-0.35074,0.45975,-0.63004
11.57,-0.31044,0.39775,-0.61142
11.58,-0.2717,0.33218,-0.58483
11.59,-0.23484,0.26339,-0.55068
11.6,-0.20013,0.19177,-0.50942
11.61,-0.16785,0.11777,-0.46162
11.62,-0.13823,0.041837,-0.40791
11.63,-0.11148,-0.035503,-0.349
11.64,-0.087751,-0.11371,-0.28566
11.65,-0.067173,-0.19223,-0.2187
11.66,-0.049831,-0.27045,-0.14899
11.67,-0.035768,-0.34777,-0.07741
11.68,-0.024985,-0.42355,-0.0048732
11.69,-0.017441,-0.49717,0.067706
11.7,-0.013051,-0.56799,0.13942
11.71,-0.01169,-0.63539,0.20936
11.72,-0.013195,-0.69873,0.27668
11.73,-0.017362,-0.75744,0.34054
11.74,-0.023954,-0.81092,0.40014
11.75,-0.032702,-0.85865,0.45478
11.76,-0.043308,-0.90013,0.50379
11.77,-0.05545,-0.93491,0.54658
11.78,-0.068784,-0.96259,0.58265
11.79,-0.082952,-0.98282,0.61157
11.8,-0.097581,-0.99534,0.63302
11.81,-0.1123,-0.99995,0.64676
11.82,-0.12672,-0.9965,0.65264
11.83,-0.14046,-0.98495,0.65064
11.84,-0.15317,-0.96532,0.64078
11.85,-0.16449,-0.93772,0.62323
11.86,-0.17407,-0.90233,0.59822
11.87,-0.1816,-0.85942,0.56607
11.88,-0.18679,-0.80935,0.52719
11.89,-0.18937,-0.75253,0.48205
11.9,-0.18911,-0.68947,0.43121
11.91,-0.18583,-0.62074,0.37528
11.92,-0.17935,-0.54698,0.31492
11.93,-0.16957,-0.46888,0.25085
11.94,-0.15641,-0.38719,0.18378
11.95,-0.13982,-0.3027,0.11451
11.96,-0.11981,-0.21624,0.043789
11.97,-0.09644,-0.12865,-0.027587
11.98,-0.069783,-0.040823,-0.098845
11.99,-0.039969,0.046378,-0.16923
12,-0.0071608,0.13207,-0.23799
12.01,0.028445,0.2154,-0.30444
12.02,0.066618,0.29552,-0.36792
12.03,0.1071,0.37164,-0.42782
12.04,0.14961,0.44298,-0.48357
12.05,0.19384,0.50883,-0.5347
12.06,0.23947,0.56857,-0.58077
12.07,0.28617,0.6216,-0.62143
12.08,0.33358,0.66743,-0.65641
12.09,0.38137,0.70565,-0.68549
12.1,0.42917,0.73593,-0.70856
12.11,0.47666,0.75806,-0.72555
12.12,0.52349,0.77188,-0.73651
12.13,0.56933,0.77739,-0.74152
12.14,0.61388,0.77465,-0.74075
12.15,0.65685,0.76383,-0.73444
12.16,0.69798,0.74521,-0.7229
12.17,0.73702,0.71916,-0.70647
12.18,0.77375,0.68614,-0.68556
12.19,0.808,0.64669,-0.66063
12.2,0.8396,0.60146,-0.63215
12.21,0.86844,0.55114,-0.60064
12.22,0.89443,0.4965,-0.56665
12.23,0.9175,0.43836,-0.53072
12.24,0.93764,0.37758,-0.49343
12.25,0.95484,0.31507,-0.45532
12.26,0.96913,0.25174,-0.41696
12.27,0.98058,0.18851,-0.37888
12.28,0.98928,0.12632,-0.34159
12.29,0.99532,0.066071,-0.30559
12.3,0.99885,0.008647,-0.27133
12.31,1,-0.04511,-0.23922
12.32,0.99894,-0.09441,-0.20965
12.33,0.99584,-0.13852,-0.18293
12.34,0.99087,-0.17679,-0.15935
12.35,0.98423,-0.20864,-0.13913
12.36,0.97608,-0.23358,-0.12243
12.37,0.96662,-0.25122,-0.10938
12.38,0.95602,-0.26128,-0.10003
12.39,0.94444,-0.26358,-0.094385
12.4,0.93204,-0.25804,-0.092406
12.41,0.91896,-0.24472,-0.093989
12.42,0.90533,-0.22376,-0.098988
12.43,0.89125,-0.19542,-0.10721
12.44,0.87681,-0.16009,-0.11842
12.45,0.86208,-0.11824,-0.13234
12.46,0.84712,-0.070449,-0.14866
12.47,0.83194,-0.017376,-0.16705
12.48,0.81655,0.040228,-0.18715
12.49,0.80093,0.10154,-0.20857
12.5,0.78506,0.16568,-0.23091
12.51,0.76888,0.23171,-0.25378
12.52,0.75233,0.29866,-0.27676
12.53,0.73532,0.36553,-0.29944
12.54,0.71775,0.43131,-0.32142
12.55,0.69953,0.495,-0.34231
12.56,0.68054,0.5556,-0.36171
12.57,0.66067,0.61215,-0.37928
12.58,0.6398,0.66373,-0.39466
12.59,0.61782,0.70947,-0.40755
12.6,0.59461,0.74859,-0.41765
12.61,0.57008,0.78036,-0.42471
12.62,0.54414,0.80415,-0.4285
12.63,0.51669,0.81944,-0.42882
12.64,0.48769,0.82581,-0.42553
12.65,0.45709,0.82295,-0.41849
12.66,0.42485,0.81067,-0.40763
12.67,0.39097,0.78892,-0.39289
12.68,0.35547,0.75774,-0.37427
12.69,0.31839,0.71733,-0.35179
12.7,0.27979,0.66801,-0.32551
12.71,0.23975,0.61019,-0.29551
12.72,0.19839,0.54443,-0.26194
12.73,0.15584,0.47139,-0.22494
12.74,0.11225,0.39183,-0.1847
12.75,0.067784,0.3066,-0.14144
12.76,0.022645,0.21664,-0.095387
12.77,-0.022967,0.12297,-0.046813
12.78,-0.068832,0.026638,0.0039976
12.79,-0.11472,-0.071228,0.056742
12.8,-0.1604,-0.16949,0.1111
12.81,-0.20562,-0.26699,0.16673
12.82,-0.25014,-0.36256,0.22329
12.83,-0.29373,-0.45507,0.28042
12.84,-0.33615,-0.54338,0.33774
12.85,-0.37717,-0.62644,0.39489
12.86,-0.41658,-0.70322,0.45148
12.87,-0.45419,-0.77279,0.50713
12.88,-0.4898,-0.83429,0.56147
12.89,-0.52327,-0.88695,0.61411
12.9,-0.55446,-0.93013,0.66467
12.91,-0.58325,-0.96328,0.7128
12.92,-0.60955,-0.986,0.75813
12.93,-0.63331,-0.99799,0.80031
12.94,-0.65451,-0.99912,0.839
12.95,-0.67313,-0.98937,0.87389
12.96,-0.68921,-0.96886,0.90466
12.97,-0.7028,-0.93785,0.93105
12.98,-0.71399,-0.89675,0.95278
12.99,-0.72289,-0.84608,0.96961
13,-0.72962,-0.78648,0.98133
13.01,-0.73435,-0.71872,0.98777
13.02,-0.73724,-0.64367,0.98875
13.03,-0.7385,-0.5623,0.98417
13.04,-0.73831,-0.47565,0.97394
13.05,-0.7369,-0.38484,0.95801
13.06,-0.73448,-0.29104,0.93636
13.07,-0.73128,-0.19545,0.90903
13.08,-0.72751,-0.099329,0.87608
13.09,-0.72339,-0.0039058,0.83763
13.1,-0.71912,0.089579,0.79382
13.11,-0.71489,0.17991,0.74487
13.12,-0.71089,0.26592,0.691
13.13,-0.70725,0.34649,0.63251
13.14,-0.70412,0.42057,0.56973
13.15,-0.70161,0.48718,0.50302
13.16,-0.69978,0.54547,0.4328
13.17,-0.69869,0.59468,0.35951
13.18,-0.69835,0.63414,0.28364
13.19,-0.69875,0.66336,0.20571
13.2,-0.69985,0.68194,0.12628
13.21,-0.70155,0.68963,0.045908
13.22,-0.70374,0.68634,-0.034799
13.23,-0.70629,0.67209,-0.11522
13.24,-0.70902,0.64706,-0.19474
13.25,-0.71172,0.61159,-0.27272
13.26,-0.71417,0.56612,-0.34851
13.27,-0.71612,0.51124,-0.42148
13.28,-0.71732,0.44766,-0.49102
13.29,-0.71747,0.37621,-0.5565
13.3,-0.71629,0.29782,-0.61736
13.31,-0.71349,0.2135,-0.67303
13.32,-0.70877,0.12436,-0.72298
13.33,-0.70185,0.031543,-0.76674
13.34,-0.69243,-0.063727,-0.80387
13.35,-0.68026,-0.16021,-0.83399
13.36,-0.66509,-0.25665,-0.85677
13.37,-0.64669,-0.35178,-0.87194
13.38,-0.62486,-0.44437,-0.87931
13.39,-0.59945,-0.53319,-0.87873
13.4,-0.57033,-0.61708,-0.87015
13.41,-0.5374,-0.69494,-0.85358
13.42,-0.50062,-0.76574,-0.82911
13.43,-0.46,-0.82855,-0.79688
13.44,-0.41559,-0.88254,-0.75715
13.45,-0.36747,-0.92698,-0.71021
13.46,-0.31579,-0.96127,-0.65645
13.47,-0.26076,-0.98495,-0.59631
13.48,-0.20261,-0.99768,-0.53031
13.49,-0.14163,-0.99926,-0.459
13.5,-0.07817,-0.98965,-0.38303
13.51,-0.012601,-0.96893,-0.30307
13.52,0.054655,-0.93734,-0.21983
13.53,0.12314,-0.89524,-0.13406
13.54,0.19236,-0.84313,-0.046547
13.55,0.26181,-0.78165,0.041909
13.56,0.33095,-0.71154,0.1305
13.57,0.39921,-0.63364,0.21841
13.58,0.46604,-0.54892,0.30483
13.59,0.53086,-0.45841,0.38898
13.6,0.59311,-0.36321,0.47007
13.61,0.65223,-0.26448,0.54737
13.62,0.70766,-0.16344,0.62019
13.63,0.75889,-0.061311,0.68786
13.64,0.80542,0.040661,0.7498
13.65,0.84678,0.14124,0.80546
13.66,0.88254,0.2392,0.85436
13.67,0.91232,0.33336,0.89612
13.68,0.93579,0.4226,0.93039
13.69,0.95266,0.50584,0.95694
13.7,0.9627,0.58209,0.97559
13.71,0.96576,0.65046,0.98625
13.72,0.96172,0.71013,0.98892
13.73,0.95054,0.76043,0.98368
13.74,0.93225,0.80076,0.97068
13.75,0.90693,0.83069,0.95014
13.76,0.87473,0.8499,0.92237
13.77,0.83587,0.85818,0.88774
13.78,0.79061,0.85548,0.84669
13.79,0.7393,0.84189,0.7997
13.8,0.68233,0.81759,0.74731
13.81,0.62012,0.78294,0.6901
13.82,0.55316,0.73838,0.62869
13.83,0.48199,0.68448,0.56372
13.84,0.40716,0.62192,0.49586
13.85,0.32927,0.55148,0.42576
13.86,0.24894,0.47401,0.35411
13.87,0.16679,0.39045,0.28156
13.88,0.083484,0.3018,0.20877
13.89,-0.00033671,0.20911,0.13635
13.9,-0.08402,0.11348,0.064909
13.91,-0.16692,0.015994,-0.005006
13.92,-0.24842,-0.082214,-0.072879
13.93,-0.32791,-0.18003,-0.13825
13.94,-0.4048,-0.27637,-0.20069
13.95,-0.47856,-0.37016,-0.25987
13.96,-0.54866,-0.46039,-0.31547
13.97,-0.61464,-0.54608,-0.36727
13.98,-0.67607,-0.62636,-0.4151
13.99,-0.73258,-0.70038,-0.45885
14,-0.78382,-0.76742,-0.49845
14.01,-0.82954,-0.82683,-0.53394
14.02,-0.8695,-0.87807,-0.56536
14.03,-0.90354,-0.92069,-0.59284
14.04,-0.93154,-0.95436,-0.61655
14.05,-0.95345,-0.97884,-0.63667
14.06,-0.96925,-0.99403,-0.65347
14.07,-0.97899,-0.9999,-0.6672
14.08,-0.98277,-0.99654,-0.67817
14.09,-0.98071,-0.98415,-0.68668
14.1,-0.973,-0.96302,-0.69305
14.11,-0.95984,-0.93352,-0.6976
14.12,-0.9415,-0.89612,-0.70065
14.13,-0.91825,-0.85134,-0.7025
14.14,-0.89038,-0.79979,-0.70343
14.15,-0.85824,-0.74213,-0.7037
14.16,-0.82215,-0.67905,-0.70353
14.17,-0.78247,-0.61129,-0.70312
14.18,-0.73956,-0.53962,-0.70262
14.19,-0.69377,-0.46481,-0.70214
14.2,-0.64546,-0.38763,-0.70173
14.21,-0.59498,-0.30887,-0.70142
14.22,-0.54268,-0.22927,-0.70118
14.23,-0.48887,-0.14956,-0.70092
14.24,-0.43388,-0.070449,-0.70052
14.25,-0.37798,0.0074261,-0.69981
14.26,-0.32147,0.083457,-0.69859
14.27,-0.26459,0.1571,-0.69661
14.28,-0.20757,0.22786,-0.69358
14.29,-0.15061,0.29532,-0.68922
14.3,-0.0939,0.35913,-0.6832
14.31,-0.037606,0.419,-0.67518
14.32,0.018135,0.47471,-0.66484
14.33,0.0732,0.52612,-0.65183
14.34,0.12749,0.57315,-0.63582
14.35,0.1809,0.61577,-0.61652
14.36,0.23338,0.65405,-0.59364
14.37,0.28484,0.68807,-0.56694
14.38,0.33524,0.718,-0.5362
14.39,0.38453,0.74402,-0.50127
14.4,0.43264,0.76639,-0.46204
14.41,0.47954,0.78536,-0.41846
14.42,0.52516,0.80123,-0.37056
14.43,0.56945,0.81431,-0.31841
14.44,0.61233,0.82493,-0.26216
14.45,0.65372,0.83339,-0.20204
14.46,0.69354,0.84002,-0.13834
14.47,0.73167,0.84512,-0.071428
14.48,0.768,0.84897,-0.0017303
14.49,0.80238,0.85184,0.070254
14.5,0.83466,0.85394,0.14397
14.51,0.86467,0.85547,0.2188
14.52,0.89224,0.85659,0.29408
14.53,0.91716,0.8574,0.36912
14.54,0.93924,0.85798,0.44318
14.55,0.95825,0.85833,0.51551
14.56,0.97398,0.85844,0.58532
14.57,0.98621,0.85823,0.65184
14.58,0.99471,0.85759,0.71431
14.59,0.99928,0.85637,0.77198
14.6,0.9997,0.85436,0.82412
14.61,0.99579,0.85135,0.87006
14.62,0.98736,0.84708,0.90917
14.63,0.97427,0.84126,0.94087
14.64,0.95639,0.8336,0.96468
14.65,0.93363,0.8238,0.98016
14.66,0.90593,0.81154,0.987
14.67,0.87326,0.79652,0.98495
14.68,0.83566,0.77845,0.97387
14.69,0.79318,0.75703,0.95373
14.7,0.74595,0.73202,0.92461
14.71,0.69412,0.7032,0.88668
14.72,0.63792,0.67038,0.84025
14.73,0.57761,0.63342,0.7857
14.74,0.51352,0.59223,0.72354
14.75,0.44601,0.54676,0.65439
14.76,0.3755,0.49704,0.57894
14.77,0.30246,0.44314,0.49797
14.78,0.22741,0.38521,0.41237
14.79,0.1509,0.32344,0.32306
14.8,0.073515,0.25811,0.23104
14.81,-0.004123,0.18954,0.13737
14.82,-0.081369,0.11812,0.043103
14.83,-0.15756,0.044297,-0.050647
14.84,-0.23201,-0.031424,-0.14278
14.85,-0.30405,-0.1085,-0.23219
14.86,-0.37299,-0.18633,-0.3178
14.87,-0.43817,-0.26428,-0.39858
14.88,-0.49894,-0.34171,-0.47353
14.89,-0.55467,-0.41792,-0.54171
14.9,-0.60477,-0.49222,-0.60229
14.91,-0.6487,-0.56391,-0.65448
14.92,-0.68596,-0.63229,-0.69762
14.93,-0.71611,-0.69667,-0.73116
14.94,-0.73877,-0.75639,-0.75464
14.95,-0.75364,-0.8108,-0.76776
14.96,-0.76049,-0.85932,-0.77031
14.97,-0.75916,-0.9014,-0.76224
14.98,-0.74958,-0.93653,-0.74362
14.99,-0.73178,-0.96428,-0.71467
15,-0.70586,-0.98429,-0.67573
15.01,-0.67202,-0.99627,-0.62726
15.02,-0.63054,-1,-0.56988
15.03,-0.58179,-0.99535,-0.50429
15.04,-0.52623,-0.98228,-0.43132
15.05,-0.4644,-0.96083,-0.35188
15.06,-0.39692,-0.93112,-0.267
15.07,-0.32447,-0.89338,-0.17776
15.08,-0.24781,-0.84791,-0.085299
15.09,-0.16775,-0.7951,0.0091803
15.1,-0.085147,-0.7354,0.10445
15.11,-0.00089979,-0.66937,0.19928
15.12,0.084059,-0.59761,0.29241
15.13,0.16878,-0.52081,0.38263
15.14,0.2523,-0.43968,0.46874
15.15,0.33367,-0.355,0.5496
15.16,0.41193,-0.2676,0.62412
15.17,0.48617,-0.17832,0.69131
15.18,0.5555,-0.088028,0.75024
15.19,0.61908,0.0023996,0.80011
15.2,0.67612,0.092082,0.84022
15.21,0.72591,0.18015,0.87001
15.22,0.7678,0.26575,0.88903
15.23,0.80123,0.34805,0.89697
15.24,0.82574,0.42627,0.89367
15.25,0.84096,0.49967,0.87912
15.26,0.84662,0.56756,0.85344
15.27,0.84256,0.6293,0.8169
15.28,0.82874,0.68435,0.7699
15.29,0.80523,0.7322,0.713
15.3,0.77219,0.77245,0.64685
15.31,0.72994,0.80476,0.57225
15.32,0.67886,0.8289,0.4901
15.33,0.61946,0.8447,0.40137
15.34,0.55236,0.85209,0.30717
15.35,0.47825,0.85107,0.20862
15.36,0.39793,0.84174,0.10693
15.37,0.31228,0.82429,0.0033448
15.38,0.22223,0.79895,-0.10088
15.39,0.12877,0.76607,-0.20447
15.4,0.032966,0.72604,-0.30617
15.41,-0.064113,0.67932,-0.40474
15.42,-0.16136,0.62642,-0.499
15.43,-0.25766,0.56792,-0.5878
15.44,-0.3519,0.50441,-0.6701
15.45,-0.44298,0.43655,-0.74491
15.46,-0.52985,0.36499,-0.81136
15.47,-0.61148,0.29042,-0.86868
15.48,-0.6869,0.21354,-0.91621
15.49,-0.75522,0.13503,-0.95344
15.5,-0.8156,0.055589,-0.97996
15.51,-0.86732,-0.024121,-0.99552
15.52,-0.90975,-0.10345,-1
15.53,-0.94234,-0.18177,-0.99342
15.54,-0.96468,-0.2585,-0.97594
15.55,-0.97647,-0.3331,-0.94784
15.56,-0.97754,-0.40506,-0.90955
15.57,-0.96784,-0.47393,-0.86162
15.58,-0.94743,-0.53933,-0.80469
15.59,-0.91651,-0.6009,-0.73953
15.6,-0.87542,-0.65836,-0.66701
15.61,-0.8246,-0.71148,-0.58804
15.62,-0.7646,-0.76009,-0.50365
15.63,-0.6961,-0.80408,-0.41488
15.64,-0.61987,-0.84339,-0.32284
15.65,-0.53678,-0.87801,-0.22864
15.66,-0.44776,-0.90799,-0.13343
15.67,-0.35386,-0.9334,-0.038308
15.68,-0.25614,-0.9544,0.055605
15.69,-0.15572,-0.97114,0.14725
15.7,-0.053785,-0.98383,0.2356
15.71,0.048501,-0.99269,0.31971
15.72,0.14995,-0.99797,0.3987
15.73,0.24938,-0.99995,0.47177
15.74,0.34564,-0.9989,0.53823
15.75,0.43761,-0.99509,0.59747
15.76,0.52422,-0.98883,0.64901
15.77,0.60446,-0.98037,0.69247
15.78,0.67741,-0.97,0.72761
15.79,0.74222,-0.95796,0.75428
15.8,0.79814,-0.9445,0.77247
15.81,0.84454,-0.92982,0.78227
15.82,0.88087,-0.91413,0.78389
15.83,0.90673,-0.89758,0.77766
15.84,0.92183,-0.88032,0.764
15.85,0.92602,-0.86245,0.74341
15.86,0.91926,-0.84405,0.71651
15.87,0.90165,-0.82519,0.68396
15.88,0.87343,-0.80587,0.64649
15.89,0.83495,-0.78609,0.6049
15.9,0.78668,-0.76583,0.56
15.91,0.7292,-0.74503,0.51265
15.92,0.66323,-0.72363,0.4637
15.93,0.58954,-0.70152,0.41401
15.94,0.50902,-0.67862,0.36444
15.95,0.42263,-0.65481,0.31579
15.96,0.3314,-0.62998,0.26884
15.97,0.23641,-0.604,0.22433
15.98,0.13877,-0.57675,0.18293
15.99,0.039622,-0.54813,0.14523
16,-0.059872,-0.51804,0.11175
16.01,-0.15856,-0.48638,0.082926
16.02,-0.25532,-0.45308,0.059111
16.03,-0.34903,-0.41809,0.040553
16.04,-0.43864,-0.38138,0.027407
16.05,-0.52314,-0.34295,0.019729
16.06,-0.60161,-0.3028,0.017479
16.07,-0.67318,-0.26099,0.020521
16.08,-0.7371,-0.21759,0.028626
16.09,-0.7927,-0.17269,0.041477
16.1,-0.83943,-0.12643,0.058678
16.11,-0.87685,-0.078957,0.079754
16.12,-0.90464,-0.030453,0.10417
16.13,-0.92258,0.018884,0.13133
16.14,-0.93062,0.068832,0.16058
16.15,-0.92878,0.11915,0.19126
16.16,-0.91725,0.16959,0.22266
16.17,-0.89632,0.21988,0.25405
16.18,-0.86638,0.26975,0.28472
16.19,-0.82796,0.31893,0.31396
16.2,-0.78167,0.36714,0.34106
16.21,-0.72822,0.41411,0.36537
16.22,-0.66841,0.45958,0.38627
16.23,-0.60312,0.5033,0.40318
16.24,-0.53326,0.54505,0.41559
16.25,-0.45983,0.5846,0.42305
16.26,-0.38385,0.62177,0.42518
16.27,-0.30635,0.6564,0.4217
16.28,-0.22839,0.68835,0.41237
16.29,-0.15101,0.71752,0.39708
16.3,-0.075261,0.74384,0.37578
16.31,-0.0021307,0.76727,0.3485
16.32,0.067418,0.78782,0.31539
16.33,0.13248,0.8055,0.27665
16.34,0.19223,0.82039,0.23258
16.35,0.24589,0.83258,0.18354
16.36,0.2928,0.8422,0.12996
16.37,0.33238,0.8494,0.072345
16.38,0.36415,0.85437,0.01125
16.39,0.38775,0.8573,-0.052728
16.4,0.40293,0.85843,-0.11895
16.41,0.40954,0.85799,-0.18676
16.42,0.40756,0.85622,-0.25548
16.43,0.39709,0.85339,-0.3244
16.44,0.37833,0.84976,-0.39284
16.45,0.35161,0.84556,-0.46014
16.46,0.31735,0.84107,-0.52562
16.47,0.27608,0.83651,-0.58867
16.48,0.22843,0.83209,-0.64869
16.49,0.1751,0.82804,-0.70516
16.5,0.11688,0.82451,-0.75757
16.51,0.054619,0.82167,-0.80549
16.52,-0.01078,0.81962,-0.84857
16.53,-0.078367,0.81847,-0.8865
16.54,-0.14716,0.81825,-0.91905
16.55,-0.21618,0.81898,-0.94608
16.56,-0.28441,0.82064,-0.96749
16.57,-0.35086,0.82318,-0.98327
16.58,-0.41457,0.82648,-0.99349
16.59,-0.47459,0.83042,-0.99827
16.6,-0.53005,0.83483,-0.9978
16.61,-0.5801,0.8395,-0.99232
16.62,-0.62398,0.84421,-0.98215
16.63,-0.66101,0.84869,-0.96764
16.64,-0.69058,0.85266,-0.94916
16.65,-0.71219,0.85582,-0.92714
16.66,-0.72544,0.85785,-0.90204
16.67,-0.73001,0.85844,-0.87431
16.68,-0.72574,0.85725,-0.84442
16.69,-0.71253,0.85395,-0.81285
16.7,-0.69042,0.84824,-0.78006
16.71,-0.65955,0.83979,-0.74651
16.72,-0.6202,0.82831,-0.71261
16.73,-0.57271,0.81355,-0.67877
16.74,-0.51757,0.79526,-0.64534
16.75,-0.45533,0.77323,-0.61265
16.76,-0.38665,0.7473,-0.58098
16.77,-0.31227,0.71733,-0.55054
16.78,-0.23299,0.68325,-0.52151
16.79,-0.14968,0.64501,-0.49402
16.8,-0.063277,0.60262,-0.46813
16.81,0.025265,0.55615,-0.44386
16.82,0.11495,0.50571,-0.42115
16.83,0.20477,0.45146,-0.39993
16.84,0.29371,0.39362,-0.38006
16.85,0.38077,0.33246,-0.36135
16.86,0.46495,0.26828,-0.34359
16.87,0.54531,0.20144,-0.32651
16.88,0.62092,0.13235,-0.30985
16.89,0.69094,0.061428,-0.2933
16.9,0.75456,-0.010845,-0.27655
16.91,0.81106,-0.083976,-0.25927
16.92,0.8598,-0.15745,-0.24115
16.93,0.90022,-0.23073,-0.22188
16.94,0.93187,-0.30327,-0.20114
16.95,0.95438,-0.37452,-0.17868
16.96,0.96749,-0.44394,-0.15424
16.97,0.97104,-0.51098,-0.12761
16.98,0.965,-0.57514,-0.098604
16.99,0.94941,-0.63591,-0.067105
17,0.92443,-0.69281,-0.033025
17.01,0.89033,-0.74541,0.0036676
17.02,0.84748,-0.79332,0.042952
17.03,0.79631,-0.83617,0.084752
17.04,0.73738,-0.87367,0.12894
17.05,0.6713,-0.90556,0.17533
17.06,0.59876,-0.93163,0.22369
17.07,0.52053,-0.95176,0.27373
17.08,0.43741,-0.96585,0.32512
17.09,0.35025,-0.9739,0.3775
17.1,0.25994,-0.97593,0.43046
17.11,0.1674,-0.97206,0.48355
17.12,0.073547,-0.96244,0.53632
17.13,-0.020687,-0.94729,0.58828
17.14,-0.11438,-0.92688,0.63896
17.15,-0.20663,-0.90154,0.68786
17.16,-0.29656,-0.87163,0.7345
17.17,-0.38334,-0.83757,0.77841
17.18,-0.46616,-0.79981,0.81913
17.19,-0.54429,-0.75884,0.85626
17.2,-0.61704,-0.71515,0.8894
17.21,-0.68381,-0.66929,0.91821
17.22,-0.74405,-0.62179,0.9424
17.23,-0.79729,-0.5732,0.96173
17.24,-0.84315,-0.52409,0.976
17.25,-0.88132,-0.47498,0.9851
17.26,-0.91159,-0.42642,0.98897
17.27,-0.93381,-0.37893,0.98761
17.28,-0.94793,-0.33299,0.98108
17.29,-0.95399,-0.28907,0.96953
17.3,-0.95207,-0.24761,0.95316
17.31,-0.94237,-0.20899,0.93222
17.32,-0.92514,-0.17356,0.90703
17.33,-0.90069,-0.14163,0.87797
17.34,-0.8694,-0.11346,0.84544
17.35,-0.83171,-0.089239,0.80992
17.36,-0.78809,-0.069131,0.77189
17.37,-0.73905,-0.053234,0.73187
17.38,-0.68516,-0.041594,0.69042
17.39,-0.62698,-0.034206,0.64808
17.4,-0.56511,-0.031014,0.6054
17.41,-0.50015,-0.031913,0.56295
17.42,-0.43272,-0.036748,0.52125
17.43,-0.3634,-0.045323,0.48082
17.44,-0.2928,-0.0574,0.44214
17.45,-0.22148,-0.072704,0.40566
17.46,-0.14999,-0.090928,0.37177
17.47,-0.078862,-0.11173,0.34083
17.48,-0.0085742,-0.13476,0.31311
17.49,0.060423,-0.15963,0.28886
17.5,0.12772,-0.18595,0.26824
17.51,0.19295,-0.21332,0.25132
17.52,0.2558,-0.24133,0.23815
17.53,0.316,-0.26957,0.22868
17.54,0.37331,-0.29765,0.22278
17.55,0.42756,-0.32517,0.22027
17.56,0.47862,-0.35176,0.22089
17.57,0.52641,-0.37705,0.22434
17.58,0.57087,-0.40071,0.23024
17.59,0.612,-0.42242,0.23817
17.6,0.64983,-0.44189,0.24767
17.61,0.68443,-0.45886,0.25823
17.62,0.71588,-0.47311,0.26931
17.63,0.74432,-0.48444,0.28037
17.64,0.76987,-0.49268,0.29084
17.65,0.79268,-0.49771,0.30016
17.66,0.81293,-0.49941,0.30776
17.67,0.83079,-0.49774,0.31312
17.68,0.84642,-0.49265,0.3157
17.69,0.86001,-0.48414,0.31504
17.7,0.87171,-0.47224,0.31069
17.71,0.88169,-0.45699,0.30229
17.72,0.89009,-0.43849,0.28949
17.73,0.89704,-0.41682,0.27204
17.74,0.90265,-0.39212,0.24976
17.75,0.90702,-0.36452,0.22253
17.76,0.9102,-0.33419,0.19031
17.77,0.91226,-0.30129,0.15316
17.78,0.91321,-0.26602,0.11121
17.79,0.91307,-0.22857,0.064661
17.8,0.9118,-0.18913,0.013807
17.81,0.90938,-0.14793,-0.040983
17.82,0.90575,-0.10517,-0.099268
17.83,0.90083,-0.061068,-0.16054
17.84,0.89453,-0.015842,-0.22422
17.85,0.88675,0.03029,-0.28969
17.86,0.8774,0.07711,-0.35626
17.87,0.86634,0.1244,-0.42324
17.88,0.85347,0.17195,-0.48987
17.89,0.83868,0.21954,-0.5554
17.9,0.82186,0.26696,-0.61906
17.91,0.8029,0.314,-0.68009
17.92,0.78172,0.36045,-0.73773
17.93,0.75825,0.4061,-0.79125
17.94,0.73243,0.45075,-0.83997
17.95,0.70424,0.49418,-0.88324
17.96,0.67366,0.5362,-0.92045
17.97,0.64071,0.57658,-0.95109
17.98,0.60544,0.61512,-0.9747
17.99,0.56792,0.65162,-0.99089
18,0.52825,0.68585,-0.99938
18.01,0.48655,0.71761,-0.99995
18.02,0.443,0.74669,-0.9925
18.03,0.39777,0.77288,-0.97702
18.04,0.35109,0.79596,-0.95359
18.05,0.30319,0.81574,-0.92239
18.06,0.25433,0.832,-0.88371
18.07,0.20479,0.84454,-0.83791
18.08,0.15489,0.85319,-0.78547
18.09,0.10491,0.85776,-0.72693
18.1,0.055203,0.85809,-0.66292
18.11,0.0060811,0.85402,-0.59414
18.12,-0.042121,0.84541,-0.52134
18.13,-0.089074,0.83216,-0.44535
18.14,-0.13446,0.81418,-0.36703
18.15,-0.17796,0.7914,-0.28725
18.16,-0.21929,0.76378,-0.20693
18.17,-0.25816,0.73133,-0.127
18.18,-0.29433,0.69407,-0.048367
18.19,-0.32757,0.65207,0.028058
18.2,-0.35768,0.60545,0.1014
18.21,-0.3845,0.55435,0.17081
18.22,-0.4079,0.49895,0.23549
18.23,-0.4278,0.4395,0.29471
18.24,-0.44413,0.37627,0.34779
18.25,-0.4569,0.30959,0.39414
18.26,-0.46613,0.23981,0.43324
18.27,-0.47189,0.16735,0.46467
18.28,-0.4743,0.092645,0.48809
18.29,-0.47351,0.016188,0.50328
18.3,-0.4697,-0.061504,0.5101
18.31,-0.46311,-0.13988,0.50852
18.32,-0.45399,-0.21836,0.49862
18.33,-0.44262,-0.29635,0.48057
18.34,-0.42932,-0.37323,0.45464
18.35,-0.41442,-0.44836,0.42121
18.36,-0.39828,-0.52112,0.38073
18.37,-0.38126,-0.59087,0.33374
18.38,-0.36374,-0.65698,0.28087
18.39,-0.3461,-0.71885,0.22279
18.4,-0.32872,-0.77587,0.16025
18.41,-0.31197,-0.8275,0.094056
18.42,-0.29622,-0.8732,0.02503
18.43,-0.2818,-0.91249,-0.045962
18.44,-0.26906,-0.94494,-0.11804
18.45,-0.25829,-0.97017,-0.19032
18.46,-0.24976,-0.98786,-0.26193
18.47,-0.24373,-0.99777,-0.33199
18.48,-0.24041,-0.9997,-0.39967
18.49,-0.23996,-0.99355,-0.46417
18.5,-0.24253,-0.9793,-0.52473
18.51,-0.2482,-0.957,-0.58065
18.52,-0.25702,-0.92677,-0.63131
18.53,-0.26901,-0.88885,-0.67613
18.54,-0.28412,-0.84351,-0.71462
18.55,-0.30228,-0.79113,-0.74638
18.56,-0.32338,-0.73218,-0.77109
18.57,-0.34726,-0.66716,-0.78852
18.58,-0.37371,-0.59668,-0.79852
18.59,-0.40252,-0.52139,-0.80104
18.6,-0.43341,-0.44201,-0.79613
18.61,-0.46611,-0.3593,-0.78391
18.62,-0.5003,-0.27406,-0.7646
18.63,-0.53564,-0.18712,-0.73848
18.64,-0.57179,-0.099361,-0.70593
18.65,-0.60838,-0.011642,-0.6674
18.66,-0.64504,0.075154,-0.62337
18.67,-0.68142,0.16015,-0.57442
18.68,-0.71713,0.24251,-0.52114
18.69,-0.75181,0.32138,-0.4642
18.7,-0.78513,0.39598,-0.40425
18.71,-0.81673,0.46557,-0.34201
18.72,-0.84631,0.52946,-0.27817
18.73,-0.87358,0.58702,-0.21345
18.74,-0.89826,0.6377,-0.14856
18.75,-0.92012,0.68103,-0.084186
18.76,-0.93896,0.71664,-0.020993
18.77,-0.95459,0.74422,0.040383
18.78,-0.96689,0.76359,0.099348
18.79,-0.97575,0.77464,0.15535
18.8,-0.9811,0.77739,0.2079
18.81,-0.98291,0.77193,0.25655
18.82,-0.9812,0.75847,0.30092
18.83,-0.97598,0.73733,0.3407
18.84,-0.96735,0.7089,0.37565
18.85,-0.95541,0.67367,0.40558
18.86,-0.94028,0.63223,0.43039
18.87,-0.92213,0.58522,0.45003
18.88,-0.90114,0.53337,0.46454
18.89,-0.87751,0.47747,0.47401
18.9,-0.85146,0.41835,0.4786
18.91,-0.82323,0.35689,0.47852
18.92,-0.79305,0.294,0.47404
18.93,-0.76118,0.2306,0.46549
18.94,-0.72785,0.16762,0.45322
18.95,-0.69334,0.10598,0.43764
18.96,-0.65786,0.046573,0.4192
18.97,-0.62167,-0.0097198,0.39833
18.98,-0.58497,-0.062076,0.37554
18.99,-0.548,-0.10972,0.3513
19,-0.51092,-0.15196,0.32611
19.01,-0.47393,-0.18815,0.30048
19.02,-0.43716,-0.21774,0.27487
19.03,-0.40076,-0.24029,0.24978
19.04,-0.36483,-0.25543,0.22564
19.05,-0.32945,-0.26292,0.20289
19.06,-0.2947,-0.26261,0.18193
19.07,-0.26059,-0.25446,0.16311
19.08,-0.22716,-0.23857,0.14677
19.09,-0.19438,-0.21511,0.13317
19.1,-0.16224,-0.1844,0.12256
19.11,-0.1307,-0.14684,0.11513
19.12,-0.099676,-0.10294,0.11103
19.13,-0.069112,-0.053309,0.11034
19.14,-0.038915,0.0013611,0.11312
19.15,-0.0089922,0.060296,0.11935
19.16,0.020758,0.12265,0.129
19.17,0.050438,0.18753,0.14196
19.18,0.080151,0.25397,0.15811
19.19,0.11,0.32101,0.17725
19.2,0.14007,0.38763,0.19918
19.21,0.17045,0.45282,0.22364
19.22,0.20121,0.51559,0.25035
19.23,0.23241,0.57495,0.279
19.24,0.2641,0.62994,0.30926
19.25,0.2963,0.67967,0.34078
19.26,0.32901,0.72329,0.37318
19.27,0.36223,0.76003,0.4061
19.28,0.39591,0.7892,0.43915
19.29,0.43001,0.81021,0.47194
19.3,0.46444,0.82257,0.50408
19.31,0.49911,0.82589,0.5352
19.32,0.5339,0.81991,0.56492
19.33,0.56867,0.80447,0.59288
19.34,0.60327,0.77956,0.61875
19.35,0.63753,0.74528,0.64218
19.36,0.67126,0.70186,0.66287
19.37,0.70429,0.64965,0.68054
19.38,0.7364,0.58912,0.69493
19.39,0.76739,0.52086,0.70581
19.4,0.79706,0.44555,0.71296
19.41,0.8252,0.364,0.71622
19.42,0.8516,0.27709,0.71543
19.43,0.87608,0.18578,0.71048
19.44,0.89845,0.091097,0.70128
19.45,0.91855,-0.0058689,0.68778
19.46,0.93622,-0.104,0.66996
19.47,0.95132,-0.20213,0.64781
19.48,0.96375,-0.29912,0.62139
19.49,0.97342,-0.39379,0.59076
19.5,0.98026,-0.48502,0.55603
19.51,0.98423,-0.5717,0.51731
19.52,0.98533,-0.65278,0.47477
19.53,0.98356,-0.72726,0.42859
19.54,0.97898,-0.79423,0.37899
19.55,0.97166,-0.85286,0.32621
19.56,0.96169,-0.90243,0.27049
19.57,0.9492,-0.94232,0.21215
19.58,0.93434,-0.97203,0.15147
19.59,0.91728,-0.9912,0.088804
19.6,0.8982,-0.99958,0.024486
19.61,0.87732,-0.99708,-0.041109
19.62,0.85485,-0.98372,-0.1076
19.63,0.83102,-0.95967,-0.17458
19.64,0.80606,-0.92525,-0.24165
19.65,0.78023,-0.88089,-0.30838
19.66,0.75375,-0.82717,-0.37434
19.67,0.72688,-0.76476,-0.43908
19.68,0.69983,-0.69447,-0.50219
19.69,0.67282,-0.6172,-0.5632
19.7,0.64607,-0.53395,-0.62168
19.71,0.61975,-0.44579,-0.67721
19.72,0.59403,-0.35384,-0.72934
19.73,0.56906,-0.25931,-0.77768
19.74,0.54496,-0.16341,-0.82181
19.75,0.5218,-0.067382,-0.86137
19.76,0.49967,0.027532,-0.89599
19.77,0.47858,0.1201,-0.92533
19.78,0.45855,0.20912,-0.94911
19.79,0.43953,0.29344,-0.96704
19.8,0.42148,0.37195,-0.9789
19.81,0.40429,0.44364,-0.98448
19.82,0.38786,0.50758,-0.98364
19.83,0.37205,0.56292,-0.97627
19.84,0.35668,0.60894,-0.96231
19.85,0.34158,0.64504,-0.94175
19.86,0.32653,0.67075,-0.91464
19.87,0.31132,0.68572,-0.88107
19.88,0.29573,0.68976,-0.84121
19.89,0.27951,0.6828,-0.79525
19.9,0.26243,0.66493,-0.74346
19.91,0.24425,0.63638,-0.68616
19.92,0.22476,0.59752,-0.62372
19.93,0.20374,0.54884,-0.55656
19.94,0.18098,0.49097,-0.48517
19.95,0.15631,0.42468,-0.41006
19.96,0.12957,0.35081,-0.33179
19.97,0.10064,0.27032,-0.25097
19.98,0.069427,0.18427,-0.16823
19.99,0.035864,0.093767,-0.084255
20,-6.8301e-05,-1.2312e-06,0.00027969
